Package,State,Blocker,IsTest
rp-pppoe-4.0-6.azl3.src.rpm,Built,,0
libkkc-data-0.2.7-18.azl3.src.rpm,Built,,0
scotch-6.1.2-3.azl3.src.rpm,Built,,0
mobile-broadband-provider-info-20240407-3.azl3.src.rpm,Built,,0
mythes-ru-0.20070613-24.azl3.src.rpm,Built,,0
perl-Const-Fast-0.014-21.azl3.src.rpm,Built,,0
python-smartypants-2.0.1-22.azl3.src.rpm,Built,,0
beust-jcommander-2.0-1.azl3.src.rpm,Built,,0
perl-Test-Differences-0.6700-5.azl3.src.rpm,Built,,0
hunspell-ar-3.5-12.azl3.src.rpm,Built,,0
perl-Test-Base-0.89-8.azl3.src.rpm,Built,,0
a52dec-0.7.4-38.azl3.src.rpm,Built,,0
iptstate-2.2.7-1.azl3.src.rpm,Built,,0
perl-ColorThemeUtil-ANSI-0.002-4.azl3.src.rpm,Built,,0
python-tempita-0.5.2-1.azl3.src.rpm,Built,,0
libmpcdec-1.2.6-26.azl3.src.rpm,Built,,0
hyphen-es-2.3-8.azl3.src.rpm,Built,,0
perl-Browser-Open-0.04-25.azl3.src.rpm,Built,,0
rubygem-deep_merge-1.2.1-2.azl3.src.rpm,Built,,0
perl-Ref-Util-XS-0.117-9.azl3.src.rpm,Built,,0
cfitsio-4.0.0-5.azl3.src.rpm,Built,,0
ocaml-calendar-3.0.0-14.azl3.src.rpm,Built,,0
perl-Unicode-EastAsianWidth-12.0-4.azl3.src.rpm,Built,,0
perl-Test-TrailingSpace-0.0302-4.azl3.src.rpm,Built,,0
python-lit-0.9.0-6.azl3.src.rpm,Built,,0
hunspell-or-1.0.0-15.azl3.src.rpm,Built,,0
apache-commons-daemon-1.2.3-3.azl3.src.rpm,Built,,0
perl-Encode-Detect-1.01-33.azl3.src.rpm,Built,,0
perl-IO-Multiplex-1.16-16.azl3.src.rpm,Built,,0
libraw1394-2.1.2-12.azl3.src.rpm,Built,,0
perl-Font-TTF-1.06-13.azl3.src.rpm,Built,,0
perl-Class-Accessor-0.51-9.azl3.src.rpm,Built,,0
hunspell-mn-0.20080709-21.azl3.src.rpm,Built,,0
libtommath-1.3.1~rc1-3.azl3.src.rpm,Built,,0
alsa-plugins-1.2.7.1-3.azl3.src.rpm,Built,,0
amtk-5.6.1-8.azl3.src.rpm,Built,,0
mythes-ga-0.20071001-24.azl3.src.rpm,Built,,0
portreserve-0.0.5-24.azl3.src.rpm,Built,,0
rubygem-rspec-mocks-3.12.1-1.azl3.src.rpm,Built,,0
hunspell-tet-0.20050108-23.azl3.src.rpm,Built,,0
man-pages-it-4.08-11.azl3.src.rpm,Built,,0
perl-LDAP-0.66-10.azl3.src.rpm,Built,,0
perl-Config-IniFiles-3.000003-15.azl3.src.rpm,Built,,0
perl-Perl-Critic-1.138-3.azl3.src.rpm,Built,,0
python-pyproject-api-1.6.1-6.azl3.src.rpm,Built,,0
perl-XML-LibXSLT-1.99-4.azl3.src.rpm,Built,,0
SDL_sound-1.0.3-32.azl3.src.rpm,Built,,0
subscription-manager-1.29.30-2.azl3.src.rpm,Built,,0
rtkit-0.11-24.azl3.src.rpm,Built,,0
pptp-1.10.0-10.azl3.src.rpm,Built,,0
libraqm-0.8.0-1.azl3.src.rpm,Built,,0
apache-commons-io-2.14.0-1.azl3.src.rpm,Built,,0
perl-File-MimeInfo-0.29-7.azl3.src.rpm,Built,,0
hyphen-hu-0.20090612-26.azl3.src.rpm,Built,,0
flite-2.2-1.azl3.src.rpm,Built,,0
vorbis-tools-1.4.2-6.azl3.src.rpm,Built,,0
rubygem-hocon-1.3.1-2.azl3.src.rpm,Built,,0
jsoncpp-1.9.2-3.azl3.src.rpm,Built,,0
libogg-1.3.4-4.azl3.src.rpm,Built,,0
clucene-2.3.3.4-40.azl3.src.rpm,Built,,0
libkkc-0.3.5-21.azl3.src.rpm,Built,,0
hunspell-nl-2.20.19-15.azl3.src.rpm,Built,,0
plotutils-2.6-25.azl3.src.rpm,Built,,0
iso-codes-4.4-3.azl3.src.rpm,Built,,0
hunspell-gu-1.0.0-15.azl3.src.rpm,Built,,0
dotconf-1.4.1-1.azl3.src.rpm,Built,,0
perl-YAML-LibYAML-0.81-3.azl3.src.rpm,Built,,0
yelp-xsl-42.1-6.azl3.src.rpm,Built,,0
hyphen-ro-3.3.6-18.azl3.src.rpm,Built,,0
hunspell-ny-0.01-19.azl3.src.rpm,Built,,0
openssl-ibmpkcs11-1.0.2-6.azl3.src.rpm,Built,,0
perl-Authen-SASL-2.1700-5.azl3.src.rpm,Built,,0
hyphen-hsb-0.20110620-17.azl3.src.rpm,Built,,0
opencl-headers-2.2-7.azl3.src.rpm,Built,,0
perl-Unicode-Map8-0.13-35.azl3.src.rpm,Built,,0
perl-File-BaseDir-0.08-9.azl3.src.rpm,Built,,0
python-hs-dbus-signature-0.06-8.azl3.src.rpm,Built,,0
virt-p2v-1.42.4-2.azl3.src.rpm,Built,,0
liblerc-4.0.0-3.azl3.src.rpm,Built,,0
cogl-1.22.8-7.azl3.src.rpm,Built,,0
procmail-3.24-8.azl3.src.rpm,Built,,0
perl-JSON-MaybeXS-1.004008-3.azl3.src.rpm,Built,,0
lrzsz-0.12.20-50.azl3.src.rpm,Built,,0
perl-IO-AIO-4.81-1.azl3.src.rpm,Built,,0
soxr-0.1.3-6.azl3.src.rpm,Built,,0
liblockfile-1.14-6.azl3.src.rpm,Built,,0
perl-Email-Address-1.912-7.azl3.src.rpm,Built,,0
mod_security_crs-3.0.0-11.azl3.src.rpm,Built,,0
libmediaart-1.9.6-1.azl3.src.rpm,Built,,0
libao-1.2.0-24.azl3.src.rpm,Built,,0
hunspell-ts-0.20110323.1-6.azl3.src.rpm,Built,,0
nss-pam-ldapd-0.9.10-5.azl3.src.rpm,Built,,0
xfsdump-3.1.12-6.azl3.src.rpm,Built,,0
lpsolve-5.5.2.0-26.azl3.src.rpm,Built,,0
perl-Test-Warn-0.37-1.azl3.src.rpm,Built,,0
babl-0.1.108-1.azl3.src.rpm,Built,,0
libpng15-1.5.30-15.azl3.src.rpm,Built,,0
libpfm-4.13.0-1.azl3.src.rpm,Built,,0
perl-Net-CIDR-Lite-0.22-2.azl3.src.rpm,Built,,0
m17n-lib-1.8.0-8.azl3.src.rpm,Built,,0
libdbi-0.9.0-16.azl3.src.rpm,Built,,0
isomd5sum-1.2.3-10.azl3.src.rpm,Built,,0
docbook-style-dsssl-1.79-31.azl3.src.rpm,Built,,0
hunspell-sv-2.28-13.azl3.src.rpm,Built,,0
s-nail-14.9.25-2.azl3.src.rpm,Built,,0
perl-B-Debug-1.26-425.azl3.src.rpm,Built,,0
hyphen-pl-0.20060726-22.azl3.src.rpm,Built,,0
filebench-1.4.9.1-14.azl3.src.rpm,Built,,0
ogdi-4.1.1-3.azl3.src.rpm,Built,,0
libtnc-1.25-26.azl3.src.rpm,Built,,0
perl-Compress-Raw-Lzma-2.213-1.azl3.src.rpm,Built,,0
mythes-mi-0.20080630-24.azl3.src.rpm,Built,,0
xz-java-1.8-5.azl3.src.rpm,Built,,0
logwatch-7.5.3-5.azl3.src.rpm,Built,,0
python-sphinxygen-1.0.2-7.azl3.src.rpm,Built,,0
lua-filesystem-1.6.3-13.azl3.src.rpm,Built,,0
librx-1.5-38.azl3.src.rpm,Built,,0
GeoIP-GeoLite-data-2018.06-12.azl3.src.rpm,Built,,0
geolite2-20191217-3.azl3.src.rpm,Built,,0
perl-Crypt-DES-2.07-21.azl3.src.rpm,Built,,0
python-s3transfer-0.3.4-2.azl3.src.rpm,Built,,0
hunspell-id-0.20040812-21.azl3.src.rpm,Built,,0
woff2-1.0.2-9.azl3.src.rpm,Built,,0
powertop-2.15-10.azl3.src.rpm,Built,,0
keybinder3-0.3.2-11.azl3.src.rpm,Built,,0
asio-1.31.0-1.azl3.src.rpm,Built,,0
python-toml-0.10.1-3.azl3.src.rpm,Built,,0
go-rpm-macros-3.6.0-1.azl3.src.rpm,Built,,0
docbook-slides-3.4.0-25.azl3.src.rpm,Built,,0
hunspell-yi-1.1-20.azl3.src.rpm,Built,,0
jdom2-2.0.6-29.azl3.src.rpm,Built,,0
unique3-3.0.2-22.azl3.src.rpm,Built,,0
perl-Devel-EnforceEncapsulation-0.51-18.azl3.src.rpm,Built,,0
cdparanoia-10.2-1.azl3.src.rpm,Built,,0
libusb1-1.0.27-4.azl3.src.rpm,Built,,0
botan2-2.14.0-2.azl3.src.rpm,Built,,0
ptlib-2.10.11-14.azl3.src.rpm,Built,,0
perl-Version-Requirements-0.101023-16.azl3.src.rpm,Built,,0
libodfgen-0.1.8-2.azl3.src.rpm,Built,,0
hunspell-haw-0.03-6.azl3.src.rpm,Built,,0
hyphen-pt-0.20021021-22.azl3.src.rpm,Built,,0
perl-Image-Xbm-1.10-13.azl3.src.rpm,Built,,0
libsecret-0.21.4-1.azl3.src.rpm,Built,,0
perl-Crypt-CBC-2.33-27.azl3.src.rpm,Built,,0
cscope-15.9-8.azl3.src.rpm,Built,,0
libxklavier-5.4-16.azl3.src.rpm,Built,,0
Judy-1.0.5-23.azl3.src.rpm,Built,,0
usb_modeswitch-data-20191128-3.azl3.src.rpm,Built,,0
perl-PAR-Dist-0.53-3.azl3.src.rpm,Built,,0
driverctl-0.111-2.azl3.src.rpm,Built,,0
libmusicbrainz5-5.1.0-15.azl3.src.rpm,Built,,0
perl-XML-Filter-BufferText-1.01-36.azl3.src.rpm,Built,,0
perl-Sub-Uplevel-0.2800-12.azl3.src.rpm,Built,,0
libblockdev-3.2.0-1.azl3.src.rpm,Built,,0
kyotocabinet-1.2.80-7.azl3.src.rpm,Built,,0
efax-0.9a-34.azl3.src.rpm,Built,,0
gsl-2.8-1.azl3.src.rpm,Built,,0
gconf-editor-3.0.1-20.azl3.src.rpm,Built,,0
libpmemobj-cpp-1.9-4.azl3.src.rpm,Built,,0
rcs-5.10.1-4.azl3.src.rpm,Built,,0
meanwhile-1.1.1-8.azl3.src.rpm,Built,,0
memkind-1.14.0-10.azl3.src.rpm,Built,,0
intel-cmt-cat-24.05-1.azl3.src.rpm,Built,,0
js-jquery-3.5.0-4.azl3.src.rpm,Built,,0
sblim-indication_helper-0.5.0-4.azl3.src.rpm,Built,,0
perl-Test-CPAN-Meta-0.25-21.azl3.src.rpm,Built,,0
perl-ExtUtils-PkgConfig-1.16-12.azl3.src.rpm,Built,,0
apache-commons-httpclient-3.1-14.azl3.src.rpm,Built,,0
libdvdnav-6.1.1-1.azl3.src.rpm,Built,,0
hyphen-kn-0.7.0-17.azl3.src.rpm,Built,,0
perl-Pod-Eventual-0.094001-17.azl3.src.rpm,Built,,0
jbigkit-2.1-20.azl3.src.rpm,Built,,0
perl-Unicode-UTF8-0.62-13.azl3.src.rpm,Built,,0
hunspell-vi-0.20120418-6.azl3.src.rpm,Built,,0
libftdi-1.5-2.azl3.src.rpm,Built,,0
mythes-de-0.20201226-2.azl3.src.rpm,Built,,0
netcf-0.2.8-16.azl3.src.rpm,Built,,0
perl-Graphics-ColorNamesLite-WWW-1.14.000-6.azl3.src.rpm,Built,,0
psl-make-dafsa-0.21.1-2.azl3.src.rpm,Built,,0
xorg-x11-utils-7.5-35.azl3.src.rpm,Built,,0
sblim-cmpi-nfsv4-1.1.0-24.azl3.src.rpm,Built,,0
hunspell-no-2.0.10-13.azl3.src.rpm,Built,,0
perl-XML-Catalog-1.03-18.azl3.src.rpm,Built,,0
man-pages-ko-20050219-39.azl3.src.rpm,Built,,0
base64coder-20101219-4.azl3.src.rpm,Built,,0
hunspell-ast-2.0-5.azl3.src.rpm,Built,,0
libcroco-0.6.13-6.azl3.src.rpm,Built,,0
wavpack-5.7.0-4.azl3.src.rpm,Built,,0
sblim-cmpi-syslog-0.9.0-20.azl3.src.rpm,Built,,0
python-mimeparse-1.6.0-13.azl3.src.rpm,Built,,0
web-assets-5-12.azl3.src.rpm,Built,,0
perl-Ref-Util-0.204-8.azl3.src.rpm,Built,,0
python-should_dsl-2.1.2-5.azl3.src.rpm,Built,,0
catch1-1.12.2-7.azl3.src.rpm,Built,,0
mecab-ipadic-2.7.0.20070801-21.azl3.src.rpm,Built,,0
perl-Text-Unidecode-1.30-12.azl3.src.rpm,Built,,0
neon-0.33.0-3.azl3.src.rpm,Built,,0
perl-SNMP_Session-1.16-6.azl3.src.rpm,Built,,0
perl-Text-Diff-1.45-9.azl3.src.rpm,Built,,0
hunspell-tpi-0.07-15.azl3.src.rpm,Built,,0
perl-File-Slurper-0.014-1.azl3.src.rpm,Built,,0
xterm-395-2.azl3.src.rpm,Built,,0
python-cups-2.0.1-2.azl3.src.rpm,Built,,0
hunspell-om-0.04-21.azl3.src.rpm,Built,,0
python-memcached-1.59-7.azl3.src.rpm,Built,,0
lcov-1.14-4.azl3.src.rpm,Built,,0
perl-Algorithm-Diff-1.2010-13.azl3.src.rpm,Built,,0
genwqe-tools-4.0.20-12.azl3.src.rpm,Built,,0
perl-Unicode-LineBreak-2019.001-7.azl3.src.rpm,Built,,0
mythes-el-0.20070412-26.azl3.src.rpm,Built,,0
alsa-firmware-1.2.4-8.azl3.src.rpm,Built,,0
hyphen-bg-4.3-18.azl3.src.rpm,Built,,0
python-ldap-3.4.4-1.azl3.src.rpm,Built,,0
jansi-2.4.0-1.azl3.src.rpm,Built,,0
maven-parent-41-7.azl3.src.rpm,Built,,0
iprutils-2.4.19-1.azl3.src.rpm,Built,,0
perl-Package-Stash-0.38-7.azl3.src.rpm,Built,,0
gssdp-1.6.3-1.azl3.src.rpm,Built,,0
jose-14-3.azl3.src.rpm,Built,,0
audiofile-0.3.6-27.azl3.src.rpm,Built,,0
hunspell-ml-0.1-23.azl3.src.rpm,Built,,0
units-2.23-4.azl3.src.rpm,Built,,0
libavc1394-0.5.4-13.azl3.src.rpm,Built,,0
perl-Test-Simple-1.302204-2.azl3.src.rpm,Built,,0
perl-EV-4.33-8.azl3.src.rpm,Built,,0
gpm-1.20.7-24.azl3.src.rpm,Built,,0
ocaml-xml-light-2.5-13.azl3.src.rpm,Built,,0
hdf-4.3.0-1.azl3.src.rpm,Built,,0
irssi-1.4.5-1.azl3.src.rpm,Built,,0
perl-Test-FailWarnings-0.008-20.azl3.src.rpm,Built,,0
imaptest-20210511-1.azl3.src.rpm,Built,,0
jfsutils-1.1.15-18.azl3.src.rpm,Built,,0
hyphen-sa-0.20110915-19.azl3.src.rpm,Built,,0
perl-Term-UI-0.50-1.azl3.src.rpm,Built,,0
bats-1.11.0-1.azl3.src.rpm,Built,,0
perl-Path-Tiny-0.112-2.azl3.src.rpm,Built,,0
sblim-sfcb-1.4.9-20.azl3.src.rpm,Built,,0
python-pymongo-4.2.0-9.azl3.src.rpm,Built,,0
gnome-icon-theme-3.12.0-16.azl3.src.rpm,Built,,0
osinfo-db-20240701-3.azl3.src.rpm,Built,,0
hyphen-it-5.1.1-7.azl3.src.rpm,Built,,0
perl-Variable-Magic-0.62-10.azl3.src.rpm,Built,,0
python-into-dbus-python-0.8.2-8.azl3.src.rpm,Built,,0
libdvdread-6.1.3-1.azl3.src.rpm,Built,,0
perl-Class-Singleton-1.6-13.azl3.src.rpm,Built,,0
kernel-lpg-innovate-6.6.89.2-1001.azl3.src.rpm,Built,,0
libnumbertext-1.0.5-5.azl3.src.rpm,Built,,0
perl-XML-Generator-1.04-25.azl3.src.rpm,Built,,0
ocaml-curses-1.0.11-11.azl3.src.rpm,Built,,0
ghc-srpm-macros-1.5.0-3.azl3.src.rpm,Built,,0
libkeepalive-0.3-13.azl3.src.rpm,Built,,0
perl-File-Remove-1.61-1.azl3.src.rpm,Built,,0
python-podman-api-0.0.0-3.azl3.src.rpm,Built,,0
perl-Module-Signature-0.89-1.azl3.src.rpm,Built,,0
perl-Net-SMTP-SSL-1.04-12.azl3.src.rpm,Built,,0
libplist-2.6.0-1.azl3.src.rpm,Built,,0
python3-mallard-ducktype-1.0.2-6.azl3.src.rpm,Built,,0
lftp-4.9.2-2.azl3.src.rpm,Built,,0
hunspell-fr-6.2-6.azl3.src.rpm,Built,,0
perl-Parse-RecDescent-1.967015-11.azl3.src.rpm,Built,,0
minicom-2.9-4.azl3.src.rpm,Built,,0
perl-GSSAPI-0.28-31.azl3.src.rpm,Built,,0
perl-Text-Soundex-3.05-16.azl3.src.rpm,Built,,0
sombok-2.4.0-12.azl3.src.rpm,Built,,0
python-curio-1.6^1.1484546-1.azl3.src.rpm,Built,,0
python-argcomplete-1.10.0-7.azl3.src.rpm,Built,,0
man-pages-pl-0.7-11.azl3.src.rpm,Built,,0
mythes-pl-1.5-26.azl3.src.rpm,Built,,0
hyphen-ga-0.20040220-21.azl3.src.rpm,Built,,0
hunspell-hy-0.20.0-18.azl3.src.rpm,Built,,0
python-rpmfluff-0.6.5-4.azl3.src.rpm,Built,,0
perl-Newt-1.08-56.azl3.src.rpm,Built,,0
python-justbases-0.15.2-10.azl3.src.rpm,Built,,0
perl-Unix-Syslog-1.1-36.azl3.src.rpm,Built,,0
hyphen-mn-0.20100531-18.azl3.src.rpm,Built,,0
jline-2.14.6-1.azl3.src.rpm,Built,,0
hunspell-sr-0.20130330-15.azl3.src.rpm,Built,,0
vhostmd-1.1-3.azl3.src.rpm,Built,,0
libgeotiff-1.7.3-4.azl3.src.rpm,Built,,0
perl-Package-Stash-XS-0.29-7.azl3.src.rpm,Built,,0
python-recommonmark-0.6.0-5.azl3.src.rpm,Built,,0
perl-FreezeThaw-0.5001-30.azl3.src.rpm,Built,,0
python-IPy-1.01-13.azl3.src.rpm,Built,,0
libtomcrypt-1.18.2-9.azl3.src.rpm,Built,,0
netpbm-10.90.00-6.azl3.src.rpm,Built,,0
perl-Test-utf8-1.02-3.azl3.src.rpm,Built,,0
python-itsdangerous-0.24-21.azl3.src.rpm,Built,,0
perl-Image-Info-1.42-4.azl3.src.rpm,Built,,0
perl-Test-Inter-1.11-3.azl3.src.rpm,Built,,0
perl-namespace-clean-0.27-15.azl3.src.rpm,Built,,0
hyphen-mr-0.7.0-17.azl3.src.rpm,Built,,0
libmodman-2.0.1-23.azl3.src.rpm,Built,,0
rusers-0.17-96.azl3.src.rpm,Built,,0
libcmis-0.6.2-1.azl3.src.rpm,Built,,0
mythes-ne-1.1-20.azl3.src.rpm,Built,,0
mythes-pt-0.20060817-24.azl3.src.rpm,Built,,0
perl-Mozilla-LDAP-1.5.3-33.azl3.src.rpm,Built,,0
liboggz-1.1.1-20.azl3.src.rpm,Built,,0
hunspell-mk-0.20051126-22.azl3.src.rpm,Built,,0
glassfish-annotation-api-1.3.2-4.azl3.src.rpm,Built,,0
perl-Tie-IxHash-1.23-22.azl3.src.rpm,Built,,0
perl-Module-Manifest-1.09-10.azl3.src.rpm,Built,,0
perl-Mozilla-CA-20240730-2.azl3.src.rpm,Built,,0
sip-4.19.25-13.azl3.src.rpm,Built,,0
nload-0.7.4-18.azl3.src.rpm,Built,,0
dropwatch-1.5.4-1.azl3.src.rpm,Built,,0
PEGTL-3.2.8-1.azl3.src.rpm,Built,,0
ipcalc-1.0.3-1.azl3.src.rpm,Built,,0
libutempter-1.2.1-16.azl3.src.rpm,Built,,0
biosdevname-0.7.3-7.azl3.src.rpm,Built,,0
python-openstackdocstheme-3.0.0-9.azl3.src.rpm,Built,,0
perl-Task-Weaken-1.06-8.azl3.src.rpm,Built,,0
skkdic-20240131-3.azl3.src.rpm,Built,,0
rubygem-rouge-3.26.0-3.azl3.src.rpm,Built,,0
python-funcsigs-1.0.2-20.azl3.src.rpm,Built,,0
python-monotonic-1.5-7.azl3.src.rpm,Built,,0
perl-Pod-Spell-1.20-15.azl3.src.rpm,Built,,0
python-dbus-signature-pyparsing-0.4.1-10.azl3.src.rpm,Built,,0
rubygem-mongo-2.17.0-1.azl3.src.rpm,Built,,0
libdazzle-3.44.0-1.azl3.src.rpm,Built,,0
perl-DateTime-Format-ISO8601-0.08-24.azl3.src.rpm,Built,,0
perl-AnyEvent-7.17-3.azl3.src.rpm,Built,,0
perl-Package-DeprecationManager-0.17-12.azl3.src.rpm,Built,,0
objenesis-3.3-1.azl3.src.rpm,Built,,0
python-testpath-0.6.0-19.azl3.src.rpm,Built,,0
hunspell-es-2.3-8.azl3.src.rpm,Built,,0
libstemmer-0-15.azl3.src.rpm,Built,,0
python-iso8601-0.1.12-2.azl3.src.rpm,Built,,0
perl-MIME-Charset-1.013.1-1.azl3.src.rpm,Built,,0
python-dulwich-0.21.7-6.azl3.src.rpm,Built,,0
librabbitmq-0.14.0-1.azl3.src.rpm,Built,,0
hunspell-ne-20080425-22.azl3.src.rpm,Built,,0
python-dtopt-0.1-36.azl3.src.rpm,Built,,0
perl-Module-Package-0.30-24.azl3.src.rpm,Built,,0
wsmancli-2.6.0-13.azl3.src.rpm,Built,,0
rdma-core-55.0-1.azl3.src.rpm,Built,,0
libsamplerate-0.2.2-4.azl3.src.rpm,Built,,0
apache-commons-collections-3.2.2-7.azl3.src.rpm,Built,,0
pyparted-3.13.0-8.azl3.src.rpm,Built,,0
wvdial-1.61-25.azl3.src.rpm,Built,,0
perl-Test-CPAN-Meta-JSON-0.16-17.azl3.src.rpm,Built,,0
libicns-0.8.1-20.azl3.src.rpm,Built,,0
hyphen-mi-0.20080630-23.azl3.src.rpm,Built,,0
python-kmod-0.9.2-7.azl3.src.rpm,Built,,0
bcache-tools-1.1-3.azl3.src.rpm,Built,,0
perl-XString-0.005-15.azl3.src.rpm,Built,,0
perl-XML-Handler-YAWriter-0.23-37.azl3.src.rpm,Built,,0
media-player-info-23-7.azl3.src.rpm,Built,,0
servletapi5-5.0.18-290.azl3.src.rpm,Built,,0
hping3-0.0.20051105-41.azl3.src.rpm,Built,,0
ocaml-fpath-0.7.3-3.azl3.src.rpm,Built,,0
umoci-0.4.7-13.azl3.src.rpm,Built,,0
xhtml1-dtds-1.0-20020804.azl3.src.rpm,Built,,0
libgovirt-0.3.9-3.azl3.src.rpm,Built,,0
sblim-cmpi-base-1.6.4-17.azl3.src.rpm,Built,,0
python-cmd2-0.9.16-4.azl3.src.rpm,Built,,0
sblim-cmpi-params-1.3.0-24.azl3.src.rpm,Built,,0
perl-Devel-Size-0.84-1.azl3.src.rpm,Built,,0
ocaml-markup-1.0.3-18.azl3.src.rpm,Built,,0
perl-Scope-Upper-0.34-8.azl3.src.rpm,Built,,0
hyphen-2.8.8-14.azl3.src.rpm,Built,,0
hunspell-grc-2.1.5-21.azl3.src.rpm,Built,,0
nodejs-packaging-25-2.azl3.src.rpm,Built,,0
mythes-da-0.20100629.15.16-20.azl3.src.rpm,Built,,0
libwpd-0.10.3-6.azl3.src.rpm,Built,,0
glog-0.3.5-16.azl3.src.rpm,Built,,0
hunspell-si-0.2.1-21.azl3.src.rpm,Built,,0
ladspa-1.13-25.azl3.src.rpm,Built,,0
raptor2-2.0.15-29.azl3.src.rpm,Built,,0
wordnet-3.0-43.azl3.src.rpm,Built,,0
mod_authnz_pam-1.2.1-2.azl3.src.rpm,Built,,0
libwvstreams-4.6.1-34.azl3.src.rpm,Built,,0
rubygem-thread_order-1.1.1-5.azl3.src.rpm,Built,,0
cri-o-1.30.1-1.azl3.src.rpm,Built,,0
perl-Digest-BubbleBabble-0.02-29.azl3.src.rpm,Built,,0
perl-Spiffy-0.46-17.azl3.src.rpm,Built,,0
indent-2.2.13-1.azl3.src.rpm,Built,,0
liboauth-1.0.3-15.azl3.src.rpm,Built,,0
perl-Locale-PO-0.27-16.azl3.src.rpm,Built,,0
python-winrm-0.4.1-6.azl3.src.rpm,Built,,0
mod_lookup_identity-1.0.0-12.azl3.src.rpm,Built,,0
perl-Specio-0.46-2.azl3.src.rpm,Built,,0
perl-Mail-IMAPTalk-4.06-5.azl3.src.rpm,Built,,0
pps-tools-1.0.3-10.azl3.src.rpm,Built,,0
perl-Parallel-Iterator-1.002-7.azl3.src.rpm,Built,,0
fabtests-1.18.0-1.azl3.src.rpm,Built,,0
libid3tag-0.16.3-7.azl3.src.rpm,Built,,0
perl-Convert-Bencode-1.03-33.azl3.src.rpm,Built,,0
perl-Devel-CallChecker-0.008-10.azl3.src.rpm,Built,,0
oddjob-0.34.6-2.azl3.src.rpm,Built,,0
mailx-12.5-36.azl3.src.rpm,Built,,0
libdeflate-1.22-1.azl3.src.rpm,Built,,0
proj-9.2.1-1.azl3.src.rpm,Built,,0
hunspell-ve-0.20091030-19.azl3.src.rpm,Built,,0
python-gssapi-1.6.1-6.azl3.src.rpm,Built,,0
hunspell-xh-0.20091030-19.azl3.src.rpm,Built,,0
perl-gettext-1.07-17.azl3.src.rpm,Built,,0
perl-Mail-SPF-2.9.0-23.azl3.src.rpm,Built,,0
sox-14.4.2.0-34.azl3.src.rpm,Built,,0
perl-PerlIO-gzip-0.20-12.azl3.src.rpm,Built,,0
perl-XML-TreeBuilder-5.4-18.azl3.src.rpm,Built,,0
libucil-0.9.10-23.azl3.src.rpm,Built,,0
hyphen-bn-0.7.0-17.azl3.src.rpm,Built,,0
python-sniffio-1.3.1-4.azl3.src.rpm,Built,,0
perl-Params-Classify-0.015-10.azl3.src.rpm,Built,,0
perl-YAML-PP-0.031-2.azl3.src.rpm,Built,,0
perl-Class-Factory-Util-1.7-34.azl3.src.rpm,Built,,0
yelp-tools-3.32.2-5.azl3.src.rpm,Built,,0
ps_mem-3.14-9.azl3.src.rpm,Built,,0
perl-libxml-perl-0.08-40.azl3.src.rpm,Built,,0
opendnssec-2.1.7-5.azl3.src.rpm,Built,,0
perl-File-Slurp-9999.32-1.azl3.src.rpm,Built,,0
perl-boolean-0.46-17.azl3.src.rpm,Built,,0
libgexiv2-0.14.2-1.azl3.src.rpm,Built,,0
perl-Convert-ASN1-0.34-5.azl3.src.rpm,Built,,0
foomatic-db-4.0-71.azl3.src.rpm,Built,,0
libverto-0.3.2-10.azl3.src.rpm,Built,,0
python-isort-5.13.2-6.azl3.src.rpm,Built,,0
python-dbus-client-gen-0.5.1-9.azl3.src.rpm,Built,,0
hunspell-hr-0.20040608-23.azl3.src.rpm,Built,,0
tofrodos-1.7.13-16.azl3.src.rpm,Built,,0
unicode-emoji-13.0-2.azl3.src.rpm,Built,,0
python-genshi-0.7.5-4.azl3.src.rpm,Built,,0
openoffice-lv-1.4.0-10.azl3.src.rpm,Built,,0
sblim-sfcCommon-1.0.1-16.azl3.src.rpm,Built,,0
perl-Readonly-2.05-12.azl3.src.rpm,Built,,0
python-pytest-timeout-1.4.2-4.azl3.src.rpm,Built,,0
gavl-1.4.0-21.azl3.src.rpm,Built,,0
cachefilesd-0.10.10-9.azl3.src.rpm,Built,,0
glm-1.0.1-3.azl3.src.rpm,Built,,0
rarian-0.8.1-25.azl3.src.rpm,Built,,0
fuse-sshfs-3.7.3-1.azl3.src.rpm,Built,,0
cpptest-1.1.2-20.azl3.src.rpm,Built,,0
pinfo-0.6.10-26.azl3.src.rpm,Built,,0
watchdog-5.15-8.azl3.src.rpm,Built,,0
hunspell-hi-1.0.0-15.azl3.src.rpm,Built,,0
rubygem-puppet-resource_api-1.8.14-2.azl3.src.rpm,Built,,0
python-betamax-0.8.1-12.azl3.src.rpm,Built,,0
libldb-2.7.2-1.azl3.src.rpm,Built,,0
libart_lgpl-2.3.21-24.azl3.src.rpm,Built,,0
python-varlink-30.3.0-2.azl3.src.rpm,Built,,0
Xaw3d-1.6.6-1.azl3.src.rpm,Built,,0
lua-lunitx-0.8.1-12.azl3.src.rpm,Built,,0
hunspell-nr-0.20091030-19.azl3.src.rpm,Built,,0
gssntlmssp-1.3.1-1.azl3.src.rpm,Built,,0
python-rtslib-2.1.fb69-9.azl3.src.rpm,Built,,0
perl-namespace-autoclean-0.29-3.azl3.src.rpm,Built,,0
perl-Pod-Coverage-TrustPod-0.100005-9.azl3.src.rpm,Built,,0
perl-ColorThemeBase-Static-0.009-1.azl3.src.rpm,Built,,0
hunspell-pa-1.0.0-15.azl3.src.rpm,Built,,0
perl-Image-Xpm-1.13-12.azl3.src.rpm,Built,,0
hunspell-af-0.20080825-21.azl3.src.rpm,Built,,0
perl-Socket6-0.29-6.azl3.src.rpm,Built,,0
perl-IO-Socket-INET6-2.72-19.azl3.src.rpm,Built,,0
bea-stax-1.2.0-40.azl3.src.rpm,Built,,0
lzip-1.21-3.azl3.src.rpm,Built,,0
perl-AnyEvent-BDB-1.1-38.azl3.src.rpm,Built,,0
hyphen-as-0.7.0-17.azl3.src.rpm,Built,,0
perl-XML-RegExp-0.04-21.azl3.src.rpm,Built,,0
perl-Net-Patricia-1.22-25.azl3.src.rpm,Built,,0
nkf-2.1.4-18.azl3.src.rpm,Built,,0
stress-ng-0.18.02-2.azl3.src.rpm,Built,,0
perl-Mixin-Linewise-0.108-17.azl3.src.rpm,Built,,0
libsass-3.6.6-1.azl3.src.rpm,Built,,0
cmake-fedora-2.9.3-1.azl3.src.rpm,Built,,0
perl-Config-INI-Reader-Multiline-1.001-9.azl3.src.rpm,Built,,0
libvpx-1.13.1-1.azl3.src.rpm,Built,,0
ORBit2-2.14.19-30.azl3.src.rpm,Built,,0
libstaroffice-0.0.7-2.azl3.src.rpm,Built,,0
xalan-j2-2.7.2-11.azl3.src.rpm,Built,,0
xapian-core-1.4.26-2.azl3.src.rpm,Built,,0
hunspell-nds-0.1-20.azl3.src.rpm,Built,,0
hyphen-fr-3.0-6.azl3.src.rpm,Built,,0
ocaml-extlib-1.7.9-1.azl3.src.rpm,Built,,0
perl-Test-ClassAPI-1.07-11.azl3.src.rpm,Built,,0
hunspell-th-0.20061212-22.azl3.src.rpm,Built,,0
minizip-ng-4.0.7-2.azl3.src.rpm,Built,,0
accountsservice-23.13.9-1.azl3.src.rpm,Built,,0
tclx-8.4.0-37.azl3.src.rpm,Built,,0
perl-Class-Inspector-1.36-3.azl3.src.rpm,Built,,0
perl-File-Copy-Recursive-0.45-3.azl3.src.rpm,Built,,0
realmd-0.17.1-1.azl3.src.rpm,Built,,0
perl-Text-WrapI18N-0.06-37.azl3.src.rpm,Built,,0
google-api-python-client-2.140.0-1.azl3.src.rpm,Built,,0
gspell-1.8.4-2.azl3.src.rpm,Built,,0
python-pytest-relaxed-2.0.2-4.azl3.src.rpm,Built,,0
openslp-2.0.0-26.azl3.src.rpm,Built,,0
hunspell-tk-0.02-18.azl3.src.rpm,Built,,0
perl-Event-1.27-6.azl3.src.rpm,Built,,0
hunspell-be-1.1-20.azl3.src.rpm,Built,,0
enchant-1.6.0-27.azl3.src.rpm,Built,,0
sblim-cmpi-devel-2.0.3-21.azl3.src.rpm,Built,,0
python-fluidity-sm-0.2.0-21.azl3.src.rpm,Built,,0
rubygem-maruku-0.7.3-1.azl3.src.rpm,Built,,0
opencl-filesystem-1.0-13.azl3.src.rpm,Built,,0
shapelib-1.5.0-3.azl3.src.rpm,Built,,0
mythes-eo-0.20180330-5.azl3.src.rpm,Built,,0
kde-filesystem-5-5.azl3.src.rpm,Built,,0
perl-Cpanel-JSON-XS-4.27-2.azl3.src.rpm,Built,,0
python-PyMySQL-1.1.1-3.azl3.src.rpm,Built,,0
hunspell-bg-4.3-19.azl3.src.rpm,Built,,0
mythes-hu-0.20101019-20.azl3.src.rpm,Built,,0
dvd+rw-tools-7.1-33.azl3.src.rpm,Built,,0
perl-Object-HashBase-0.013-3.azl3.src.rpm,Built,,0
mythes-ca-1.5.0-21.azl3.src.rpm,Built,,0
rubygem-coderay-1.1.3-1.azl3.src.rpm,Built,,0
hunspell-eu-0.20080507-20.azl3.src.rpm,Built,,0
perl-Razor-Agent-2.86-13.azl3.src.rpm,Built,,0
hunspell-mi-0.20080630-21.azl3.src.rpm,Built,,0
libgee06-0.6.8-17.azl3.src.rpm,Built,,0
quagga-1.2.4-15.azl3.src.rpm,Built,,0
apache-commons-digester-2.1-5.azl3.src.rpm,Built,,0
gi-docgen-2024.1-4.azl3.src.rpm,Built,,0
perl-AnyEvent-AIO-1.1-35.azl3.src.rpm,Built,,0
clutter-gst3-3.0.27-15.azl3.src.rpm,Built,,0
perl-MRO-Compat-0.15-11.azl3.src.rpm,Built,,0
perl-UNIVERSAL-isa-1.20171012-9.azl3.src.rpm,Built,,0
perl-IO-All-0.87-11.azl3.src.rpm,Built,,0
libibcommon-1.2.0-21.azl3.src.rpm,Built,,0
libofa-0.9.3-42.azl3.src.rpm,Built,,0
rubygem-eventmachine-1.2.7-2.azl3.src.rpm,Built,,0
dumpet-2.1-21.azl3.src.rpm,Built,,0
libpng12-1.2.57-16.azl3.src.rpm,Built,,0
python-qrcode-7.4.2-16.azl3.src.rpm,Built,,0
lame-3.100-9.azl3.src.rpm,Built,,0
ppp-2.4.7-36.azl3.src.rpm,Built,,0
perl-Mojolicious-8.57-3.azl3.src.rpm,Built,,0
nodejs-nodemon-2.0.3-5.azl3.src.rpm,Built,,0
python-voluptuous-0.15.2-2.azl3.src.rpm,Built,,0
python-slip-0.6.4-21.azl3.src.rpm,Built,,0
jzlib-1.1.3-6.azl3.src.rpm,Built,,0
cairomm-1.12.0-15.azl3.src.rpm,Built,,0
python-trio-0.16.0-3.azl3.src.rpm,Built,,0
hunspell-ca-2.3-16.azl3.src.rpm,Built,,0
custodia-0.6.0-13.azl3.src.rpm,Built,,0
mcelog-175-12.azl3.src.rpm,Built,,0
polkit-pkla-compat-0.1-17.azl3.src.rpm,Built,,0
perl-Term-Size-Perl-0.031-8.azl3.src.rpm,Built,,0
perl-IPC-System-Simple-1.30-2.azl3.src.rpm,Built,,0
libiptcdata-1.0.5-6.azl3.src.rpm,Built,,0
python-msrestazure-0.6.4-11.azl3.src.rpm,Built,,0
usb_modeswitch-2.6.0-2.azl3.src.rpm,Built,,0
python-humanize-4.11.0-1.azl3.src.rpm,Built,,0
spausedd-20210719-10.azl3.src.rpm,Built,,0
lua-json-1.3.4-9.azl3.src.rpm,Built,,0
pngnq-1.1-23.azl3.src.rpm,Built,,0
perl-Class-C3-XS-0.15-17.azl3.src.rpm,Built,,0
python-lazy-object-proxy-1.10.0-6.azl3.src.rpm,Built,,0
perl-XML-Parser-Lite-0.722-6.azl3.src.rpm,Built,,0
edac-utils-0.18-1.azl3.src.rpm,Built,,0
libjaylink-0.3.0-7.azl3.src.rpm,Built,,0
perl-Getopt-ArgvFile-1.11-32.azl3.src.rpm,Built,,0
rubygem-diff-lcs-1.5.0-1.azl3.src.rpm,Built,,0
perl-PPIx-QuoteLike-0.008-3.azl3.src.rpm,Built,,0
plexus-pom-16-5.azl3.src.rpm,Built,,0
hunspell-fy-3.0.0-6.azl3.src.rpm,Built,,0
perl-Module-Install-GithubMeta-0.30-17.azl3.src.rpm,Built,,0
libvorbis-1.3.7-1.azl3.src.rpm,Built,,0
perl-YAML-Syck-1.34-1.azl3.src.rpm,Built,,0
hunspell-uz-0.6-21.azl3.src.rpm,Built,,0
adobe-mappings-pdf-20230118-1.azl3.src.rpm,Built,,0
python-dmidecode-3.12.3-10.azl3.src.rpm,Built,,0
cglib-3.2.4-3.azl3.src.rpm,Built,,0
hunspell-ln-0.02-19.azl3.src.rpm,Built,,0
libgphoto2-2.5.31-1.azl3.src.rpm,Built,,0
perl-XML-Twig-3.52-13.azl3.src.rpm,Built,,0
perl-IO-CaptureOutput-1.1105-3.azl3.src.rpm,Built,,0
hunspell-km-1.82-6.azl3.src.rpm,Built,,0
perl-Config-AutoConf-0.320-1.azl3.src.rpm,Built,,0
xmlrpc-c-1.54.06-2.azl3.src.rpm,Built,,0
perl-Data-Peek-0.52-9.azl3.src.rpm,Built,,0
jsch-0.1.55-3.azl3.src.rpm,Built,,0
perl-Test-MockObject-1.20200122-3.azl3.src.rpm,Built,,0
perl-Test-Exit-0.11-9.azl3.src.rpm,Built,,0
perl-Test-Exception-0.43-14.azl3.src.rpm,Built,,0
deltarpm-3.6.5-2.azl3.src.rpm,Built,,0
gom-0.5.3-1.azl3.src.rpm,Built,,0
jabberpy-0.5-2.azl3.src.rpm,Built,,0
icon-naming-utils-0.8.90-23.azl3.src.rpm,Built,,0
screen-4.9.1-1.azl3.src.rpm,Built,,0
mdds-2.1.1-6.azl3.src.rpm,Built,,0
perl-Business-ISBN-3.005-3.azl3.src.rpm,Built,,0
sblim-cmpi-sysfs-1.2.0-24.azl3.src.rpm,Built,,0
star-1.6-4.azl3.src.rpm,Built,,0
ykclient-2.15-11.azl3.src.rpm,Built,,0
perl-Lingua-EN-Inflect-1.905-1.azl3.src.rpm,Built,,0
python-azure-sdk-5.0.0-2.azl3.src.rpm,Built,,0
perl-Module-Install-TestBase-0.86-18.azl3.src.rpm,Built,,0
fakechroot-2.20.1-4.azl3.src.rpm,Built,,0
sblim-wbemcli-1.6.3-18.azl3.src.rpm,Built,,0
python-semantic_version-2.10.0-1.azl3.src.rpm,Built,,0
xerces-j2-2.12.0-6.azl3.src.rpm,Built,,0
hunspell-mai-1.0.1-20.azl3.src.rpm,Built,,0
perl-Net-DNS-Resolver-Programmable-0.009-10.azl3.src.rpm,Built,,0
hyphen-nl-0.20050617-23.azl3.src.rpm,Built,,0
hunspell-so-1.0.2-18.azl3.src.rpm,Built,,0
telnet-0.17-81.azl3.src.rpm,Built,,0
libtranslit-0.0.3-27.azl3.src.rpm,Built,,0
opal-3.10.11-13.azl3.src.rpm,Built,,0
rubygem-flexmock-3.0.1-2.azl3.src.rpm,Built,,0
fftw-3.3.10-4.azl3.src.rpm,Built,,0
perl-Data-UUID-1.227-4.azl3.src.rpm,Built,,0
libexttextcat-3.4.6-1.azl3.src.rpm,Built,,0
hunspell-ta-1.0.0-15.azl3.src.rpm,Built,,0
docbook2X-0.8.8-36.azl3.src.rpm,Built,,0
openrdate-1.2-23.azl3.src.rpm,Built,,0
mtx-1.3.12-23.azl3.src.rpm,Built,,0
hunspell-hu-1.6.1-18.azl3.src.rpm,Built,,0
chan-0.0.4-3.azl3.src.rpm,Built,,0
hunspell-fur-0.20050912-21.azl3.src.rpm,Built,,0
perl-File-Find-Object-0.3.5-3.azl3.src.rpm,Built,,0
perl-IO-Compress-Lzma-2.101-5.azl3.src.rpm,Built,,0
hyphen-pa-0.7.0-17.azl3.src.rpm,Built,,0
perl-Syntax-Highlight-Engine-Kate-0.14-10.azl3.src.rpm,Built,,0
perl-Test-MockRandom-1.01-12.azl3.src.rpm,Built,,0
perl-XML-XPathEngine-0.14-18.azl3.src.rpm,Built,,0
hyphen-fa-0.20130404-14.azl3.src.rpm,Built,,0
perl-Test2-Tools-Explain-0.02-5.azl3.src.rpm,Built,,0
libglade2-2.6.4-24.azl3.src.rpm,Built,,0
libqb-2.0.8-1.azl3.src.rpm,Built,,0
perl-inc-latest-0.500-18.azl3.src.rpm,Built,,0
perl-prefork-1.05-6.azl3.src.rpm,Built,,0
puppet-7.34.0-1.azl3.src.rpm,Built,,0
perl-PPI-1.270-4.azl3.src.rpm,Built,,0
spice-vdagent-0.22.1-1.azl3.src.rpm,Built,,0
hyphen-hi-0.7.0-17.azl3.src.rpm,Built,,0
perl-CSS-Tiny-1.20-13.azl3.src.rpm,Built,,0
slirp4netns-1.3.1-2.azl3.src.rpm,Built,,0
gtkspell-2.0.16-23.azl3.src.rpm,Built,,0
vino-3.22.0-20.azl3.src.rpm,Built,,0
tlog-14-3.azl3.src.rpm,Built,,0
perl-String-Format-1.18-8.azl3.src.rpm,Built,,0
perl-Image-Base-1.17-17.azl3.src.rpm,Built,,0
mythes-sk-0.20130130-16.azl3.src.rpm,Built,,0
graphite2-1.3.14-3.azl3.src.rpm,Built,,0
python-argparse-manpage-1.5-4.azl3.src.rpm,Built,,0
cpp-hocon-0.3.0-16.azl3.src.rpm,Built,,0
perl-File-Find-Object-Rule-0.0312-3.azl3.src.rpm,Built,,0
perl-DateTime-Format-Mail-0.403-13.azl3.src.rpm,Built,,0
hyphen-ml-0.7.0-17.azl3.src.rpm,Built,,0
mythes-nl-0.20130131-14.azl3.src.rpm,Built,,0
flashrom-1.4.0-2.azl3.src.rpm,Built,,0
libgee-0.20.6-1.azl3.src.rpm,Built,,0
perl-LWP-Protocol-https-6.10-2.azl3.src.rpm,Built,,0
python-astroid-3.3.8-2.azl3.src.rpm,Built,,0
perl-Net-IMAP-Simple-SSL-1.3-29.azl3.src.rpm,Built,,0
perl-Class-C3-0.34-10.azl3.src.rpm,Built,,0
rhash-1.4.4-3.azl3.src.rpm,Built,,0
libcdio-2.1.0-14.azl3.src.rpm,Built,,0
perl-XML-SAX-Writer-0.57-9.azl3.src.rpm,Built,,0
python-isodate-0.6.0-6.azl3.src.rpm,Built,,0
xdelta-3.1.0-11.azl3.src.rpm,Built,,0
perl-IPC-Run3-0.049-1.azl3.src.rpm,Built,,0
zopfli-1.0.3-7.azl3.src.rpm,Built,,0
python-msal-1.18.0~b1-3.azl3.src.rpm,Built,,0
phodav-3.0-6.azl3.src.rpm,Built,,0
libotf-0.9.13-16.azl3.src.rpm,Built,,0
console-setup-1.194-3.azl3.src.rpm,Built,,0
GConf2-3.2.6-31.azl3.src.rpm,Built,,0
webrtc-audio-processing-0.3.1-5.azl3.src.rpm,Built,,0
python-urwid-2.6.14-1.azl3.src.rpm,Built,,0
libdap-3.21.0.27-1.azl3.src.rpm,Built,,0
mecab-0.996-3.azl3.src.rpm,Built,,0
papi-5.7.0-5.azl3.src.rpm,Built,,0
rubygem-mysql2-0.5.4-1.azl3.src.rpm,Built,,0
libwps-0.4.11-2.azl3.src.rpm,Built,,0
uriparser-0.9.8-3.azl3.src.rpm,Built,,0
hunspell-da-1.7.42-14.azl3.src.rpm,Built,,0
hunspell-ia-0.20050226-21.azl3.src.rpm,Built,,0
perl-Date-ISO8601-0.005-9.azl3.src.rpm,Built,,0
python-pytest-subtests-0.12.1-4.azl3.src.rpm,Built,,0
whois-5.5.15-1.azl3.src.rpm,Built,,0
yq-4.45.1-1.azl3.src.rpm,Built,,0
gnu-getopt-1.0.14-3.azl3.src.rpm,Built,,0
perl-XML-Dumper-0.81-37.azl3.src.rpm,Built,,0
sbc-2.0-6.azl3.src.rpm,Built,,0
xorg-x11-server-1.20.10-6.azl3.src.rpm,Built,,0
soundtouch-2.3.3-2.azl3.src.rpm,Built,,0
openobex-1.7.2-12.azl3.src.rpm,Built,,0
libipt-2.1.1-1.azl3.src.rpm,Built,,0
python-pytest-runner-4.0-13.azl3.src.rpm,Built,,0
marisa-0.2.6-12.azl3.src.rpm,Built,,0
rubygem-rspec-expectations-3.12.0-1.azl3.src.rpm,Built,,0
hunspell-ky-0.20090415-21.azl3.src.rpm,Built,,0
hyphen-is-0.20030920-24.azl3.src.rpm,Built,,0
liboping-1.10.0-14.azl3.src.rpm,Built,,0
python-CommonMark-0.9.1-3.azl3.src.rpm,Built,,0
perl-Taint-Runtime-0.03-39.azl3.src.rpm,Built,,0
t1utils-1.42-2.azl3.src.rpm,Built,,0
perl-DateTime-1.52-3.azl3.src.rpm,Built,,0
colorize-0.3.4-22.azl3.src.rpm,Built,,0
perl-Coro-6.570-5.azl3.src.rpm,Built,,0
perl-DynaLoader-Functions-0.003-9.azl3.src.rpm,Built,,0
perl-Locale-Maketext-Gettext-1.30-3.azl3.src.rpm,Built,,0
hyphen-te-0.7.0-17.azl3.src.rpm,Built,,0
hunspell-et-0.20030606-24.azl3.src.rpm,Built,,0
OpenEXR-2.3.0-6.azl3.src.rpm,Built,,0
perl-MailTools-2.21-5.azl3.src.rpm,Built,,0
perl-Digest-CRC-0.22.2-12.azl3.src.rpm,Built,,0
graphene-1.10.8-1.azl3.src.rpm,Built,,0
python-requests-toolbelt-1.0.0-8.azl3.src.rpm,Built,,0
passim-0.1.8-3.azl3.src.rpm,Built,,0
python-justbytes-0.15.2-8.azl3.src.rpm,Built,,0
libbsd-0.12.2-1.azl3.src.rpm,Built,,0
perl-DateTime-Format-IBeat-0.161-37.azl3.src.rpm,Built,,0
perl-Alien-pkgconf-0.20-1.azl3.src.rpm,Built,,0
hunspell-fj-1.2-20.azl3.src.rpm,Built,,0
libcmpiutil-0.5.7-20.azl3.src.rpm,Built,,0
perl-CBOR-XS-1.86-2.azl3.src.rpm,Built,,0
hunspell-sk-0.20110228-18.azl3.src.rpm,Built,,0
vmem-1.8-2.azl3.src.rpm,Built,,0
apache-commons-beanutils-1.9.4-5.azl3.src.rpm,Built,,0
lv2-1.18.8-3.azl3.src.rpm,Built,,0
perl-Test-HasVersion-0.014-14.azl3.src.rpm,Built,,0
xrestop-0.6-5.azl3.src.rpm,Built,,0
perl-Email-Date-Format-1.005-16.azl3.src.rpm,Built,,0
v4l-utils-1.22.1-2.azl3.src.rpm,Built,,0
tcl-pgtcl-2.1.1-12.azl3.src.rpm,Built,,0
python-soupsieve-2.6-3.azl3.src.rpm,Built,,0
hunspell-as-1.0.3-22.azl3.src.rpm,Built,,0
hunspell-shs-0.20090828-18.azl3.src.rpm,Built,,0
libuninameslist-20230916-5.azl3.src.rpm,Built,,0
iio-sensor-proxy-3.0-5.azl3.src.rpm,Built,,0
perl-Scope-Guard-0.21-14.azl3.src.rpm,Built,,0
perl-XML-TokeParser-0.05-32.azl3.src.rpm,Built,,0
perl-XML-Writer-0.625-17.azl3.src.rpm,Built,,0
mod_fcgid-2.3.9-21.azl3.src.rpm,Built,,0
fstrm-0.6.1-1.azl3.src.rpm,Built,,0
hunspell-quh-0.20110816-18.azl3.src.rpm,Built,,0
sblim-testsuite-1.3.0-23.azl3.src.rpm,Built,,0
ucx-1.18.0-2.azl3.src.rpm,Built,,0
omping-0.0.4-21.azl3.src.rpm,Built,,0
libdc1394-2.2.7-1.azl3.src.rpm,Built,,0
libcdio-paranoia-10.2+2.0.1-1.azl3.src.rpm,Built,,0
hunspell-mg-0.20050109-23.azl3.src.rpm,Built,,0
perl-DateTime-Format-Builder-0.8200-6.azl3.src.rpm,Built,,0
gupnp-av-0.12.11-4.azl3.src.rpm,Built,,0
perl-PPIx-Utilities-1.001000-37.azl3.src.rpm,Built,,0
hyphen-tk-0.20210322-6.azl3.src.rpm,Built,,0
python-entrypoints-0.3-6.azl3.src.rpm,Built,,0
libqxp-0.0.2-7.azl3.src.rpm,Built,,0
perl-File-ShareDir-1.116-8.azl3.src.rpm,Built,,0
bolt-0.9.8-1.azl3.src.rpm,Built,,0
mythes-uk-1.6.5-19.azl3.src.rpm,Built,,0
hunspell-ht-0.06-18.azl3.src.rpm,Built,,0
PyGreSQL-5.2.2-3.azl3.src.rpm,Built,,0
hunspell-br-0.15-7.azl3.src.rpm,Built,,0
qperf-0.4.9-18.azl3.src.rpm,Built,,0
spice-protocol-0.14.3-2.azl3.src.rpm,Built,,0
mythes-fr-2.3-16.azl3.src.rpm,Built,,0
perl-JSON-Color-0.133-3.azl3.src.rpm,Built,,0
python-requests-kerberos-0.14.0-6.azl3.src.rpm,Built,,0
libteam-1.32-10.azl3.src.rpm,Built,,0
exempi-2.6.5-1.azl3.src.rpm,Built,,0
pyserial-3.5-11.azl3.src.rpm,Built,,0
rubygem-sys-filesystem-1.4.3-6.azl3.src.rpm,Built,,0
icc-profiles-openicc-1.3.1-19.azl3.src.rpm,Built,,0
perl-Text-CSV_XS-1.60-1.azl3.src.rpm,Built,,0
perl-Perl4-CoreLibs-0.004-11.azl3.src.rpm,Built,,0
python-systemd-234-13.azl3.src.rpm,Built,,0
sdparm-1.12-9.azl3.src.rpm,Built,,0
perl-Date-Manip-6.95-3.azl3.src.rpm,Built,,0
perl-Encode-EUCJPASCII-0.03-30.azl3.src.rpm,Built,,0
perl-Config-Tiny-2.30-1.azl3.src.rpm,Built,,0
python-colorama-0.4.6-10.azl3.src.rpm,Built,,0
perl-AppConfig-1.71-18.azl3.src.rpm,Built,,0
perl-File-ShareDir-Install-0.14-1.azl3.src.rpm,Built,,0
libeot-0.01-14.azl3.src.rpm,Built,,0
liboil-0.3.16-22.azl3.src.rpm,Built,,0
capstone-4.0.2-4.azl3.src.rpm,Built,,0
uglify-js-3.19.3-11.azl3.src.rpm,Built,,0
hunspell-ro-3.3.7-17.azl3.src.rpm,Built,,0
rubygem-thor-1.2.1-1.azl3.src.rpm,Built,,0
python-sphinxcontrib-jquery-4.1-10.azl3.src.rpm,Built,,0
ilmbase-2.3.0-5.azl3.src.rpm,Built,,0
libzmf-0.0.2-13.azl3.src.rpm,Built,,0
opencryptoki-3.24.0-3.azl3.src.rpm,Built,,0
python-uritemplate-4.1.1-11.azl3.src.rpm,Built,,0
perl-Test-Object-0.08-9.azl3.src.rpm,Built,,0
perl-Net-IP-1.26-32.azl3.src.rpm,Built,,0
perl-Module-Install-AutoLicense-0.10-12.azl3.src.rpm,Built,,0
aspell-en-2019.10.06-4.azl3.src.rpm,Built,,0
perl-Test-File-1.99.3-8.azl3.src.rpm,Built,,0
hunspell-pl-0.20180707-6.azl3.src.rpm,Built,,0
perl-PPI-HTML-1.08-24.azl3.src.rpm,Built,,0
perl-Business-ISBN-Data-20240930.001-2.azl3.src.rpm,Built,,0
libopenraw-0.1.3-8.azl3.src.rpm,Built,,0
perl-Net-DNS-1.21-4.azl3.src.rpm,Built,,0
perl-Test-Portability-Files-0.10-7.azl3.src.rpm,Built,,0
mallard-rng-1.1.0-4.azl3.src.rpm,Built,,0
libmikmod-3.3.11.1-14.azl3.src.rpm,Built,,0
python-d2to1-0.2.12-18.azl3.src.rpm,Built,,0
perl-Package-Constants-0.06-17.azl3.src.rpm,Built,,0
orc-0.4.39-2.azl3.src.rpm,Built,,0
udica-0.2.8-1.azl3.src.rpm,Built,,0
python-faker-4.0.0-3.azl3.src.rpm,Built,,0
perl-DateTime-TimeZone-2.39-2.azl3.src.rpm,Built,,0
m17n-db-1.8.0-10.azl3.src.rpm,Built,,0
certmonger-0.79.20-1.azl3.src.rpm,Built,,0
perl-Class-Load-XS-0.10-12.azl3.src.rpm,Built,,0
perl-FCGI-0.79-4.azl3.src.rpm,Built,,0
dmraid-1.0.0.rc16-46.azl3.src.rpm,Built,,0
python-flake8-3.7.7-9.azl3.src.rpm,Built,,0
ecj-4.12-5.azl3.src.rpm,Built,,0
perl-DateTime-Locale-1.25-4.azl3.src.rpm,Built,,0
libwpe-1.15.2-2.azl3.src.rpm,Built,,0
python-flaky-3.8.1-4.azl3.src.rpm,Built,,0
libetonyek-0.1.9-7.azl3.src.rpm,Built,,0
python-dns-2.1.0-1.azl3.src.rpm,Built,,0
physfs-3.0.2-4.azl3.src.rpm,Built,,0
perl-GD-Barcode-1.15-34.azl3.src.rpm,Built,,0
perl-Sub-Info-0.002-12.azl3.src.rpm,Built,,0
jsoup-1.11.3-4.azl3.src.rpm,Built,,0
capnproto-1.0.1-4.azl3.src.rpm,Built,,0
man-pages-es-1.55-34.azl3.src.rpm,Built,,0
perl-File-TreeCreate-0.0.1-11.azl3.src.rpm,Built,,0
perl-File-Inplace-0.20-26.azl3.src.rpm,Built,,0
kernel-rt-6.6.77.1-1.azl3.src.rpm,Built,,0
tk-8.6.13-4.azl3.src.rpm,Built,,0
libsmbios-2.4.3-1.azl3.src.rpm,Built,,0
lockdev-1.0.4-3.azl3.src.rpm,Built,,0
apache-commons-validator-1.5.0-1.azl3.src.rpm,Built,,0
optipng-0.7.8-5.azl3.src.rpm,Built,,0
perl-Module-Install-ManifestSkip-0.24-17.azl3.src.rpm,Built,,0
pywbem-0.17.6-12.azl3.src.rpm,Built,,0
libomxil-bellagio-0.9.3-29.azl3.src.rpm,Built,,0
mrtg-2.17.7-6.azl3.src.rpm,Built,,0
hunspell-tl-0.20050109-22.azl3.src.rpm,Built,,0
hyphen-ia-0.20050628-20.azl3.src.rpm,Built,,0
netcdf-4.9.0-4.azl3.src.rpm,Built,,0
diffstat-1.66-3.azl3.src.rpm,Built,,0
389-ds-base-3.1.1-4.azl3.src.rpm,Built,,0
osinfo-db-tools-1.12.0-1.azl3.src.rpm,Built,,0
mythes-es-2.3-7.azl3.src.rpm,Built,,0
virt-who-0.24.2-4.azl3.src.rpm,Built,,0
CharLS-2.4.2-1.azl3.src.rpm,Built,,0
perl-PPIx-Regexp-0.069-2.azl3.src.rpm,Built,,0
libthai-0.1.29-10.azl3.src.rpm,Built,,0
recode-3.7.14-7.azl3.src.rpm,Built,,0
setserial-2.17-52.azl3.src.rpm,Built,,0
langtable-0.0.53-2.azl3.src.rpm,Built,,0
perl-Paper-Specs-0.10-23.azl3.src.rpm,Built,,0
hyphen-sk-0.20031227-23.azl3.src.rpm,Built,,0
libnet-1.2-2.azl3.src.rpm,Built,,0
ocl-icd-2.2.13-2.azl3.src.rpm,Built,,0
gnome-doc-utils-0.20.10-24.azl3.src.rpm,Built,,0
hunspell-sw-0.20050819-22.azl3.src.rpm,Built,,0
hunspell-is-0.20090823-19.azl3.src.rpm,Built,,0
hyphen-el-0.20051018-22.azl3.src.rpm,Built,,0
device-mapper-persistent-data-0.8.5-6.azl3.src.rpm,Built,,0
perl-B-Hooks-EndOfScope-0.28-3.azl3.src.rpm,Built,,0
hunspell-ms-0.20050117-22.azl3.src.rpm,Built,,0
perl-Mail-AuthenticationResults-1.20200108-3.azl3.src.rpm,Built,,0
perl-Module-Build-Tiny-0.051-1.azl3.src.rpm,Built,,0
dpkg-1.20.10-1.azl3.src.rpm,Built,,0
libchewing-0.5.1-18.azl3.src.rpm,Built,,0
ypserv-4.2-12.azl3.src.rpm,Built,,0
perl-MIME-Lite-3.031-3.azl3.src.rpm,Built,,0
hunspell-cv-1.06-6.azl3.src.rpm,Built,,0
python-requests-file-2.0.0-5.azl3.src.rpm,Built,,0
perl-Perl-MinimumVersion-1.38-25.azl3.src.rpm,Built,,0
perl-Test-DistManifest-1.014-17.azl3.src.rpm,Built,,0
perl-Text-Iconv-1.7-39.azl3.src.rpm,Built,,0
hunspell-mr-1.0.0-15.azl3.src.rpm,Built,,0
perl-Color-ANSI-Util-0.165-1.azl3.src.rpm,Built,,0
perl-Tree-DAG_Node-1.32-1.azl3.src.rpm,Built,,0
fltk-1.3.8-1.azl3.src.rpm,Built,,0
apache-commons-codec-1.15-2.azl3.src.rpm,Built,,0
libEMF-1.0.13-2.azl3.src.rpm,Built,,0
numatop-2.4-3.azl3.src.rpm,Built,,0
microcode_ctl-2.1-41.azl3.src.rpm,Built,,0
perl-Color-RGB-Util-0.606-3.azl3.src.rpm,Built,,0
libxmlb-0.3.21-2.azl3.src.rpm,Built,,0
perl-XML-DOM-1.46-11.azl3.src.rpm,Built,,0
psutils-1.23-20.azl3.src.rpm,Built,,0
openjade-1.3.2-64.azl3.src.rpm,Built,,0
iftop-1.0-1.azl3.src.rpm,Built,,0
libgxps-0.3.2-1.azl3.src.rpm,Built,,0
perl-Crypt-PasswdMD5-1.4.0-19.azl3.src.rpm,Built,,0
libmtp-1.1.18-2.azl3.src.rpm,Built,,0
luksmeta-9-8.azl3.src.rpm,Built,,0
rubygem-rspec-support-3.12.0-1.azl3.src.rpm,Built,,0
splix-2.0.1-3.azl3.src.rpm,Built,,0
perl-Encode-IMAPUTF7-1.05-18.azl3.src.rpm,Built,,0
convmv-2.05-7.azl3.src.rpm,Built,,0
libcdr-0.1.7-1.azl3.src.rpm,Built,,0
qr-code-generator-1.5.0-4.azl3.src.rpm,Built,,0
docbook5-style-xsl-1.79.2-11.azl3.src.rpm,Built,,0
paps-0.6.8-46.azl3.src.rpm,Built,,0
perl-ExtUtils-Config-0.008-19.azl3.src.rpm,Built,,0
python-paramiko-2.12.0-2.azl3.src.rpm,Built,,0
docbook-simple-1.1-25.azl3.src.rpm,Built,,0
leatherman-1.12.6-4.azl3.src.rpm,Built,,0
perl-Pod-Markdown-3.400-1.azl3.src.rpm,Built,,0
perl-File-BOM-0.16-5.azl3.src.rpm,Built,,0
potrace-1.16-3.azl3.src.rpm,Built,,0
python-ddt-1.4.2-6.azl3.src.rpm,Built,,0
perl-Log-Message-0.08-22.azl3.src.rpm,Built,,0
perl-Error-0.17029-4.azl3.src.rpm,Built,,0
perl-IO-SessionData-1.03-18.azl3.src.rpm,Built,,0
blosc-1.21.6-1.azl3.src.rpm,Built,,0
cpuid-20200427-2.azl3.src.rpm,Built,,0
jimtcl-0.83-3.azl3.src.rpm,Built,,0
hunspell-eo-0.20100218-6.azl3.src.rpm,Built,,0
python-suds-1.1.2-11.azl3.src.rpm,Built,,0
perl-Test-Distribution-2.00-34.azl3.src.rpm,Built,,0
perl-Class-Tiny-1.008-1.azl3.src.rpm,Built,,0
hunspell-te-1.0.0-15.azl3.src.rpm,Built,,0
sblim-cmpi-nfsv3-1.1.1-23.azl3.src.rpm,Built,,0
liblqr-1-0.4.3-1.azl3.src.rpm,Built,,0
GeoIP-1.6.12-8.azl3.src.rpm,Built,,0
hyphen-ru-0.20020727-22.azl3.src.rpm,Built,,0
perl-Module-Package-Au-2-18.azl3.src.rpm,Built,,0
dcraw-9.28.0-10.azl3.src.rpm,Built,,0
t1lib-5.1.2-29.azl3.src.rpm,Built,,0
libwnck3-43.1-2.azl3.src.rpm,Built,,0
facter-4.2.13-1.azl3.src.rpm,Built,,0
hyphen-ca-1.5-5.azl3.src.rpm,Built,,0
perl-Net-SNMP-6.0.1-27.azl3.src.rpm,Built,,0
jarjar-1.4-6.azl3.src.rpm,Built,,0
liblangtag-0.6.3-3.azl3.src.rpm,Built,,0
amtterm-1.6-10.azl3.src.rpm,Built,,0
libecb-9.30-2.azl3.src.rpm,Built,,0
libvisio-0.1.7-4.azl3.src.rpm,Built,,0
python-inotify-0.9.6-21.azl3.src.rpm,Built,,0
python-yubico-1.3.3-9.azl3.src.rpm,Built,,0
xfconf-4.18.3-4.azl3.src.rpm,Built,,0
perl-Devel-Leak-0.03-43.azl3.src.rpm,Built,,0
hyphen-grc-0.20110913-18.azl3.src.rpm,Built,,0
gdal-3.6.3-2.azl3.src.rpm,Built,,0
perl-DateTime-Format-HTTP-0.42-16.azl3.src.rpm,Built,,0
libspiro-20240903-1.azl3.src.rpm,Built,,0
libdbusmenu-16.04.0-18.azl3.src.rpm,Built,,0
umockdev-0.18.4-2.azl3.src.rpm,Built,,0
smc-tools-1.8.4-1.azl3.src.rpm,Built,,0
drpm-0.5.2-1.azl3.src.rpm,Built,,0
libkml-1.3.0-41.azl3.src.rpm,Built,,0
libwpg-0.3.3-9.azl3.src.rpm,Built,,0
mod_auth_gssapi-1.6.1-9.azl3.src.rpm,Built,,0
rpmlint-1.11-8.azl3.src.rpm,Built,,0
perl-Crypt-IDEA-1.10-18.azl3.src.rpm,Built,,0
python-breathe-4.35.0-13.azl3.src.rpm,Built,,0
perl-Data-Section-0.200007-10.azl3.src.rpm,Built,,0
python-ntlm-auth-1.5.0-6.azl3.src.rpm,Built,,0
jlex-1.2.6-286.azl3.src.rpm,Built,,0
hunspell-lb-0.20121128-14.azl3.src.rpm,Built,,0
hunspell-kk-1.1-19.azl3.src.rpm,Built,,0
hunspell-fo-0.4.2-13.azl3.src.rpm,Built,,0
mod_http2-2.0.29-3.azl3.src.rpm,Built,,0
python-productmd-1.30-2.azl3.src.rpm,Built,,0
perl-Readonly-XS-1.05-37.azl3.src.rpm,Built,,0
libcli-1.10.7-1.azl3.src.rpm,Built,,0
rubygem-bson-4.15.0-1.azl3.src.rpm,Built,,0
perl-Perl-Critic-More-1.003-18.azl3.src.rpm,Built,,0
perl-Eval-Closure-0.14-12.azl3.src.rpm,Built,,0
libsigc++20-2.12.1-1.azl3.src.rpm,Built,,0
libgsf-1.14.47-2.azl3.src.rpm,Built,,0
pakchois-0.4-23.azl3.src.rpm,Built,,0
mythes-1.2.4-14.azl3.src.rpm,Built,,0
gstreamer1-1.20.0-2.azl3.src.rpm,Built,,0
perl-B-Keywords-1.27-3.azl3.src.rpm,Built,,0
bwidget-1.9.7-15.azl3.src.rpm,Built,,0
perl-ColorThemeRole-ANSI-0.001-6.azl3.src.rpm,Built,,0
perl-Net-Daemon-0.49-14.azl3.src.rpm,Built,,0
libabw-0.1.3-3.azl3.src.rpm,Built,,0
python-rdflib-7.0.0-6.azl3.src.rpm,Built,,0
hunspell-hil-0.14-20.azl3.src.rpm,Built,,0
python-whoosh-2.7.4-21.azl3.src.rpm,Built,,0
perl-Test-RequiresInternet-0.05-17.azl3.src.rpm,Built,,0
sgpio-1.2.0.10-28.azl3.src.rpm,Built,,0
perl-Config-Simple-4.59-34.azl3.src.rpm,Built,,0
perl-Module-Install-AuthorRequires-0.02-23.azl3.src.rpm,Built,,0
perl-Log-Message-Simple-0.10-309.azl3.src.rpm,Built,,0
perl-Number-Compare-0.03-26.azl3.src.rpm,Built,,0
clutter-1.26.4-10.azl3.src.rpm,Built,,0
clutter-gtk-1.8.4-15.azl3.src.rpm,Built,,0
docbook-utils-0.6.14-50.azl3.src.rpm,Built,,0
hyphen-or-0.7.0-18.azl3.src.rpm,Built,,0
mythes-ro-3.3-19.azl3.src.rpm,Built,,0
hunspell-mt-0.20110414-6.azl3.src.rpm,Built,,0
hunspell-smj-1.0-1.azl3.src.rpm,Built,,0
hunspell-gv-0.20040505-22.azl3.src.rpm,Built,,0
delve-1.5.0-16.azl3.src.rpm,Built,,0
freexl-2.0.0-1.azl3.src.rpm,Built,,0
libntlm-1.6-1.azl3.src.rpm,Built,,0
perl-Crypt-OpenSSL-Guess-0.15-9.azl3.src.rpm,Built,,0
libXScrnSaver-1.2.4-5.azl3.src.rpm,Built,,0
advancecomp-2.6-1.azl3.src.rpm,Built,,0
acpid-2.0.34-1.azl3.src.rpm,Built,,0
perl-Crypt-OpenSSL-Random-0.17-3.azl3.src.rpm,Built,,0
perl-Exception-Class-1.44-9.azl3.src.rpm,Built,,0
libtevent-0.14.1-1.azl3.src.rpm,Built,,0
python-pytoml-0.1.18-9.azl3.src.rpm,Built,,0
perl-Module-Install-ReadmeMarkdownFromPod-0.04-11.azl3.src.rpm,Built,,0
rhnlib-2.8.6-10.azl3.src.rpm,Built,,0
sassist-0.8.5-5.azl3.src.rpm,Built,,0
libdmx-1.1.5-1.azl3.src.rpm,Built,,0
perl-DBD-MySQL-4.050-7.azl3.src.rpm,Built,,0
sblim-cim-client2-2.2.5-16.azl3.src.rpm,Built,,0
mythes-cs-0.20070926-24.azl3.src.rpm,Built,,0
perl-Pod-POM-2.01-16.azl3.src.rpm,Built,,0
hunspell-bn-1.0.0-15.azl3.src.rpm,Built,,0
perl-Object-Deadly-0.09-35.azl3.src.rpm,Built,,0
opencc-1.1.1-3.azl3.src.rpm,Built,,0
libindicator-12.10.1-24.azl3.src.rpm,Built,,0
LibRaw-0.21.3-1.azl3.src.rpm,Built,,0
unicode-ucd-13.0.0-2.azl3.src.rpm,Built,,0
os-prober-1.81-9.azl3.src.rpm,Built,,0
fuse-overlayfs-1.14-1.azl3.src.rpm,Built,,0
python-typogrify-2.0.7-22.azl3.src.rpm,Built,,0
libvdpau-1.4-33.azl3.src.rpm,Built,,0
adcli-0.9.2-2.azl3.src.rpm,Built,,0
ocaml-libvirt-0.6.1.7-13.azl3.src.rpm,Built,,0
hunspell-sq-1.6.4-17.azl3.src.rpm,Built,,0
libvisual-0.4.0-30.azl3.src.rpm,Built,,0
cgdcbxd-1.0.2-12.azl3.src.rpm,Built,,0
cdrdao-1.2.4-11.azl3.src.rpm,Built,,0
ocaml-zarith-1.14-3.azl3.src.rpm,Built,,0
rear-2.4-7.azl3.src.rpm,Built,,0
perl-Test-NoTabs-2.02-9.azl3.src.rpm,Built,,0
libmodulemd1-1.8.16-4.azl3.src.rpm,Built,,0
boom-boot-1.2-2.azl3.src.rpm,Built,,0
hunspell-ko-0.7.0-9.azl3.src.rpm,Built,,0
pacrunner-0.16-3.azl3.src.rpm,Built,,0
perl-TermReadKey-2.38-7.azl3.src.rpm,Built,,0
perl-Switch-2.17-17.azl3.src.rpm,Built,,0
mod_intercept_form_submit-1.1.0-12.azl3.src.rpm,Built,,0
ripgrep-13.0.0-7.azl3.src.rpm,Built,,0
ustr-1.0.4-31.azl3.src.rpm,Built,,0
babeltrace-1.5.11-1.azl3.src.rpm,Built,,0
pykickstart-3.36-2.azl3.src.rpm,Built,,0
hunspell-se-1.0-1.azl3.src.rpm,Built,,0
uthash-2.3.0-9.azl3.src.rpm,Built,,0
perl-Math-Int64-0.57-4.azl3.src.rpm,Built,,0
pyxattr-0.7.2-15.azl3.src.rpm,Built,,0
perl-Sys-MemInfo-0.99-13.azl3.src.rpm,Built,,0
perl-Text-Glob-0.11-11.azl3.src.rpm,Built,,0
libasyncns-0.8-19.azl3.src.rpm,Built,,0
hunspell-az-0.20040827-23.azl3.src.rpm,Built,,0
perl-Importer-0.026-1.azl3.src.rpm,Built,,0
hunspell-pt-0.20130125-15.azl3.src.rpm,Built,,0
python-pydbus-0.6.0-13.azl3.src.rpm,Built,,0
arptables-0.0.5-3.azl3.src.rpm,Built,,0
perl-Net-DNS-Resolver-Mock-1.20200215-3.azl3.src.rpm,Built,,0
hunspell-cop-0.3-18.azl3.src.rpm,Built,,0
hunspell-de-0.20161207-6.azl3.src.rpm,Built,,0
hyphen-uk-0.20030903-21.azl3.src.rpm,Built,,0
libesmtp-1.0.6-21.azl3.src.rpm,Built,,0
lua-term-0.07-11.azl3.src.rpm,Built,,0
mariadb-connector-odbc-3.1.11-3.azl3.src.rpm,Built,,0
dogtail-0.9.11-8.azl3.src.rpm,Built,,0
perl-BSD-Resource-1.291.100-12.azl3.src.rpm,Built,,0
perl-Locale-Codes-3.66-4.azl3.src.rpm,Built,,0
ioping-1.3-1.azl3.src.rpm,Built,,0
tn5250-0.17.6-4.azl3.src.rpm,Built,,0
python-augeas-1.1.0-15.azl3.src.rpm,Built,,0
perl-NNTPClient-0.37-12.azl3.src.rpm,Built,,0
perl-Unicode-String-2.10-14.azl3.src.rpm,Built,,0
sparsehash-2.0.3-3.azl3.src.rpm,Built,,0
libmad-0.16.4-1.azl3.src.rpm,Built,,0
scl-utils-2.0.3-5.azl3.src.rpm,Built,,0
perl-File-DesktopEntry-0.22-15.azl3.src.rpm,Built,,0
python-aiohttp-3.6.2-3.azl3.src.rpm,Built,,0
pulseaudio-16.1-2.azl3.src.rpm,Built,,0
libcanberra-0.30-24.azl3.src.rpm,Built,,0
python-dbus-python-client-gen-0.8.3-8.azl3.src.rpm,Built,,0
mythes-sv-1.3-18.azl3.src.rpm,Built,,0
regexp-1.5-24.azl3.src.rpm,Built,,0
xorg-x11-drv-libinput-0.30.0-7.azl3.src.rpm,Built,,0
perl-Compress-LZF-3.8-21.azl3.src.rpm,Built,,0
hunspell-tn-0.20150904-6.azl3.src.rpm,Built,,0
perl-Module-Install-ReadmeFromPod-0.30-13.azl3.src.rpm,Built,,0
libosinfo-1.10.0-2.azl3.src.rpm,Built,,0
liblouis-3.31.0-1.azl3.src.rpm,Built,,0
libepubgen-0.1.1-6.azl3.src.rpm,Built,,0
python-beautifulsoup4-4.12.3-8.azl3.src.rpm,Built,,0
hunspell-csb-0.20050311-22.azl3.src.rpm,Built,,0
perl-Return-MultiLevel-0.05-10.azl3.src.rpm,Built,,0
hyphen-lt-0.20100531-18.azl3.src.rpm,Built,,0
lksctp-tools-1.0.19-10.azl3.src.rpm,Built,,0
perl-Coro-Multicore-1.07-3.azl3.src.rpm,Built,,0
teckit-2.5.12-4.azl3.src.rpm,Built,,0
hyphen-sl-0.20070127-21.azl3.src.rpm,Built,,0
hyphen-da-0.20070903-22.azl3.src.rpm,Built,,0
librevenge-0.0.5-1.azl3.src.rpm,Built,,0
hyphen-de-0.20060120-24.azl3.src.rpm,Built,,0
pcp-6.3.2-1.azl3.src.rpm,Built,,0
tss2-2.3.2-2.azl3.src.rpm,Built,,0
container-exception-logger-1.0.3-7.azl3.src.rpm,Built,,0
arpwatch-2.1a15-51.azl3.src.rpm,Built,,0
hiera-3.12.0-1.azl3.src.rpm,Built,,0
fros-1.1-23.azl3.src.rpm,Built,,0
libIDL-0.8.14-23.azl3.src.rpm,Built,,0
samba-4.18.3-1.azl3.src.rpm,Built,,0
python-sphinx-epytext-0.0.4-3.azl3.src.rpm,Built,,0
perl-ExtUtils-Helpers-0.026-14.azl3.src.rpm,Built,,0
libgadu-1.12.2-11.azl3.src.rpm,Built,,0
hyphen-id-0.20040812-21.azl3.src.rpm,Built,,0
perl-Class-Data-Inheritable-0.09-10.azl3.src.rpm,Built,,0
mythes-sl-0.20130130-16.azl3.src.rpm,Built,,0
perl-Config-INI-0.025-16.azl3.src.rpm,Built,,0
pyatspi-2.46.1-1.azl3.src.rpm,Built,,0
hunspell-ru-0.99g5-19.azl3.src.rpm,Built,,0
perl-Test-MinimumVersion-0.101082-15.azl3.src.rpm,Built,,0
python-pyrsistent-0.17.3-3.azl3.src.rpm,Built,,0
relaxngDatatype-2011.1-6.azl3.src.rpm,Built,,0
python-simpleline-1.6-4.azl3.src.rpm,Built,,0
perl-Crypt-OpenSSL-Bignum-0.09-10.azl3.src.rpm,Built,,0
python-oauth2client-4.1.3-17.azl3.src.rpm,Built,,0
hunspell-uk-1.8.0-6.azl3.src.rpm,Built,,0
mosh-1.4.0-7.azl3.src.rpm,Built,,0
python-requests_ntlm-1.1.0-18.azl3.src.rpm,Built,,0
perl-Sys-CPU-0.61-22.azl3.src.rpm,Built,,0
fwupd-efi-1.6-2.azl3.src.rpm,Built,,0
speexdsp-1.2.1-8.azl3.src.rpm,Built,,0
libsrtp-2.3.0-3.azl3.src.rpm,Built,,0
glew-2.2.0-1.azl3.src.rpm,Built,,0
zenity-3.44.1-2.azl3.src.rpm,Built,,0
perl-Test-EOL-2.02-13.azl3.src.rpm,Built,,0
hunspell-rw-0.20050109-21.azl3.src.rpm,Built,,0
hunspell-cy-0.20040425-23.azl3.src.rpm,Built,,0
keycloak-httpd-client-install-1.1-6.azl3.src.rpm,Built,,0
perl-Archive-Extract-0.88-13.azl3.src.rpm,Built,,0
perl-File-chdir-0.1011-12.azl3.src.rpm,Built,,0
catatonit-0.1.7-18.azl3.src.rpm,Built,,0
perl-DateTime-TimeZone-Tzfile-0.011-10.azl3.src.rpm,Built,,0
systemd-bootchart-235-1.azl3.src.rpm,Built,,0
python-waitress-3.0.1-1.azl3.src.rpm,Built,,0
mod_wsgi-4.9.3-2.azl3.src.rpm,Built,,0
cldr-emoji-annotation-37.0_13.0_0_1-2.azl3.src.rpm,Built,,0
bcel-5.2-37.azl3.src.rpm,Built,,0
hyphen-fo-0.20040420-18.azl3.src.rpm,Built,,0
perl-String-Similarity-1.04-29.azl3.src.rpm,Built,,0
iwd-1.22-2.azl3.src.rpm,Built,,0
sblim-cmpi-network-1.4.0-26.azl3.src.rpm,Built,,0
hunspell-mos-0.20101130-18.azl3.src.rpm,Built,,0
python-httplib2-0.20.3-3.azl3.src.rpm,Built,,0
mythes-en-3.0-34.azl3.src.rpm,Built,,0
hunspell-el-0.9-7.azl3.src.rpm,Built,,0
perl-DateTime-Format-Strptime-1.77-3.azl3.src.rpm,Built,,0
perl-Test-LongString-0.17-17.azl3.src.rpm,Built,,0
twolame-0.4.0-6.azl3.src.rpm,Built,,0
tardev-snapshotter-3.2.0.tardev1-1.azl3.src.rpm,Built,,0
python-kerberos-1.3.0-9.azl3.src.rpm,Built,,0
mpage-2.5.7-10.azl3.src.rpm,Built,,0
nilfs-utils-2.2.11-4.azl3.src.rpm,Built,,0
pmdk-convert-1.7-3.azl3.src.rpm,Built,,0
perl-Pod-Escapes-1.07-443.azl3.src.rpm,Built,,0
perl-Module-Pluggable-5.2-15.azl3.src.rpm,Built,,0
libunicap-0.9.12-30.azl3.src.rpm,Built,,0
python-extras-1.0.0-16.azl3.src.rpm,Built,,0
perl-ColorThemes-Standard-0.003-2.azl3.src.rpm,Built,,0
lua-expat-1.3.0-19.azl3.src.rpm,Built,,0
perl-Env-ShellWords-0.02-9.azl3.src.rpm,Built,,0
perl-SGMLSpm-1.03ii-49.azl3.src.rpm,Built,,0
hunspell-it-2.4-1.azl3.src.rpm,Built,,0
perl-Text-CharWidth-0.04-40.azl3.src.rpm,Built,,0
hunspell-fa-0.20070116-23.azl3.src.rpm,Built,,0
hunspell-dsb-1.4.8-6.azl3.src.rpm,Built,,0
perl-String-CRC32-2.100-14.azl3.src.rpm,Built,,0
switcheroo-control-2.4-3.azl3.src.rpm,Built,,0
perl-Test-Vars-0.014-15.azl3.src.rpm,Built,,0
perl-Net-IMAP-Simple-1.2212-6.azl3.src.rpm,Built,,0
perl-File-CheckTree-4.42-308.azl3.src.rpm,Built,,0
sblim-sfcc-2.2.8-15.azl3.src.rpm,Built,,0
python-xmltodict-0.13.0-6.azl3.src.rpm,Built,,0
apache-parent-31-1.azl3.src.rpm,Built,,0
aopalliance-1.0-5.azl3.src.rpm,Built,,0
lua-lpeg-1.0.2-4.azl3.src.rpm,Built,,0
libmodplug-0.8.9.0-12.azl3.src.rpm,Built,,0
perl-Parse-Yapp-1.21-8.azl3.src.rpm,Built,,0
publicsuffix-20201026-4.azl3.src.rpm,Built,,0
man-pages-ru-5.03-4.azl3.src.rpm,Built,,0
perl-ExtUtils-InstallPaths-0.012-9.azl3.src.rpm,Built,,0
adobe-mappings-cmap-20231115-1.azl3.src.rpm,Built,,0
perl-BDB-1.92-26.azl3.src.rpm,Built,,0
fwupd-2.0.1-2.azl3.src.rpm,Built,,0
sblim-cmpi-fsvol-1.5.1-27.azl3.src.rpm,Built,,0
perl-List-MoreUtils-XS-0.428-9.azl3.src.rpm,Built,,0
rdist-6.1.5-73.azl3.src.rpm,Built,,0
perl-Sort-Versions-1.62-15.azl3.src.rpm,Built,,0
perl-File-ReadBackwards-1.05-18.azl3.src.rpm,Built,,0
uchardet-0.0.8-7.azl3.src.rpm,Built,,0
qhull-8.0.2-6.azl3.src.rpm,Built,,0
libjcat-0.2.2-2.azl3.src.rpm,Built,,0
fetchmail-6.4.39-2.azl3.src.rpm,Built,,0
man-pages-cs-0.18.20090209-31.azl3.src.rpm,Built,,0
apache-commons-pool-1.6-1.azl3.src.rpm,Built,,0
pbzip2-1.1.13-3.azl3.src.rpm,Built,,0
ocaml-csv-2.4-23.azl3.src.rpm,Built,,0
libiodbc-3.52.13-4.azl3.src.rpm,Built,,0
perl-MLDBM-2.05-22.azl3.src.rpm,Built,,0
perl-Test-File-ShareDir-1.001002-11.azl3.src.rpm,Built,,0
perl-GD-2.71-5.azl3.src.rpm,Built,,0
perl-Term-Size-Any-0.002-31.azl3.src.rpm,Built,,0
speex-1.2.0-6.azl3.src.rpm,Built,,0
perl-PerlIO-utf8_strict-0.010-1.azl3.src.rpm,Built,,0
perl-Regexp-Pattern-Perl-0.007-7.azl3.src.rpm,Built,,0
urlview-0.9-29.azl3.src.rpm,Built,,0
perl-Class-Load-0.25-11.azl3.src.rpm,Built,,0
hunspell-la-0.20130331-16.azl3.src.rpm,Built,,0
geoclue2-2.7.0-1.azl3.src.rpm,Built,,0
parallel-20240922-3.azl3.src.rpm,Built,,0
openjpeg2-2.3.1-12.azl3.src.rpm,Built,,0
python-tornado-6.3.3-11.azl3.src.rpm,Built,,0
libpagemaker-0.0.4-9.azl3.src.rpm,Built,,0
perl-XML-Simple-2.25-8.azl3.src.rpm,Built,,0
hunspell-ku-0.21-23.azl3.src.rpm,Built,,0
libpaper-1.1.28-2.azl3.src.rpm,Built,,0
SDL-1.2.15-45.azl3.src.rpm,Built,,0
python-sphinxcontrib-httpdomain-1.7.0-9.azl3.src.rpm,Built,,0
libiec61883-1.2.0-24.azl3.src.rpm,Built,,0
ledmon-0.92-4.azl3.src.rpm,Built,,0
perl-Params-Validate-1.29-13.azl3.src.rpm,Built,,0
perl-Test-SubCalls-1.10-9.azl3.src.rpm,Built,,0
efi-rpm-macros-5-1.azl3.src.rpm,Built,,0
rubygem-liquid-5.1.0-1.azl3.src.rpm,Built,,0
zziplib-0.13.74-1.azl3.src.rpm,Built,,0
libotr-4.1.1-11.azl3.src.rpm,Built,,0
hsakmt-1.0.6-11.azl3.src.rpm,Built,,0
perl-XML-Grove-0.46-2.azl3.src.rpm,Built,,0
perl-DateTime-Format-DateParse-0.05-23.azl3.src.rpm,Built,,0
hunspell-sl-0.20070127-23.azl3.src.rpm,Built,,0
libtheora-1.1.1-1.azl3.src.rpm,Built,,0
python-kdcproxy-1.0.0-18.azl3.src.rpm,Built,,0
setuptool-1.19.11-23.azl3.src.rpm,Built,,0
perl-Test-Manifest-2.024-5.azl3.src.rpm,Built,,0
perl-libnet-3.11-444.azl3.src.rpm,Built,,0
perl-Pod-LaTeX-0.61-309.azl3.src.rpm,Built,,0
taglib-1.13.1-1.azl3.src.rpm,Built,,0
python-blivet-3.2.2-5.azl3.src.rpm,Built,,0
kernel-ipe-6.6.92.2-1.azl3.src.rpm,Built,,0
perl-Test2-Suite-0.000130-2.azl3.src.rpm,Built,,0
python-jwcrypto-0.6.0-9.azl3.src.rpm,Built,,0
geronimo-specs-1.2-40.azl3.src.rpm,Built,,0
mksh-59c-3.azl3.src.rpm,Built,,0
xcb-util-wm-0.4.2-7.azl3.src.rpm,Built,,0
libdatrie-0.2.13-1.azl3.src.rpm,Built,,0
azl-otel-collector-0.124.0-1.azl3.src.rpm,Built,,0
python-webtest-3.0.0-5.azl3.src.rpm,Built,,0
perl-IPC-Run-20180523.0-8.azl3.src.rpm,Built,,0
libgta-1.2.1-9.azl3.src.rpm,Built,,0
ruby-augeas-0.5.0-30.azl3.src.rpm,Built,,0
python-mccabe-0.6.1-18.azl3.src.rpm,Built,,0
targetcli-2.1.58-4.azl3.src.rpm,Built,,0
hyphen-ta-0.7.0-17.azl3.src.rpm,Built,,0
po4a-0.60-2.azl3.src.rpm,Built,,0
perl-File-Find-Rule-0.34-15.azl3.src.rpm,Built,,0
man-pages-zh-CN-1.6.2.1-9.azl3.src.rpm,Built,,0
libfreehand-0.1.2-7.azl3.src.rpm,Built,,0
perl-Package-Anon-0.05-26.azl3.src.rpm,Built,,0
python3-typed_ast-1.5.4-1.azl3.src.rpm,Built,,0
hyphen-sv-1.00.1-23.azl3.src.rpm,Built,,0
hunspell-ga-5.0-7.azl3.src.rpm,Built,,0
re2c-3.1-4.azl3.src.rpm,Built,,0
netlabel_tools-0.30.0-10.azl3.src.rpm,Built,,0
SuperLU-7.0.0-1.azl3.src.rpm,Built,,0
perl-Net-LibIDN2-1.02-1.azl3.src.rpm,Built,,0
evemu-2.7.0-14.azl3.src.rpm,Built,,0
python-webencodings-0.5.1-13.azl3.src.rpm,Built,,0
python-uswid-0.5.0-4.azl3.src.rpm,Built,,0
hunspell-wa-0.4.17-14.azl3.src.rpm,Built,,0
libpinyin-2.9.92-1.azl3.src.rpm,Built,,0
python-configshell-1.1.30-9.azl3.src.rpm,Built,,0
latencytop-0.5-27.azl3.src.rpm,Built,,0
perl-Term-Table-0.024-1.azl3.src.rpm,Built,,0
psacct-6.6.4-8.azl3.src.rpm,Built,,0
libeasyfc-0.14.0-8.azl3.src.rpm,Built,,0
perl-Software-License-0.103014-7.azl3.src.rpm,Built,,0
perl-Guard-1.023-18.azl3.src.rpm,Built,,0
libgdither-0.6-27.azl3.src.rpm,Built,,0
hunspell-kn-1.0.3-20.azl3.src.rpm,Built,,0
perl-Net-Telnet-3.05-12.azl3.src.rpm,Built,,0
discount-2.2.7-10.azl3.src.rpm,Built,,0
libsigsegv-2.14-1.azl3.src.rpm,Built,,0
ansible-freeipa-1.13.2-2.azl3.src.rpm,Built,,0
wpebackend-fdo-1.12.0-1.azl3.src.rpm,Built,,0
rust-cbindgen-0.24.3-3.azl3.src.rpm,Built,,0
ucpp-1.3.5-5.azl3.src.rpm,Built,,0
perl-Module-Manifest-Skip-0.23-17.azl3.src.rpm,Built,,0
libmwaw-0.3.17-2.azl3.src.rpm,Built,,0
perl-File-Slurp-Tiny-0.004-15.azl3.src.rpm,Built,,0
openwsman-2.6.8-13.azl3.src.rpm,Built,,0
servletapi4-4.0.4-302.azl3.src.rpm,Built,,0
libcbor-0.11.0-3.azl3.src.rpm,Built,,0
sound-theme-freedesktop-0.8-16.azl3.src.rpm,Built,,0
volume_key-0.3.12-9.azl3.src.rpm,Built,,0
perltidy-20240903-2.azl3.src.rpm,Built,,0
mt-st-1.7-1.azl3.src.rpm,Built,,0
metis-5.1.0.3-7.azl3.src.rpm,Built,,0
pyusb-1.0.2-7.azl3.src.rpm,Built,,0
rr-5.8.0-2.azl3.src.rpm,Built,,0
tix-8.4.3-35.azl3.src.rpm,Built,,0
libmspub-0.1.4-12.azl3.src.rpm,Built,,0
hyphen-ku-1.71.2-19.azl3.src.rpm,Built,,0
python-rfc3986-1.5.0-12.azl3.src.rpm,Built,,0
hyphen-gu-0.7.0-17.azl3.src.rpm,Built,,0
cim-schema-2.54.1-6.azl3.src.rpm,Built,,0
gdisk-1.0.10-3.azl3.src.rpm,Built,,0
gnu-regexp-1.1.4-294.azl3.src.rpm,Built,,0
man-pages-ja-20190815-3.azl3.src.rpm,Built,,0
perl-MIME-Types-2.17-9.azl3.src.rpm,Built,,0
hunspell-gl-0.20080515-21.azl3.src.rpm,Built,,0
hyphen-gl-0.99-20.azl3.src.rpm,Built,,0
ocaml-tyxml-4.6.0-13.azl3.src.rpm,Built,,0
ttmkfdir-3.0.9-61.azl3.src.rpm,Built,,0
python-requests-ftp-0.3.1-19.azl3.src.rpm,Built,,0
libgit2-glib-0.99.0.1-5.azl3.src.rpm,Built,,0
perl-Pod-Plainer-1.04-15.azl3.src.rpm,Built,,0
python-cheetah-3.2.6.post1-12.azl3.src.rpm,Built,,0
libbytesize-2.11-1.azl3.src.rpm,Built,,0
fxload-2008_10_13-17.azl3.src.rpm,Built,,0
perl-Inline-Files-0.71-5.azl3.src.rpm,Built,,0
perl-HTML-Tree-5.07-12.azl3.src.rpm,Built,,0
hunspell-hsb-0.20060327.3-17.azl3.src.rpm,Built,,0
python-oslo-sphinx-4.18.0-9.azl3.src.rpm,Built,,0
celt051-0.5.1.3-20.azl3.src.rpm,Built,,0
mutt-2.2.12-1.azl3.src.rpm,Built,,0
compat-lua-5.1.5-17.azl3.src.rpm,Built,,0
crash-ptdump-command-1.0.7-3.azl3.src.rpm,Built,,0
exiv2-0.28.3-1.azl3.src.rpm,Built,,0
gstreamer1-plugins-base-1.20.0-3.azl3.src.rpm,Built,,0
perl-B-Lint-1.20-18.azl3.src.rpm,Built,,0
startup-notification-0.12-20.azl3.src.rpm,Built,,0
tmpwatch-2.11-17.azl3.src.rpm,Built,,0
udftools-2.3-10.azl3.src.rpm,Built,,0
flac-1.4.3-1.azl3.src.rpm,Built,,0
xdg-dbus-proxy-0.1.6-2.azl3.src.rpm,Built,,0
perl-App-FatPacker-0.010008-6.azl3.src.rpm,Built,,0
python-fasteners-0.18-2.azl3.src.rpm,Built,,0
python-flask-1.1.1-4.azl3.src.rpm,Built,,0
rubygem-pkg-config-1.5.7-2.azl3.src.rpm,Built,,0
libhangul-0.1.0-22.azl3.src.rpm,Built,,0
libvarlink-23-10.azl3.src.rpm,Built,,0
perl-File-Type-0.22-37.azl3.src.rpm,Built,,0
perl-Data-Munge-0.097-11.azl3.src.rpm,Built,,0
xdg-utils-1.2.1-3.azl3.src.rpm,Built,,0
libyubikey-1.13-14.azl3.src.rpm,Built,,0
python-enchant-3.2.2-7.azl3.src.rpm,Built,,0
python-tox-3.15.2-3.azl3.src.rpm,Built,,0
enca-1.19-6.azl3.src.rpm,Built,,0
perl-File-Find-Rule-Perl-1.16-1.azl3.src.rpm,Built,,0
perl-Dist-CheckConflicts-0.11-18.azl3.src.rpm,Built,,0
python-cbor2-5.6.5-2.azl3.src.rpm,Built,,0
perl-Module-Load-Util-0.006-2.azl3.src.rpm,Built,,0
publicsuffix-list-20190417-4.azl3.src.rpm,Built,,0
libieee1284-0.2.11-33.azl3.src.rpm,Built,,0
mythes-bg-4.3-18.azl3.src.rpm,Built,,0
perl-Hook-LexWrap-0.26-11.azl3.src.rpm,Built,,0
perl-DateTime-TimeZone-SystemV-0.010-10.azl3.src.rpm,Built,,0
xorg-x11-fonts-7.5-25.azl3.src.rpm,Built,,0
python-sphinxcontrib-apidoc-0.3.0-15.azl3.src.rpm,Built,,0
enscript-1.6.6-25.azl3.src.rpm,Built,,0
dovecot-2.3.20-1.azl3.src.rpm,Built,,0
perl-Test-InDistDir-1.112071-13.azl3.src.rpm,Built,,0
perl-Probe-Perl-0.03-18.azl3.src.rpm,Built,,0
hunspell-gd-2.6-15.azl3.src.rpm,Built,,0
hunspell-nso-0.20091201-19.azl3.src.rpm,Built,,0
gphoto2-2.5.27-2.azl3.src.rpm,Built,,0
generic-logos-18.0.0-12.azl3.src.rpm,Built,,0
perl-Test-Synopsis-0.17-12.azl3.src.rpm,Built,,0
perl-UNIVERSAL-can-1.20140328-17.azl3.src.rpm,Built,,0
perl-Test2-Plugin-NoWarnings-0.08-3.azl3.src.rpm,Failed,,0
python-testtools-2.4.0-9.azl3.src.rpm,Failed,,0
crypto-policies-20200619-5.azl3.src.rpm,Failed,,0
breezy-3.0.2-3.azl3.src.rpm,Failed,,0
apache-commons-lang-2.6-17.azl3.src.rpm,Failed,,0
dbus-c++-0.9.0-23.azl3.src.rpm,Failed,,0
netsniff-ng-0.6.8-13.azl3.src.rpm,Failed,,0
jdepend-2.9.1-96.azl3.src.rpm,Failed,,0
python-pycares-3.1.1-3.azl3.src.rpm,Failed,,0
python-pytest-flake8-1.0.4-6.azl3.src.rpm,Failed,,0
dbxtool-8-13.azl3.src.rpm,Failed,,0
udisks2-2.9.4-6.azl3.src.rpm,Failed,,0
gcr-3.38.1-1.azl3.src.rpm,Failed,,0
z3-4.8.7-8.azl3.src.rpm,Failed,,0
pkcs11-helper-1.22-11.azl3.src.rpm,Failed,,0
python-unittest2-1.1.0-25.azl3.src.rpm,Failed,,0
perl-PkgConfig-LibPkgConf-0.11-2.azl3.src.rpm,Failed,,0
objectweb-anttask-1.2-267.azl3.src.rpm,Failed,,0
uw-imap-2007f-26.azl3.src.rpm,Failed,,0
xmldb-api-0.1-29.azl3.src.rpm,Failed,,0
serd-0.30.2-3.azl3.src.rpm,Failed,,0
rhino-1.7.7.1-2.azl3.src.rpm,Failed,,0
buildah-1.18.0-30.azl3.src.rpm,Failed,,0
args4j-2.33-2.azl3.src.rpm,Failed,,0
gupnp-1.6.3-3.azl3.src.rpm,Failed,,0
xpp2-2.1.10-29.azl3.src.rpm,Failed,,0
criu-3.15-3.azl3.src.rpm,Failed,,0
ocaml-camlp5-8.00.02-11.azl3.src.rpm,Failed,,0
javacc-bootstrap-7.0.4-3.azl3.src.rpm,Failed,,0
perl-Locale-Msgfmt-0.15-28.azl3.src.rpm,Failed,,0
resource-agents-4.10.0-1.azl3.src.rpm,Failed,,0
apache-commons-collections4-4.1-2.azl3.src.rpm,Failed,,0
libpeas-1.26.0-3.azl3.src.rpm,Failed,,0
oro-2.0.8-297.azl3.src.rpm,Failed,,0
perl-Test-Script-1.26-3.azl3.src.rpm,Failed,,0
usbguard-1.1.0-1.azl3.src.rpm,Failed,,0
python-uamqp-1.5.1-3.azl3.src.rpm,Failed,,0
apache-commons-compress-1.19-3.azl3.src.rpm,Failed,,0
python-alsa-1.1.6-12.azl3.src.rpm,Failed,,0
satyr-0.30-3.azl3.src.rpm,Failed,,0
python-pyperclip-1.6.4-9.azl3.src.rpm,Failed,,0
xmlunit-1.5-10.azl3.src.rpm,Failed,,0
lensfun-0.3.2-26.azl3.src.rpm,Failed,,0
apache-commons-pool2-2.4.2-7.azl3.src.rpm,Failed,,0
junitperf-1.9.1-27.azl3.src.rpm,Failed,,0
libproxy-0.4.17-5.azl3.src.rpm,Failed,,0
httpcomponents-core-4.4.13-2.azl3.src.rpm,Failed,,0
mod_md-2.2.7-4.azl3.src.rpm,Failed,,0
osgi-annotation-7.0.0-2.azl3.src.rpm,Failed,,0
libusbmuxd-2.0.0-3.azl3.src.rpm,Failed,,0
cjose-0.6.1-6.azl3.src.rpm,Failed,,0
xpp3-1.1.4c-6.azl3.src.rpm,Failed,,0
tbb-2020.2-2.azl3.src.rpm,Failed,,0
jakarta-taglibs-standard-1.1.1-261.azl3.src.rpm,Failed,,0
virt-top-1.0.9-7.azl3.src.rpm,Failed,,0
libyami-1.3.2-3.azl3.src.rpm,Failed,,0
gtk-vnc-1.3.0-3.azl3.src.rpm,Failed,,0
perl-Params-ValidationCompiler-0.30-7.azl3.src.rpm,Failed,,0
jboss-interceptors-1.2-api-1.0.0-2.azl3.src.rpm,Failed,,0
gl-manpages-1.1-21.azl3.src.rpm,Failed,,0
kronosnet-1.20-2.azl3.src.rpm,Failed,,0
trilead-ssh2-217.8-2.azl3.src.rpm,Failed,,0
perl-Crypt-OpenSSL-RSA-0.31-6.azl3.src.rpm,Failed,,0
podman-4.1.1-28.azl3.src.rpm,Failed,,0
lasso-2.8.0-1.azl3.src.rpm,Failed,,0
python-mutagen-1.43.0-4.azl3.src.rpm,Failed,,0
jtidy-8.0-32.azl3.src.rpm,Failed,,0
apache-commons-net-3.6-3.azl3.src.rpm,Failed,,0
xbean-4.18-1.azl3.src.rpm,Failed,,0
fonts-rpm-macros-2.0.5-13.azl3.src.rpm,Failed,,0
pylint-2.4.4-4.azl3.src.rpm,Failed,,0
python-zmq-18.1.0-4.azl3.src.rpm,Failed,,0
perl-FFI-CheckLib-0.26-3.azl3.src.rpm,Failed,,0
sratom-0.6.10-3.azl3.src.rpm,Failed,sord-0.16.4-5.azl3.src.rpm-UNBUILT ,0
cppcheck-2.7-2.azl3.src.rpm,Failed,z3-4.8.7-8.azl3.src.rpm-FAIL ,0
apache-commons-dbcp-2.1.1-8.azl3.src.rpm,Failed,apache-commons-pool2-2.4.2-7.azl3.src.rpm-FAIL ,0
apache-commons-jexl-2.1.1-3.azl3.src.rpm,Failed,javacc-7.0.4-3.azl3.src.rpm-UNBUILT ,0
suitesparse-5.4.0-5.azl3.src.rpm,Failed,tbb-2020.2-2.azl3.src.rpm-FAIL ,0
python-fixtures-3.0.0-18.azl3.src.rpm,Failed,python-testtools-2.4.0-9.azl3.src.rpm-FAIL ,0
ibus-chewing-1.6.1-9.azl3.src.rpm,Failed,ibus-1.5.22-9.azl3.src.rpm-UNBUILT ,0
python-hwdata-2.3.7-11.azl3.src.rpm,Failed,pylint-2.4.4-4.azl3.src.rpm-FAIL ,0
ibus-table-chinese-1.8.3-3.azl3.src.rpm,Failed,ibus-table-1.12.4-4.azl3.src.rpm-UNBUILT ,0
microdnf-3.5.1-2.azl3.src.rpm,Failed,,0
usbmuxd-1.1.0-20.azl3.src.rpm,Failed,libimobiledevice-1.2.1-1.azl3.src.rpm-UNBUILT ,0
ibus-table-1.12.4-4.azl3.src.rpm,Failed,ibus-1.5.22-9.azl3.src.rpm-UNBUILT ,0
sord-0.16.4-5.azl3.src.rpm,Failed,serd-0.30.2-3.azl3.src.rpm-FAIL ,0
ibus-libzhuyin-1.9.1-6.azl3.src.rpm,Failed,ibus-1.5.22-9.azl3.src.rpm-UNBUILT ,0
ibus-hangul-1.5.4-2.azl3.src.rpm,Failed,ibus-1.5.22-9.azl3.src.rpm-UNBUILT ,0
ibus-sayura-1.3.2-20.azl3.src.rpm,Failed,ibus-1.5.22-9.azl3.src.rpm-UNBUILT ,0
dyninst-10.1.0-20.azl3.src.rpm,Failed,tbb-2020.2-2.azl3.src.rpm-FAIL tbb-2020.2-2.azl3.src.rpm-FAIL ,0
upower-0.99.11-5.azl3.src.rpm,Failed,libimobiledevice-1.2.1-1.azl3.src.rpm-UNBUILT ,0
gupnp-dlna-0.12.0-4.azl3.src.rpm,Failed,gupnp-1.6.3-3.azl3.src.rpm-FAIL ,0
libappstream-glib-0.8.2-4.azl3.src.rpm,Failed,,0
apache-commons-vfs2-2.2-3.azl3.src.rpm,Failed,apache-commons-net-3.6-3.azl3.src.rpm-FAIL httpcomponents-core-4.4.13-2.azl3.src.rpm-FAIL apache-commons-compress-1.19-3.azl3.src.rpm-FAIL apache-commons-collections4-4.1-2.azl3.src.rpm-FAIL ,0
python-testscenarios-0.5.0-24.azl3.src.rpm,Failed,python-testtools-2.4.0-9.azl3.src.rpm-FAIL ,0
gupnp-igd-1.2.0-7.azl3.src.rpm,Failed,gupnp-1.6.3-3.azl3.src.rpm-FAIL ,0
python-debtcollector-1.22.0-4.azl3.src.rpm,Failed,python-fixtures-3.0.0-18.azl3.src.rpm-UNBUILT ,0
SDL2-2.24.0-2.azl3.src.rpm,Failed,,0
ipa-pgothic-fonts-003.03-17.azl3.src.rpm,Failed,fonts-rpm-macros-2.0.5-13.azl3.src.rpm-FAIL ,0
freeradius-3.2.3-2.azl3.src.rpm,Failed,,0
wireshark-4.0.8-1.azl3.src.rpm,Failed,,0
baekmuk-ttf-fonts-2.2-52.azl3.src.rpm,Failed,fonts-rpm-macros-2.0.5-13.azl3.src.rpm-FAIL fonts-rpm-macros-2.0.5-13.azl3.src.rpm-FAIL ,0
ibus-m17n-1.4.18-2.azl3.src.rpm,Failed,libappstream-glib-0.8.2-4.azl3.src.rpm-UNBUILT ibus-1.5.22-9.azl3.src.rpm-UNBUILT ,0
dleyna-connector-dbus-0.3.0-8.azl3.src.rpm,Failed,,0
ucs-miscfixed-fonts-0.3-23.azl3.src.rpm,Failed,fonts-rpm-macros-2.0.5-13.azl3.src.rpm-FAIL ,0
libreport-2.13.1-9.azl3.src.rpm,Failed,libproxy-0.4.17-5.azl3.src.rpm-FAIL satyr-0.30-3.azl3.src.rpm-FAIL ,0
google-noto-cjk-fonts-20190416-7.azl3.src.rpm,Failed,fonts-rpm-macros-2.0.5-13.azl3.src.rpm-FAIL ,0
corosync-3.0.4-3.azl3.src.rpm,Failed,kronosnet-1.20-2.azl3.src.rpm-FAIL kronosnet-1.20-2.azl3.src.rpm-FAIL ,0
tang-15-7.azl3.src.rpm,Failed,,0
qt5-qtsensors-5.14.2-2.azl3.src.rpm,Failed,,0
pacemaker-2.1.5-5.azl3.src.rpm,Failed,corosync-3.0.4-3.azl3.src.rpm-UNBUILT ,0
mod_security-2.9.4-1.azl3.src.rpm,Failed,,0
perl-Alien-Build-2.17-3.azl3.src.rpm,Failed,,0
cassandra-4.0.10-2.azl3.src.rpm,Failed,,0
google-crosextra-carlito-fonts-1.103-1.azl3.src.rpm,Failed,fonts-rpm-macros-2.0.5-13.azl3.src.rpm-FAIL ,0
gpsbabel-1.8.0-4.azl3.src.rpm,Failed,qt5-qtserialport-5.15.9-2.azl3.src.rpm-UNBUILT ,0
mod_auth_mellon-0.16.0-4.azl3.src.rpm,Failed,lasso-2.8.0-1.azl3.src.rpm-FAIL ,0
booth-1.0-8.azl3.src.rpm,Failed,pacemaker-2.1.5-5.azl3.src.rpm-UNBUILT ,0
python-oslo-i18n-5.1.0-4.azl3.src.rpm,Failed,python-fixtures-3.0.0-18.azl3.src.rpm-UNBUILT ,0
osgi-core-7.0.0-2.azl3.src.rpm,Failed,osgi-annotation-7.0.0-2.azl3.src.rpm-FAIL ,0
gnome-keyring-3.36.0-2.azl3.src.rpm,Failed,,0
ibus-kkc-1.5.22-16.azl3.src.rpm,Failed,ibus-1.5.22-9.azl3.src.rpm-UNBUILT ,0
python-aiodns-2.0.0-4.azl3.src.rpm,Failed,python-pycares-3.1.1-3.azl3.src.rpm-FAIL ,0
osgi-compendium-7.0.0-2.azl3.src.rpm,Failed,osgi-annotation-7.0.0-2.azl3.src.rpm-FAIL osgi-core-7.0.0-2.azl3.src.rpm-UNBUILT ,0
python-testresources-1.0.0-16.azl3.src.rpm,Failed,python-fixtures-3.0.0-18.azl3.src.rpm-UNBUILT python-testtools-2.4.0-9.azl3.src.rpm-FAIL ,0
pipewire-0.3.60-2.azl3.src.rpm,Failed,lilv-0.24.14-4.azl3.src.rpm-UNBUILT ,0
google-noto-emoji-fonts-20200723-2.azl3.src.rpm,Failed,fonts-rpm-macros-2.0.5-13.azl3.src.rpm-FAIL ,0
mod_auth_openidc-2.4.14.2-1.azl3.src.rpm,Failed,cjose-0.6.1-6.azl3.src.rpm-FAIL ,0
libimobiledevice-1.2.1-1.azl3.src.rpm,Failed,libusbmuxd-2.0.0-3.azl3.src.rpm-FAIL ,0
python-dbusmock-0.28.7-2.azl3.src.rpm,Failed,upower-0.99.11-5.azl3.src.rpm-UNBUILT ,0
linuxconsoletools-1.8.1-3.azl3.src.rpm,Failed,,0
overpass-fonts-3.0.4-4.azl3.src.rpm,Failed,fonts-rpm-macros-2.0.5-13.azl3.src.rpm-FAIL ,0
qpdf-10.1.0-2.azl3.src.rpm,Failed,,0
corosync-qdevice-3.0.1-3.azl3.src.rpm,Failed,corosync-3.0.4-3.azl3.src.rpm-UNBUILT ,0
ibus-rawcode-1.3.2-17.azl3.src.rpm,Failed,ibus-1.5.22-9.azl3.src.rpm-UNBUILT ,0
x3270-3.6ga10-2.azl3.src.rpm,Failed,fonts-rpm-macros-2.0.5-13.azl3.src.rpm-FAIL ,0
rasqal-0.9.33-13.azl3.src.rpm,Failed,,0
gnome-desktop-testing-2018.1-4.azl3.src.rpm,Failed,,0
cjkuni-uming-fonts-0.2.20080216.1-65.azl3.src.rpm,Failed,fonts-rpm-macros-2.0.5-13.azl3.src.rpm-FAIL ,0
highlight-3.54-3.azl3.src.rpm,Failed,,0
fence-virt-1.0.0-4.azl3.src.rpm,Failed,corosync-3.0.4-3.azl3.src.rpm-UNBUILT ,0
dleyna-core-0.6.0-15.azl3.src.rpm,Failed,,0
pngcrush-1.8.13-11.azl3.src.rpm,Failed,,0
bsf-2.4.0-19.azl3.src.rpm,Failed,rhino-1.7.7.1-2.azl3.src.rpm-FAIL ,0
elinks-0.16.0-3.azl3.src.rpm,Failed,,0
qt5-qtconnectivity-5.14.2-2.azl3.src.rpm,Failed,,0
qt5-qtserialport-5.15.9-2.azl3.src.rpm,Failed,,0
ibus-1.5.22-9.azl3.src.rpm,Failed,,0
python-requests-mock-1.7.0-4.azl3.src.rpm,Failed,python-testtools-2.4.0-9.azl3.src.rpm-FAIL python-fixtures-3.0.0-18.azl3.src.rpm-UNBUILT ,0
perl-Mail-DKIM-0.58-4.azl3.src.rpm,Failed,,0
hawtjni-runtime-1.17-2.azl3.src.rpm,Failed,apache-commons-lang-2.6-17.azl3.src.rpm-FAIL xbean-4.18-1.azl3.src.rpm-FAIL ,0
javacc-7.0.4-3.azl3.src.rpm,Failed,javacc-bootstrap-7.0.4-3.azl3.src.rpm-FAIL ,0
lilv-0.24.14-4.azl3.src.rpm,Failed,sord-0.16.4-5.azl3.src.rpm-UNBUILT sratom-0.6.10-3.azl3.src.rpm-UNBUILT serd-0.30.2-3.azl3.src.rpm-FAIL ,0
google-crosextra-caladea-fonts-1.002-1.azl3.src.rpm,Failed,fonts-rpm-macros-2.0.5-13.azl3.src.rpm-FAIL ,0
