Package,Developer,Upgrade to be done (Y/N/To be removed),Is some confirmation required (Y/N),Confirmation done  (Y/N),2.0 EXT pkg present in either SPECS or EXT of 3.0-dev (Y/N),2.0 EXT pkg present in EXT of 3.0-dev(Y/N),"Confirm if removal is deliberate (Y/N) (If N in both Column F and Column G, here we put Y.  A Y here means we must check with Microsoft if this is a deliberate removal of the package)","Moved from EXT in 2.0 to Core in 3.0-dev (Y/N) (If Y in Column F and N in Column G, then this is Y)",Remarks,"Priority (P0, P1, P2)",New Name of Package
CharLS,Jyoti,Override_to_Y,N,N,Y,Y,N,N,,P1,NA
GConf2,Jyoti,,N,N,Y,Y,N,N,,P1,NA
GeoIP,Jyoti,,N,N,Y,Y,N,N,,P1,NA
GeoIP-GeoLite-data,Jyoti,,N,N,Y,Y,N,N,,P1,NA
Judy,Jyoti,,N,N,Y,Y,N,N,,P1,NA
LibRaw,Jyoti,,N,N,Y,Y,N,N,,P1,NA
ORBit2,Jyoti,,N,N,Y,Y,N,N,,P1,NA
OpenEXR,Jyoti,,N,N,Y,Y,N,N,,P1,openexr
PEGTL,Jyoti,Override_to_Y,N,N,Y,Y,N,N,,P1,NA
PyGreSQL,Jyoti,,N,N,Y,Y,N,N,,P1,NA
SDL,Jyoti,,N,N,Y,Y,N,N,,P1,sdl12-compat
SDL2,Jyoti,,N,N,Y,Y,N,N,,P1,NA
SDL_sound,Jyoti,,N,N,Y,Y,N,N,,P1,NA
SuperLU,Jyoti,,N,N,Y,Y,N,N,,P1,NA
Xaw3d,Jyoti,,N,N,Y,Y,N,N,,P1,NA
a52dec,Jyoti,,N,N,Y,Y,N,N,,P1,NA
accountsservice,Jyoti,,N,N,Y,Y,N,N,,P1,NA
acpid,Jyoti,,N,N,Y,Y,N,N,,P1,NA
adcli,Jyoti,,N,N,Y,Y,N,N,,CP_batch1,NA
adobe-mappings-cmap,Jyoti,,N,N,Y,Y,N,N,,P1,NA
adobe-mappings-pdf,Jyoti,,N,N,Y,Y,N,N,,P1,NA
advancecomp,Jagadeesh,,N,N,Y,Y,N,N,,P1,NA
alsa-firmware,Jagadeesh,,N,N,Y,Y,N,N,,CP_batch1,NA
alsa-plugins,Jagadeesh,,N,N,Y,Y,N,N,,P1,NA
amtk,Jagadeesh,,N,N,Y,Y,N,N,,P1,NA
amtterm,Jagadeesh,,N,N,Y,Y,N,N,,P1,NA
annobin,Jagadeesh,,N,N,Y,N,N,Y,,P1,NA
ansible-freeipa,Jagadeesh,,N,N,Y,Y,N,N,,P1,NA
aopalliance,Jagadeesh,Override_to_Y,N,N,Y,Y,N,N,,P1,NA
apache-commons-beanutils,Jagadeesh,,N,N,Y,Y,N,N,,P1,NA
apache-commons-codec,Jagadeesh,,N,N,Y,Y,N,N,,P1,NA
apache-commons-collections,Jagadeesh,,N,N,Y,Y,N,N,,P1,NA
apache-commons-collections4,Jagadeesh,,N,N,Y,Y,N,N,,P1,NA
apache-commons-compress,Jagadeesh,,N,N,Y,Y,N,N,,P1,NA
apache-commons-daemon,Jagadeesh,,N,N,Y,Y,N,N,,CP_batch1,NA
apache-commons-dbcp,Jagadeesh,,N,N,Y,Y,N,N,,P1,NA
apache-commons-digester,Jagadeesh,,N,N,Y,Y,N,N,,P1,NA
apache-commons-httpclient,Jagadeesh,,N,N,Y,Y,N,N,,P1,NA
apache-commons-io,Jagadeesh,,N,N,Y,Y,N,N,,P1,NA
apache-commons-jexl,Jagadeesh,,N,N,Y,Y,N,N,,P1,NA
apache-commons-lang,Jagadeesh,,N,N,Y,Y,N,N,,CP_batch1,NA
apache-commons-net,Jagadeesh,,N,N,Y,Y,N,N,,P1,NA
apache-commons-pool,Jagadeesh,,N,N,Y,Y,N,N,,P1,NA
apache-commons-pool2,Jagadeesh,,N,N,Y,Y,N,N,,P1,NA
apache-commons-validator,Jagadeesh,,N,N,Y,Y,N,N,,P1,NA
apache-commons-vfs2,Jagadeesh,,N,N,Y,Y,N,N,,P1,apache-commons-vfs
apache-parent,Jagadeesh,,N,N,Y,Y,N,N,,P1,NA
argparse-manpage,Kevin,,N,N,N,N,Y,N,has been rename to python-argparse-manpage,P1,NA
args4j,Kevin,,N,N,Y,Y,N,N,,P1,NA
arptables,Kevin,,N,N,Y,Y,N,N,,P1,NA
arpwatch,Kevin,,N,N,Y,Y,N,N,,P1,NA
asio,Kevin,,N,N,Y,Y,N,N,,P1,NA
aspell-en,Kevin,,N,N,Y,Y,N,N,,P0,NA
audiofile,Kevin,,N,N,Y,Y,N,N,,P1,NA
authselect,Kevin,,N,N,Y,Y,N,N,,P1,NA
babeltrace,Kevin,,N,N,Y,Y,N,N,,P1,NA
babl,Kevin,,N,N,Y,Y,N,N,,P1,NA
baekmuk-ttf-fonts,Kevin,,N,N,Y,Y,N,N,,P1,NA
base64coder,Kevin,,N,N,Y,Y,N,N,,P1,NA
bats,Kevin,,N,N,Y,Y,N,N,,P1,NA
bcache-tools,Kevin,,N,N,Y,Y,N,N,,P1,NA
bcel,Kevin,,N,N,Y,Y,N,N,,P1,NA
bea-stax,Kevin,,N,N,Y,Y,N,N,,P1,NA
beust-jcommander,Kevin,,N,N,Y,Y,N,N,,P1,NA
biosdevname,Kevin,,N,N,Y,Y,N,N,,P1,NA
blosc,Kevin,,N,N,Y,Y,N,N,,CP_batch1,NA
bogofilter,Kevin,,N,N,N,N,Y,N,,P1,NA
bolt,Akarsh,,N,N,Y,Y,N,N,,CP_batch1,NA
boom-boot,Akarsh,,N,N,Y,Y,N,N,,P1,NA
booth,Akarsh,,N,N,Y,Y,N,N,,P1,NA
botan2,Akarsh,,N,N,Y,Y,N,N,,P1,NA
breezy,Akarsh,,N,N,Y,Y,N,N,,P1,NA
bsf,Akarsh,,N,N,Y,Y,N,N,,P1,NA
buildah,Akarsh,,N,N,Y,Y,N,N,,P1,NA
bwidget,Akarsh,Override_to_Y,N,N,Y,Y,N,N,,P1,NA
cachefilesd,Akarsh,,N,N,Y,Y,N,N,,P1,NA
cairomm,Akarsh,,N,N,Y,Y,N,N,,P1,NA
capstone,Akarsh,,N,N,Y,Y,N,N,,P1,NA
cassandra,Akarsh,,N,N,Y,Y,N,N,,P1,NA
catatonit,Akarsh,,N,N,Y,Y,N,N,,P1,NA
cdparanoia,Sumit,,N,N,Y,Y,N,N,,CP_batch1,NA
cdrdao,Akarsh,,N,N,Y,Y,N,N,,P1,NA
celt051,Akarsh,,N,N,Y,Y,N,N,,P1,NA
certmonger,Akarsh,,N,N,Y,Y,N,N,,P1,NA
cfitsio,Akarsh,,N,N,Y,Y,N,N,,CP_batch1,NA
cgdcbxd,Akarsh,,N,N,Y,Y,N,N,,P1,NA
cglib,Akarsh,,N,N,Y,Y,N,N,,P1,NA
chan,Neeraj,,N,N,Y,Y,N,N,,P1,NA
cim-schema,Akarsh,,N,N,Y,Y,N,N,,P0,NA
cjkuni-uming-fonts,Neeraj,N,Y,Y,Y,Y,N,N,Since the package is inactive upstream we won't upgrade it,P1,NA
cjose,Akarsh,,N,N,Y,Y,N,N,,P0,NA
cldr-emoji-annotation,Akarsh,,Y,N,Y,Y,N,N,,P0,NA
clucene,Sumit,Override_to_Y,N,N,Y,Y,N,N,clucene wasn't building.  Fixed it's build.,P1,NA
clutter,Archana,,N,N,Y,Y,N,N,,P1,NA
clutter-gst3,Archana,,N,N,Y,Y,N,N,,P1,NA
clutter-gtk,Archana,,N,N,Y,Y,N,N,,P1,NA
cmake-fedora,Jyoti,,N,N,Y,Y,N,N,,P1,NA
cogl,Archana,,N,N,Y,Y,N,N,,P1,NA
colorize,Archana,,N,N,Y,Y,N,N,,P1,NA
compat-lua,Archana,,N,N,Y,Y,N,N,,P1,NA
console-setup,Akarsh,,N,N,Y,Y,N,N,,P0,NA
container-exception-logger,Archana,,N,N,Y,Y,N,N,,P1,NA
containernetworking-plugins,Archana,,N,N,Y,Y,N,N,,P1,NA
convmv,Archana,,N,N,Y,Y,N,N,,P1,NA
corosync,Akhila,,N,N,Y,Y,N,N,,New P0,NA
corosync-qdevice,Akhila,,N,N,Y,Y,N,N,,New P0,NA
cppcheck,Archana,,N,N,Y,Y,N,N,,P1,NA
cpptest,Archana,,N,N,Y,Y,N,N,,P1,NA
cpuid,Akarsh,,N,N,Y,Y,N,N,,P0,NA
crash-ptdump-command,Sreenivasulu,,N,N,Y,Y,N,N,,P1,NA
criu,Sreenivasulu,,N,N,Y,Y,N,N,,P1,NA
crypto-policies,Sreenivasulu,,N,N,Y,Y,N,N,,P1,NA
cscope,Sreenivasulu,,N,N,Y,Y,N,N,,P1,NA
custodia,Sreenivasulu,,N,N,Y,Y,N,N,,P1,NA
dbus-c++,Sreenivasulu,,N,N,Y,Y,N,N,,P1,NA
dbxtool,Sreenivasulu,,N,N,Y,Y,N,N,,CP_batch1,fwupd
dcraw,Sreenivasulu,,N,N,Y,Y,N,N,,P1,NA
deltarpm,Sreenivasulu,,N,N,Y,Y,N,N,,P1,NA
delve,Sreenivasulu,,N,N,Y,Y,N,N,,P1,NA
device-mapper-persistent-data,Sreenivasulu,,N,N,Y,Y,N,N,,P1,NA
diffstat,Sreenivasulu,,N,N,Y,Y,N,N,,P1,NA
discount,Sreenivasulu,,N,N,Y,Y,N,N,,P1,NA
distribution-gpg-keys,Kevin,,N,N,Y,N,N,Y,,P1,NA
dleyna-connector-dbus,Sreenivasulu,,N,N,Y,Y,N,N,,P1,dleyna
dleyna-core,Sreenivasulu,,N,N,Y,Y,N,N,,P1,NA
dmraid,Sreenivasulu,,N,N,Y,Y,N,N,,P1,NA
docbook-simple,Sreenivasulu,,N,N,Y,Y,N,N,,P1,NA
docbook-slides,Sreenivasulu,,N,N,Y,Y,N,N,,P1,NA
docbook-utils,Sreenivasulu,,N,N,Y,Y,N,N,,P1,NA
docbook5-style-xsl,Sreenivasulu,,N,N,Y,Y,N,N,,P1,NA
dogtail,Sumit,,Y,N,Y,Y,N,N,,P1,NA
dotconf,Sumit,,N,N,Y,Y,N,N,,P1,NA
dovecot,Sumit,,N,N,Y,Y,N,N,,P1,NA
dpkg,Sumit,To be removed,Y,Y,Y,Y,N,N,This package was removed after discussion.  Reason:  It is no longer in required.,P1,NA
driverctl,Sumit,,N,N,Y,Y,N,N,,P1,NA
dropwatch,Sumit,,N,N,Y,Y,N,N,,P1,NA
drpm,Sumit,,N,N,Y,Y,N,N,,CP_batch1,NA
dumpet,Sumit,,Y,N,Y,Y,N,N,,P1,NA
dvd+rw-tools,Sumit,,N,N,Y,Y,N,N,,P1,NA
dyninst,Sumit,,N,N,Y,Y,N,N,,P1,NA
ecj,Sumit,Y,Y,Y,Y,Y,N,N,"proceeding with upgrade to version 4.23 as version 4.33, from the upstream doesn't have a release candidate yet",P1,NA
edac-utils,Sumit,,N,N,Y,Y,N,N,,P1,NA
efax,Sumit,,N,N,Y,Y,N,N,,P1,NA
efi-rpm-macros,Sumit,Y,Y,Y,Y,Y,N,N,proceeding with upgrade to version 5 as version 6 from the upstream doesn't have a release candidate yet,CP_batch1,NA
egl-wayland,Sumit,,N,N,Y,N,N,Y,,P1,NA
eglexternalplatform,Sumit,,N,N,Y,N,N,Y,,P1,NA
elinks,Sumit,,N,N,Y,Y,N,N,,P1,NA
enca,Sumit,,N,N,Y,Y,N,N,,P1,NA
enchant,Sumit,,Y,N,Y,Y,N,N,,P1,NA
enscript,Sumit,,N,N,Y,Y,N,N,,P1,NA
evemu,Sumit,,N,N,Y,Y,N,N,,P1,NA
exempi,Jyoti,,N,N,Y,Y,N,N,,P1,NA
exiv2,Jyoti,,N,N,Y,Y,N,N,,P1,NA
fabtests,Jyoti,,N,N,Y,Y,N,N,,P1,NA
facter,Jyoti,,N,N,Y,Y,N,N,,P1,NA
fakechroot,Jyoti,,N,N,Y,Y,N,N,,P1,NA
fapolicyd,Jyoti,,N,N,N,N,Y,N,,P1,NA
fdk-aac-free,Jyoti,,Y,N,Y,Y,N,N,"Which upstream to use.  There are multiple upstreams.
",P1,NA
fence-virt,Jyoti,,N,N,Y,Y,N,N,,P1,fence-agents
fetchmail,Jyoti,,N,N,Y,Y,N,N,,P1,NA
fftw,Jyoti,,N,N,Y,Y,N,N,,P1,NA
filebench,Jyoti,N,Y,Y,Y,Y,N,N,"The confirmation taken was that the alpha version ""1.5-alpha3"" available on the upstream ""https://sourceforge.net/projects/filebench/files/1.5-alpha3/filebench-1.5-alpha3.tar.gz/download"" will not be considered because it is not a GA.  

We will stick to the latest GA version available upstream, which being ""1.4.9.1"" is the same as the 3.0-dev version.  Therefore, no upgrade is required.",CP_batch1,NA
fipscheck,Jyoti,,N,N,Y,Y,N,N,,CP_batch1,libkcapi
flac,Jyoti,,N,N,Y,Y,N,N,,P1,NA
flite,Jyoti,,N,N,Y,Y,N,N,,P1,NA
fltk,Jyoti,,N,N,Y,Y,N,N,,P1,NA
fonts-rpm-macros,Jyoti,,N,N,Y,Y,N,N,,CP_batch1,NA
foomatic-db,Jyoti,Override_to_Y,N,N,Y,Y,N,N,,P1,NA
freeglut,Jyoti,,N,N,Y,N,N,Y,,P1,NA
freeradius,Jyoti,,N,N,Y,Y,N,N,,P1,NA
freexl,Jyoti,,N,N,Y,Y,N,N,,P1,NA
fros,Jyoti,,N,N,Y,Y,N,N,,P1,NA
fstrm,Jyoti,,N,N,Y,Y,N,N,,P1,NA
fuse-overlayfs,Jyoti,,N,N,Y,Y,N,N,,P1,NA
fuse-sshfs,Jyoti,,N,N,Y,Y,N,N,,P1,NA
fxload,Jagadeesh,,N,N,Y,Y,N,N,,P1,NA
gavl,Jagadeesh,,N,N,Y,Y,N,N,,P1,NA
gconf-editor,Jagadeesh,,N,N,Y,Y,N,N,,P1,NA
gcr,Jagadeesh,,N,N,Y,Y,N,N,,P1,NA
gdal,Jagadeesh,,N,N,Y,Y,N,N,,P1,NA
gdisk,Jagadeesh,,N,N,Y,Y,N,N,,P1,NA
generic-logos,Jagadeesh,,N,N,Y,Y,N,N,,P1,NA
genwqe-tools,Jagadeesh,,N,N,Y,Y,N,N,,P1,NA
geoclue2,Jagadeesh,,N,N,Y,Y,N,N,,P1,NA
geolite2,Jagadeesh,,N,N,Y,Y,N,N,,P1,NA
geronimo-specs,Jagadeesh,,N,N,Y,Y,N,N,,P1,NA
ghc-srpm-macros,Jagadeesh,,N,N,Y,Y,N,N,,P1,NA
gl-manpages,Jagadeesh,,N,N,Y,Y,N,N,,P1,NA
glassfish-annotation-api,Jagadeesh,,N,N,Y,Y,N,N,,CP_batch1,jakarta-annotations
glew,Jagadeesh,,N,N,Y,Y,N,N,,CP_batch1,NA
glm,Jagadeesh,,N,N,Y,Y,N,N,,P1,NA
gnome-desktop-testing,Jagadeesh,,N,N,Y,Y,N,N,,P1,NA
gnome-doc-utils,Jagadeesh,,N,N,Y,Y,N,N,,P1,NA
gnome-icon-theme,Jagadeesh,,N,N,Y,Y,N,N,,P1,NA
gnome-keyring,Jagadeesh,,N,N,Y,Y,N,N,,P1,NA
gnu-getopt,Jagadeesh,,N,N,Y,Y,N,N,,P1,NA
gnu-regexp,Jagadeesh,,N,N,Y,Y,N,N,,P1,NA
go-rpm-macros,Jagadeesh,,N,N,Y,Y,N,N,,CP_batch1,NA
gom,Jagadeesh,,N,N,Y,Y,N,N,,P1,NA
google-api-python-client,Jagadeesh,,N,N,Y,Y,N,N,,CP_batch1,NA
google-crosextra-caladea-fonts,Jagadeesh,,N,N,Y,Y,N,N,,P1,NA
google-crosextra-carlito-fonts,Jagadeesh,,N,N,Y,Y,N,N,,P1,google-carlito-fonts
google-noto-cjk-fonts,Jagadeesh,,N,N,Y,Y,N,N,,P1,google-noto-sans-cjk-vf-fonts
google-noto-emoji-fonts,Jagadeesh,,N,N,Y,Y,N,N,,P1,NA
gphoto2,Kevin,Y,Y,Y,Y,Y,N,N,Last patched in Oct 2021,P1,NA
gpm,Kevin,,N,N,Y,Y,N,N,,P1,NA
gpsbabel,Kevin,,N,N,Y,Y,N,N,,P1,NA
graphene,Kevin,Y,Y,Y,Y,Y,N,N,Last patched in Mar 2022,P1,NA
graphite2,Kevin,,N,N,Y,Y,N,N,,P1,NA
gsl,Kevin,,N,N,Y,Y,N,N,,P1,NA
gspell,Kevin,,N,N,Y,Y,N,N,,P1,NA
gssdp,Kevin,Y,Y,Y,Y,Y,N,N,Last patched in Jan 2023,P1,NA
gssntlmssp,Kevin,,N,N,Y,Y,N,N,,P1,NA
gstreamer1,Kevin,,N,N,Y,Y,N,N,,P1,NA
gstreamer1-plugins-base,Kevin,,N,N,Y,Y,N,N,,P1,NA
gtk-vnc,Kevin,Y,Y,Y,Y,Y,N,N,Last imported in Mar 2023,P1,NA
gtkspell,Kevin,,N,N,Y,Y,N,N,,P1,NA
guava20,Kevin,To be removed,Y,Y,Y,Y,N,N,Remove guava20.  Note that guava is available in core (SPECS) at version 33.0.0-1.,CP_batch1,NA
gupnp,Kevin,Y,Y,Y,Y,Y,N,N,Last imported in Feb 2023,P1,NA
gupnp-av,Kevin,,N,N,Y,Y,N,N,,P1,NA
gupnp-dlna,Kevin,,N,N,Y,Y,N,N,,P1,NA
gupnp-igd,Kevin,,N,N,Y,Y,N,N,,P1,NA
hawtjni-runtime,Kevin,Y,Y,Y,Y,Y,N,N,Last work Oct 2021,P1,hawtjni
hdf,Kevin,,N,N,Y,Y,N,N,,CP_batch1,NA
highlight,Kevin,,N,N,Y,Y,N,N,,P1,NA
hping3,Kevin,,N,N,Y,Y,N,N,,P1,NA
hsakmt,Kevin,,N,N,Y,Y,N,N,,P1,NA
httpcomponents-core,Kevin,,N,N,Y,Y,N,N,,P1,NA
hunspell-af,Neeraj,,N,N,Y,Y,N,N,,P1,NA
hunspell-ar,Neeraj,,N,N,Y,Y,N,N,,P1,NA
hunspell-as,Neeraj,,N,N,Y,Y,N,N,,P1,NA
hunspell-ast,Neeraj,,N,N,Y,Y,N,N,,P1,NA
hunspell-az,Akarsh,,N,N,Y,Y,N,N,,P0,NA
hunspell-be,Neeraj,,N,N,Y,Y,N,N,,P1,NA
hunspell-bg,Neeraj,,N,N,Y,Y,N,N,,P1,NA
hunspell-bn,Neeraj,,N,N,Y,Y,N,N,,P1,NA
hunspell-br,Neeraj,,N,N,Y,Y,N,N,,P1,NA
hunspell-ca,Akarsh,,N,N,Y,Y,N,N,,P0,NA
hunspell-cop,Neeraj,,N,N,Y,Y,N,N,,P1,NA
hunspell-csb,Akarsh,,N,N,Y,Y,N,N,,P0,NA
hunspell-cv,Neeraj,,N,N,Y,Y,N,N,,P1,NA
hunspell-cy,Neeraj,,N,N,Y,Y,N,N,,P1,NA
hunspell-da,Neeraj,,N,N,Y,Y,N,N,,P1,NA
hunspell-de,Akarsh,,N,N,Y,Y,N,N,,P0,NA
hunspell-dsb,Neeraj,,N,N,Y,Y,N,N,,P1,NA
hunspell-el,Neeraj,,N,N,Y,Y,N,N,,P1,NA
hunspell-eo,Neeraj,,N,N,Y,Y,N,N,,P1,NA
hunspell-es,Akarsh,,N,N,Y,Y,N,N,,P0,NA
hunspell-et,Neeraj,,N,N,Y,Y,N,N,,P1,NA
hunspell-eu,Akarsh,,N,N,Y,Y,N,N,,P0,NA
hunspell-fa,Neeraj,,N,N,Y,Y,N,N,,P1,NA
hunspell-fj,Neeraj,,N,N,Y,Y,N,N,,P1,NA
hunspell-fo,Neeraj,,N,N,Y,Y,N,N,,P1,NA
hunspell-fr,Neeraj,,N,N,Y,Y,N,N,,P1,NA
hunspell-fur,Neeraj,,N,N,Y,Y,N,N,,P1,NA
hunspell-fy,Neeraj,,N,N,Y,Y,N,N,,P1,NA
hunspell-ga,Akarsh,,N,N,Y,Y,N,N,,P0,NA
hunspell-gd,Neeraj,,N,N,Y,Y,N,N,,P1,NA
hunspell-gl,Neeraj,,N,N,Y,Y,N,N,,P1,NA
hunspell-grc,Neeraj,,N,N,Y,Y,N,N,,P1,NA
hunspell-gu,Neeraj,,N,N,Y,Y,N,N,,P1,NA
hunspell-gv,Neeraj,,N,N,Y,Y,N,N,,P1,NA
hunspell-haw,Neeraj,,N,N,Y,Y,N,N,,P1,NA
hunspell-hi,Neeraj,,N,N,Y,Y,N,N,,P1,NA
hunspell-hil,Neeraj,,N,N,Y,Y,N,N,,P1,NA
hunspell-hr,Neeraj,,N,N,Y,Y,N,N,,P1,NA
hunspell-hsb,Neeraj,,N,N,Y,Y,N,N,,P1,NA
hunspell-ht,Neeraj,,N,N,Y,Y,N,N,,P1,NA
hunspell-hu,Neeraj,,N,N,Y,Y,N,N,,P1,NA
hunspell-hy,Neeraj,,N,N,Y,Y,N,N,,P1,NA
hunspell-ia,Neeraj,,N,N,Y,Y,N,N,,P1,NA
hunspell-id,Neeraj,,N,N,Y,Y,N,N,,P1,NA
hunspell-is,Neeraj,,N,N,Y,Y,N,N,,P1,NA
hunspell-it,Akarsh,,N,N,Y,Y,N,N,,P0,NA
hunspell-kk,Neeraj,,N,N,Y,Y,N,N,,P1,NA
hunspell-km,Neeraj,,N,N,Y,Y,N,N,,P1,NA
hunspell-kn,Neeraj,,N,N,Y,Y,N,N,,P1,NA
hunspell-ko,Neeraj,,N,N,Y,Y,N,N,,P1,NA
hunspell-ku,Neeraj,,N,N,Y,Y,N,N,,P1,NA
hunspell-ky,Neeraj,,N,N,Y,Y,N,N,,P1,NA
hunspell-la,Neeraj,,N,N,Y,Y,N,N,,P1,NA
hunspell-lb,Neeraj,,N,N,Y,Y,N,N,,P1,NA
hunspell-ln,Neeraj,,N,N,Y,Y,N,N,,P1,NA
hunspell-mai,Neeraj,,N,N,Y,Y,N,N,,P1,NA
hunspell-mg,Neeraj,,N,N,Y,Y,N,N,,P1,NA
hunspell-mi,Neeraj,,N,N,Y,Y,N,N,,P1,NA
hunspell-mk,Neeraj,,N,N,Y,Y,N,N,,P1,NA
hunspell-ml,Neeraj,,N,N,Y,Y,N,N,,P1,NA
hunspell-mn,Neeraj,,N,N,Y,Y,N,N,,P1,NA
hunspell-mos,Neeraj,,N,N,Y,Y,N,N,,P1,NA
hunspell-mr,Akarsh,,N,N,Y,Y,N,N,,P0,NA
hunspell-ms,Neeraj,,N,N,Y,Y,N,N,,P1,NA
hunspell-mt,Neeraj,,N,N,Y,Y,N,N,,P1,NA
hunspell-nds,Neeraj,,N,N,Y,Y,N,N,,P1,NA
hunspell-ne,Neeraj,,N,N,Y,Y,N,N,,P1,NA
hunspell-nl,Akarsh,,N,N,Y,Y,N,N,,P0,NA
hunspell-no,Neeraj,,N,N,Y,Y,N,N,,P1,NA
hunspell-nr,Neeraj,,N,N,Y,Y,N,N,,P1,NA
hunspell-nso,Neeraj,,N,N,Y,Y,N,N,,P1,NA
hunspell-ny,Neeraj,,N,N,Y,Y,N,N,,P1,NA
hunspell-om,Neeraj,,N,N,Y,Y,N,N,,P1,NA
hunspell-or,Neeraj,,N,N,Y,Y,N,N,,P1,NA
hunspell-pa,Neeraj,,N,N,Y,Y,N,N,,P1,NA
hunspell-pl,Akarsh,,N,N,Y,Y,N,N,,P0,NA
hunspell-pt,Akarsh,,N,N,Y,Y,N,N,,P0,NA
hunspell-quh,Neeraj,,N,N,Y,Y,N,N,,P1,NA
hunspell-ro,Akarsh,,N,N,Y,Y,N,N,,P0,NA
hunspell-ru,Neeraj,,N,N,Y,Y,N,N,,P1,NA
hunspell-rw,Neeraj,,N,N,Y,Y,N,N,,P1,NA
hunspell-se,Neeraj,,N,N,Y,Y,N,N,,P1,NA
hunspell-shs,Neeraj,,N,N,Y,Y,N,N,,P1,NA
hunspell-si,Neeraj,,N,N,Y,Y,N,N,,P1,NA
hunspell-sk,Neeraj,,N,N,Y,Y,N,N,,P1,NA
hunspell-sl,Neeraj,,N,N,Y,Y,N,N,,P1,NA
hunspell-smj,Neeraj,,N,N,Y,Y,N,N,,P1,NA
hunspell-so,Neeraj,,N,N,Y,Y,N,N,,P1,NA
hunspell-sq,Neeraj,,N,N,Y,Y,N,N,,P1,NA
hunspell-sr,Neeraj,,N,N,Y,Y,N,N,,P1,NA
hunspell-sv,Neeraj,,N,N,Y,Y,N,N,,P1,NA
hunspell-sw,Neeraj,,N,N,Y,Y,N,N,,P1,NA
hunspell-ta,Neeraj,,N,N,Y,Y,N,N,,P1,NA
hunspell-te,Neeraj,,N,N,Y,Y,N,N,,P1,NA
hunspell-tet,Neeraj,,N,N,Y,Y,N,N,,P1,NA
hunspell-th,Neeraj,,N,N,Y,Y,N,N,,P1,NA
hunspell-tk,Neeraj,,N,N,Y,Y,N,N,,P1,NA
hunspell-tl,Neeraj,,N,N,Y,Y,N,N,,P1,NA
hunspell-tn,Neeraj,,N,N,Y,Y,N,N,,P1,NA
hunspell-tpi,Neeraj,,N,N,Y,Y,N,N,,P1,NA
hunspell-ts,Neeraj,,N,N,Y,Y,N,N,,P1,NA
hunspell-uk,Neeraj,,N,N,Y,Y,N,N,,P1,NA
hunspell-uz,Neeraj,,N,N,Y,Y,N,N,,P1,NA
hunspell-ve,Neeraj,,N,N,Y,Y,N,N,,P1,NA
hunspell-vi,Neeraj,,N,N,Y,Y,N,N,,P1,NA
hunspell-wa,Neeraj,,N,N,Y,Y,N,N,,P1,NA
hunspell-xh,Neeraj,,N,N,Y,Y,N,N,,P1,NA
hunspell-yi,Neeraj,,N,N,Y,Y,N,N,,P1,NA
hyphen,Sreenivasulu,,N,N,Y,Y,N,N,,P1,NA
hyphen-as,Sreenivasulu,,N,N,Y,Y,N,N,,P1,NA
hyphen-bg,Sreenivasulu,,N,N,Y,Y,N,N,,P1,NA
hyphen-bn,Sreenivasulu,,N,N,Y,Y,N,N,,P1,NA
hyphen-ca,Sreenivasulu,,N,N,Y,Y,N,N,,P1,NA
hyphen-da,Sreenivasulu,,N,N,Y,Y,N,N,,P1,NA
hyphen-de,Sreenivasulu,,N,N,Y,Y,N,N,,P1,NA
hyphen-el,Sreenivasulu,,N,N,Y,Y,N,N,,P1,NA
hyphen-es,Sreenivasulu,,N,N,Y,Y,N,N,,P1,NA
hyphen-fa,Sreenivasulu,,N,N,Y,Y,N,N,,P1,NA
hyphen-fo,Sreenivasulu,,N,N,Y,Y,N,N,,P1,NA
hyphen-fr,Sreenivasulu,,N,N,Y,Y,N,N,,P1,NA
hyphen-ga,Sreenivasulu,,N,N,Y,Y,N,N,,P1,NA
hyphen-gl,Sreenivasulu,,N,N,Y,Y,N,N,,P1,NA
hyphen-grc,Sreenivasulu,,N,N,Y,Y,N,N,,P1,NA
hyphen-gu,Sreenivasulu,,N,N,Y,Y,N,N,,P1,NA
hyphen-hi,Sreenivasulu,,N,N,Y,Y,N,N,,P1,NA
hyphen-hsb,Sreenivasulu,,N,N,Y,Y,N,N,,P1,NA
hyphen-hu,Sreenivasulu,,N,N,Y,Y,N,N,,P1,NA
hyphen-ia,Sreenivasulu,,N,N,Y,Y,N,N,,P1,NA
hyphen-id,Sreenivasulu,,N,N,Y,Y,N,N,,P1,NA
hyphen-is,Sreenivasulu,,N,N,Y,Y,N,N,,P1,NA
hyphen-it,Sreenivasulu,,N,N,Y,Y,N,N,,P1,NA
hyphen-kn,Sreenivasulu,,N,N,Y,Y,N,N,,P1,NA
hyphen-ku,Sreenivasulu,,N,N,Y,Y,N,N,,P1,NA
hyphen-lt,Sreenivasulu,,N,N,Y,Y,N,N,,P1,NA
hyphen-mi,Sreenivasulu,,N,N,Y,Y,N,N,,P1,NA
hyphen-ml,Sreenivasulu,,N,N,Y,Y,N,N,,P1,NA
hyphen-mn,Sreenivasulu,,N,N,Y,Y,N,N,,P1,NA
hyphen-mr,Sreenivasulu,,N,N,Y,Y,N,N,,P1,NA
hyphen-nl,Sreenivasulu,,N,N,Y,Y,N,N,,P1,NA
hyphen-or,Sreenivasulu,,N,N,Y,Y,N,N,,P1,NA
hyphen-pa,Sreenivasulu,,N,N,Y,Y,N,N,,P1,NA
hyphen-pl,Sreenivasulu,,N,N,Y,Y,N,N,,P1,NA
hyphen-pt,Sreenivasulu,,N,N,Y,Y,N,N,,P1,NA
hyphen-ro,Sreenivasulu,,N,N,Y,Y,N,N,,P1,NA
hyphen-ru,Sreenivasulu,,N,N,Y,Y,N,N,,P1,NA
hyphen-sa,Sreenivasulu,,N,N,Y,Y,N,N,,P1,NA
hyphen-sk,Sreenivasulu,,N,N,Y,Y,N,N,,P1,NA
hyphen-sl,Sreenivasulu,,N,N,Y,Y,N,N,,P1,NA
hyphen-sv,Sreenivasulu,,N,N,Y,Y,N,N,,P1,NA
hyphen-ta,Sreenivasulu,,N,N,Y,Y,N,N,,P1,NA
hyphen-te,Sreenivasulu,,N,N,Y,Y,N,N,,P1,NA
hyphen-tk,Sreenivasulu,,N,N,Y,Y,N,N,,P1,NA
hyphen-uk,Sreenivasulu,,N,N,Y,Y,N,N,,P1,NA
ibus,Sumit,,Y,Y,Y,Y,N,N,It was decided that the latest upstream version 1.5.31-beta2 as seen in Fedora sources will be what we upgrade to.,P1,NA
ibus-chewing,Sumit,,N,N,Y,Y,N,N,,P1,NA
ibus-hangul,Sumit,,N,N,Y,Y,N,N,,P1,NA
ibus-kkc,Sumit,,N,N,Y,Y,N,N,,P1,NA
ibus-libzhuyin,Sumit,,N,N,Y,Y,N,N,,P1,NA
ibus-m17n,Sumit,,N,N,Y,Y,N,N,,P1,NA
ibus-rawcode,Sumit,,N,N,Y,Y,N,N,,P1,NA
ibus-sayura,Sumit,,N,N,Y,Y,N,N,,P1,NA
ibus-table,Sumit,,N,N,Y,Y,N,N,,P1,NA
ibus-table-chinese,Sumit,,N,N,Y,Y,N,N,,P1,NA
icc-profiles-openicc,Sumit,,N,N,Y,Y,N,N,,P1,NA
icon-naming-utils,Sumit,,N,N,Y,Y,N,N,,P1,NA
iftop,Sumit,,N,N,Y,Y,N,N,,P1,NA
iio-sensor-proxy,Sumit,,N,N,Y,Y,N,N,,P1,NA
ilmbase,Sumit,,Y,N,Y,Y,N,N,,P1,NA
imaptest,Sumit,,N,N,Y,Y,N,N,,P1,NA
indent,Sumit,,N,N,Y,Y,N,N,,P1,NA
iniparser,Sumit,,N,N,Y,N,N,Y,,P1,NA
intel-cmt-cat,Sumit,,N,N,Y,Y,N,N,,CP_batch1,NA
ioping,Sumit,,N,N,Y,Y,N,N,,P1,NA
ipa-pgothic-fonts,Sumit,,N,N,Y,Y,N,N,,P1,NA
ipcalc,Sumit,,N,N,Y,Y,N,N,,P1,NA
iprutils,Sumit,,N,N,Y,Y,N,N,,P1,NA
iptstate,Sumit,,N,N,Y,Y,N,N,,P1,NA
irssi,Sumit,,N,N,Y,Y,N,N,,P1,NA
iso-codes,Akarsh,,N,N,Y,Y,N,N,,P1,NA
isomd5sum,Akarsh,,N,N,Y,Y,N,N,,CP_batch1,NA
iwd,Sumit,,N,N,Y,Y,N,N,,CP_batch1,NA
jabberpy,Akarsh,,N,N,Y,Y,N,N,,P1,NA
jakarta-taglibs-standard,Akarsh,,N,N,Y,Y,N,N,,P1,NA
jansi,Akarsh,,N,N,Y,Y,N,N,,P1,NA
jarjar,Akarsh,,N,N,Y,Y,N,N,,P1,NA
javacc,Akarsh,,N,N,Y,Y,N,N,,P1,NA
javacc-bootstrap,Akarsh,,N,N,Y,Y,N,N,,P1,NA
jbigkit,Akarsh,,N,N,Y,Y,N,N,,P1,NA
jboss-interceptors,Akarsh,,N,N,Y,Y,N,N,,P1,NA
jdepend,Akarsh,,N,N,Y,Y,N,N,,P1,NA
jdom2,Akarsh,,N,N,Y,Y,N,N,,P1,NA
jfsutils,Akarsh,,N,N,Y,Y,N,N,,P1,NA
jimtcl,Akarsh,,N,N,Y,Y,N,N,,P1,NA
jlex,Sumit,,N,N,Y,Y,N,N,,CP_batch1,NA
jline,Akarsh,,N,N,Y,Y,N,N,,P1,NA
jose,Akarsh,,N,N,Y,Y,N,N,,P0,NA
js-jquery,Akarsh,,N,N,Y,Y,N,N,,P1,NA
jsch,Akarsh,,N,N,Y,Y,N,N,,P1,NA
jsoncpp,Sumit,,N,N,Y,Y,N,N,,CP_batch1,NA
jsoup,Akarsh,,N,N,Y,Y,N,N,,P1,NA
jtidy,Akarsh,,N,N,Y,Y,N,N,,P1,NA
junitperf,Akarsh,,N,N,Y,Y,N,N,,CP_batch1,NA
jzlib,Akarsh,,N,N,Y,Y,N,N,,P1,NA
kde-filesystem,Aninda,,N,N,Y,Y,N,N,,P0,NA
kernel-rt,Aninda,,N,N,Y,Y,N,N,,P1,NA
keybinder3,Aninda,,N,N,Y,Y,N,N,,P1,NA
keycloak-httpd-client-install,Aninda,,N,N,Y,Y,N,N,,CP_batch1,NA
kronosnet,Aninda,,N,N,Y,Y,N,N,,P1,NA
kyotocabinet,Aninda,,N,N,Y,Y,N,N,,P1,NA
ladspa,Aninda,,N,N,Y,Y,N,N,,P1,NA
lame,Aninda,,N,N,Y,Y,N,N,,P1,NA
langtable,Aninda,,N,N,Y,Y,N,N,,P1,NA
lasso,Aninda,,N,N,Y,Y,N,N,,CP_batch1,NA
latencytop,Aninda,,N,N,Y,Y,N,N,,P1,NA
lcov,Aninda,,N,N,Y,Y,N,N,,P1,NA
ledmon,Aninda,,N,N,Y,Y,N,N,,CP_batch1,NA
lensfun,Aninda,,N,N,Y,Y,N,N,,CP_batch1,NA
lftp,Aninda,,N,N,Y,Y,N,N,,P1,NA
libEMF,Aninda,,N,N,Y,Y,N,N,,P1,NA
libIDL,Aninda,,N,N,Y,Y,N,N,,P1,NA
libXScrnSaver,Aninda,,N,N,Y,Y,N,N,,P0,NA
libXres,Aninda,,N,N,Y,N,N,Y,,P1,NA
libXv,Aninda,,N,N,Y,N,N,Y,,P1,NA
libabw,Aninda,,N,N,Y,Y,N,N,,P1,NA
libao,Aninda,,N,N,Y,Y,N,N,,P1,NA
libappstream-glib,Aninda,,N,N,Y,Y,N,N,,P1,NA
libart_lgpl,Aninda,,N,N,Y,Y,N,N,,P1,NA
libasyncns,Aninda,,N,N,Y,Y,N,N,,P1,NA
libavc1394,Jyoti,,N,N,Y,Y,N,N,,P1,NA
libblockdev,Jyoti,,N,N,Y,Y,N,N,,P1,NA
libbsd,Jyoti,,N,N,Y,Y,N,N,,P1,NA
libbytesize,Jyoti,,N,N,Y,Y,N,N,,P1,NA
libcanberra,Jyoti,,N,N,Y,Y,N,N,,P1,NA
libcdio,Jyoti,,N,N,Y,Y,N,N,,P1,NA
libcdio-paranoia,Jyoti,,N,N,Y,Y,N,N,,P1,NA
libcdr,Jyoti,,N,N,Y,Y,N,N,,P1,NA
libchewing,Jyoti,,N,N,Y,Y,N,N,,P1,NA
libcli,Jyoti,,N,N,Y,Y,N,N,,P1,NA
libcmis,Jyoti,,N,N,Y,Y,N,N,,P1,NA
libcmpiutil,Jyoti,,N,N,Y,Y,N,N,,P1,NA
libcroco,Jyoti,,N,N,Y,Y,N,N,,P1,NA
libdap,Jyoti,,N,N,Y,Y,N,N,,P1,NA
libdatrie,Jyoti,,N,N,Y,Y,N,N,,P1,NA
libdazzle,Jyoti,,N,N,Y,Y,N,N,,P1,NA
libdbi,Jyoti,,N,N,Y,Y,N,N,,P1,NA
libdbi-drivers,Jyoti,,N,N,N,N,Y,N,,P1,NA
libdbusmenu,Jyoti,,N,N,Y,Y,N,N,,P1,NA
libdc1394,Jyoti,,N,N,Y,Y,N,N,,P1,NA
libdeflate,Jyoti,,N,N,Y,Y,N,N,,P1,NA
libdmx,Jyoti,,N,N,Y,Y,N,N,,P1,NA
libdvdnav,Jyoti,,N,N,Y,Y,N,N,,P1,NA
libdvdread,Jyoti,,N,N,Y,Y,N,N,,P1,NA
libeasyfc,Jyoti,,N,N,Y,Y,N,N,,P0,NA
libecap,Jagadeesh,,N,N,Y,Y,N,N,,P1,NA
libecb,Jagadeesh,,N,N,Y,Y,N,N,,P1,NA
libeot,Jagadeesh,,N,N,Y,Y,N,N,,P1,NA
libepubgen,Jagadeesh,,N,N,Y,Y,N,N,,P1,NA
libesmtp,Jagadeesh,,N,N,Y,Y,N,N,,P1,NA
libetonyek,Jagadeesh,,N,N,Y,Y,N,N,,P1,NA
libexttextcat,Jagadeesh,,N,N,Y,Y,N,N,,P1,NA
libfreehand,Jagadeesh,,N,N,Y,Y,N,N,,P1,NA
libftdi,Jagadeesh,,N,N,Y,Y,N,N,,CP_batch1,NA
libgadu,Jagadeesh,,N,N,Y,Y,N,N,,P1,NA
libgdither,Jagadeesh,,N,N,Y,Y,N,N,,P1,NA
libgee,Jagadeesh,,N,N,Y,Y,N,N,,P1,NA
libgee06,Jagadeesh,,N,N,Y,Y,N,N,,P1,NA
libgeotiff,Jagadeesh,,N,N,Y,Y,N,N,,P1,NA
libgexiv2,Jagadeesh,,N,N,Y,Y,N,N,,P1,NA
libgit2-glib,Jagadeesh,,N,N,Y,Y,N,N,,P1,NA
libglade2,Jagadeesh,,N,N,Y,Y,N,N,,P1,NA
libgovirt,Jagadeesh,,N,N,Y,Y,N,N,,P1,NA
libgphoto2,Kevin,,N,N,Y,Y,N,N,,CP_batch1,NA
libgsf,Jagadeesh,,N,N,Y,Y,N,N,,P1,NA
libgta,Jagadeesh,,N,N,Y,Y,N,N,,P1,NA
libgxps,Jagadeesh,,N,N,Y,Y,N,N,,P1,NA
libhangul,Jagadeesh,,N,N,Y,Y,N,N,,P1,NA
libibcommon,Jagadeesh,,N,N,Y,Y,N,N,,P1,NA
libicns,Jagadeesh,,N,N,Y,Y,N,N,,P1,NA
libid3tag,Jagadeesh,,N,N,Y,Y,N,N,,P1,NA
libidn2,Kevin,,N,N,Y,N,N,Y,,P1,NA
libiec61883,Kevin,,N,N,Y,Y,N,N,,P1,NA
libieee1284,Kevin,,N,N,Y,Y,N,N,,P1,NA
libimobiledevice,Kevin,,N,N,Y,Y,N,N,,P1,NA
libindicator,Kevin,,N,N,Y,Y,N,N,,P1,NA
libiodbc,Kevin,,N,N,Y,Y,N,N,,P1,NA
libipt,Kevin,,N,N,Y,Y,N,N,,CP_batch1,NA
libiptcdata,Kevin,,N,N,Y,Y,N,N,,P1,NA
libjcat,Kevin,,N,N,Y,Y,N,N,,P1,NA
libkeepalive,Kevin,,N,N,Y,Y,N,N,,P1,NA
libkkc,Kevin,,N,N,Y,Y,N,N,,P1,NA
libkkc-data,Kevin,,N,N,Y,Y,N,N,,P1,NA
libkml,Kevin,,N,N,Y,Y,N,N,,P1,NA
liblangtag,Kevin,,N,N,Y,Y,N,N,,P1,NA
libldb,Kevin,,N,N,Y,Y,N,N,,P1,NA
liblerc,Kevin,,N,N,Y,Y,N,N,,P1,NA
liblockfile,Kevin,,N,N,Y,Y,N,N,,P1,NA
liblouis,Kevin,,N,N,Y,Y,N,N,,P1,NA
liblqr-1,Kevin,,N,N,Y,Y,N,N,,P1,NA
libmad,Kevin,,N,N,Y,Y,N,N,,P1,NA
libmediaart,Kevin,,N,N,Y,Y,N,N,,P1,NA
libmicrohttpd,Kevin,,N,N,Y,N,N,Y,,P1,NA
libmikmod,Kevin,,N,N,Y,Y,N,N,,P1,NA
libmodman,Kevin,,N,N,Y,Y,N,N,,P1,NA
libmodplug,Kevin,,N,N,Y,Y,N,N,,P1,NA
libmodulemd1,Akarsh,,N,N,Y,Y,N,N,,P1,NA
libmpcdec,Akarsh,,N,N,Y,Y,N,N,,P1,NA
libmspub,Akarsh,,N,N,Y,Y,N,N,,P1,NA
libmtp,Akarsh,,N,N,Y,Y,N,N,,P1,NA
libmusicbrainz5,Akarsh,,N,N,Y,Y,N,N,,P1,NA
libmwaw,Akarsh,,N,N,Y,Y,N,N,,P1,NA
libnet,Archana,,N,N,Y,Y,N,N,,P1,NA
libntlm,Akarsh,,N,N,Y,Y,N,N,,P1,NA
libnumbertext,Akarsh,,N,N,Y,Y,N,N,,P1,NA
liboauth,Akarsh,,N,N,Y,Y,N,N,,P1,NA
libodfgen,Akarsh,,N,N,Y,Y,N,N,,P1,NA
libofa,Akarsh,,N,N,Y,Y,N,N,,P1,NA
libogg,Akarsh,,N,N,Y,Y,N,N,,P1,NA
liboggz,Akarsh,,N,N,Y,Y,N,N,,P1,NA
liboil,Akarsh,,N,N,Y,Y,N,N,,P1,NA
libomxil-bellagio,Akarsh,,N,N,Y,Y,N,N,,P1,NA
libopenraw,Akarsh,,N,N,Y,Y,N,N,,P1,NA
liboping,Akarsh,,N,N,Y,Y,N,N,,P1,NA
libosinfo,Akarsh,,N,N,Y,Y,N,N,,P1,NA
libotf,Akarsh,,N,N,Y,Y,N,N,,P1,NA
libotr,Sumit,Override_to_Y,N,N,Y,Y,N,N,,P1,NA
libpagemaker,Akarsh,,N,N,Y,Y,N,N,,P1,NA
libpaper,Akarsh,,N,N,Y,Y,N,N,,P0,NA
libpeas,Archana,,N,N,Y,Y,N,N,,P1,NA
libpfm,Akarsh,,N,N,Y,Y,N,N,,P0,NA
libpinyin,Sumit,,Y,Y,Y,Y,N,N,It was decided that the prelease version 2.9.92 available in Fedora sources will prevail over the last stable version 2.8.1,P1,NA
libplist,Kevin,Y,N,N,Y,Y,N,N,"Instead of Sumit, Kevin picked it up first.",CP_batch1,NA
libpmemobj-cpp,Sumit,,Y,N,Y,Y,N,N,,P1,NA
libpng12,Sumit,,N,N,Y,Y,N,N,,P1,NA
libpng15,Sumit,,N,N,Y,Y,N,N,,P1,NA
libproxy,Sumit,,N,N,Y,Y,N,N,,P1,NA
libqb,Sumit,,N,N,Y,Y,N,N,,P1,NA
libqxp,Sumit,,N,N,Y,Y,N,N,,P1,NA
librabbitmq,Sumit,,N,N,Y,Y,N,N,,P1,NA
libraqm,Sumit,,N,N,Y,Y,N,N,,P1,NA
libraw1394,Sumit,,N,N,Y,Y,N,N,,P1,NA
libreport,Sumit,,N,N,Y,Y,N,N,,P1,NA
librevenge,Sumit,,N,N,Y,Y,N,N,,P1,NA
librx,Sumit,,N,N,Y,Y,N,N,,CP_batch1,NA
libsamplerate,Sumit,,N,N,Y,Y,N,N,,P1,NA
libsass,Sumit,,N,N,Y,Y,N,N,,P1,NA
libsecret,Sumit,,N,N,Y,Y,N,N,,P1,NA
libsigc++20,Sumit,,N,N,Y,Y,N,N,,CP_batch1,NA
libsigsegv,Sumit,,N,N,Y,Y,N,N,,P1,NA
libsmbios,Sumit,,N,N,Y,Y,N,N,,P1,NA
libspiro,Sumit,Override_to_Y,N,N,Y,Y,N,N,,P1,NA
libsrtp,Sumit,,N,N,Y,Y,N,N,,P1,NA
libstaroffice,Sumit,,N,N,Y,Y,N,N,,P1,NA
libstemmer,Sumit,,Y,N,Y,Y,N,N,,P1,snowball
libtdb,Sumit,,N,N,Y,Y,N,N,,P1,NA
libteam,Sreenivasulu,,N,N,Y,Y,N,N,,P1,NA
libtevent,Sreenivasulu,,N,N,Y,Y,N,N,,CP_batch1,NA
libthai,Sreenivasulu,,N,N,Y,Y,N,N,,P1,NA
libtheora,Sreenivasulu,,N,N,Y,Y,N,N,,P1,NA
libtnc,Sreenivasulu,,N,N,Y,Y,N,N,,CP_batch1,NA
libtomcrypt,Sreenivasulu,,N,N,Y,Y,N,N,,P1,NA
libtommath,Sreenivasulu,,N,N,Y,Y,N,N,,P1,NA
libtranslit,Sreenivasulu,,N,N,Y,Y,N,N,,P1,NA
libucil,Sreenivasulu,,N,N,Y,Y,N,N,,P1,NA
libunicap,Sreenivasulu,,N,N,Y,Y,N,N,,P1,NA
libuninameslist,Sreenivasulu,,N,N,Y,Y,N,N,,P1,NA
libusbmuxd,Kevin,Y,N,N,Y,Y,N,N,Kevin has picked up the upgrade of this package as on 30 Oct 2024.,P1,NA
libuser,Sreenivasulu,,N,N,Y,N,N,Y,,P1,NA
libutempter,Sreenivasulu,,N,N,Y,Y,N,N,,P1,NA
libva,Sreenivasulu,,N,N,Y,N,N,Y,,P1,NA
libvarlink,Sreenivasulu,,N,N,Y,Y,N,N,,P1,NA
libvdpau,Sreenivasulu,,N,N,Y,Y,N,N,,P1,NA
libverto,Sreenivasulu,,N,N,Y,Y,N,N,,P1,NA
libvisio,Sreenivasulu,,N,N,Y,Y,N,N,,P1,NA
libvisual,Sreenivasulu,,N,N,Y,Y,N,N,,P1,NA
libvorbis,Sreenivasulu,,N,N,Y,Y,N,N,,P1,NA
libvpx,Sreenivasulu,,N,N,Y,Y,N,N,,P1,NA
libwnck3,Sreenivasulu,,N,N,Y,Y,N,N,,P1,NA
libwpd,Sreenivasulu,,N,N,Y,Y,N,N,,P1,NA
libwpe,Sreenivasulu,,N,N,Y,Y,N,N,,P1,NA
libwpg,Aninda,,N,N,Y,Y,N,N,,P1,NA
libwps,Aninda,,N,N,Y,Y,N,N,,P1,NA
libwvstreams,Aninda,,N,N,Y,Y,N,N,,P1,NA
libxklavier,Aninda,,N,N,Y,Y,N,N,,P1,NA
libxmlb,Aninda,,N,N,Y,Y,N,N,,P1,NA
libyami,Aninda,,N,N,Y,Y,N,N,,CP_batch1,NA
libyubikey,Aninda,,N,N,Y,Y,N,N,,P1,NA
libzmf,Aninda,,N,N,Y,Y,N,N,,P1,NA
lilv,Aninda,,N,N,Y,Y,N,N,,P1,NA
linuxconsoletools,Aninda,,N,N,Y,Y,N,N,,P1,NA
lksctp-tools,Aninda,,N,N,Y,Y,N,N,,P0,NA
lockdev,Aninda,,N,N,Y,Y,N,N,,P1,NA
logwatch,Aninda,,N,N,Y,Y,N,N,,P1,NA
lpsolve,Aninda,,N,N,Y,Y,N,N,,P0,NA
lrzsz,Aninda,,N,N,Y,Y,N,N,,CP_batch1,NA
lua-expat,Aninda,,N,N,Y,Y,N,N,,P1,NA
lua-filesystem,Aninda,,N,N,Y,Y,N,N,,P1,NA
lua-json,Aninda,,N,N,Y,Y,N,N,,P1,NA
lua-lpeg,Aninda,,N,N,Y,Y,N,N,,P1,NA
lua-lunit,Aninda,,N,N,Y,Y,N,N,,P1,lua-lunitx
lua-term,Aninda,,N,N,Y,Y,N,N,,P1,NA
luksmeta,Aninda,,N,N,Y,Y,N,N,,P1,NA
lv2,Aninda,,N,N,Y,Y,N,N,,P1,NA
lzip,Aninda,,N,N,Y,Y,N,N,,P1,NA
m17n-db,Aninda,,N,N,Y,Y,N,N,,P0,NA
m17n-lib,Aninda,,N,N,Y,Y,N,N,,P1,NA
mailx,Neeraj,,N,N,Y,Y,N,N,,P1,s-nail
mallard-rng,Archana,,N,N,Y,Y,N,N,,P1,NA
man-pages-cs,Neeraj,,N,N,Y,Y,N,N,,P1,man-pages-l10n
man-pages-es,Neeraj,,N,N,Y,Y,N,N,,P1,man-pages-l10n
man-pages-it,Neeraj,,N,N,Y,Y,N,N,,P1,man-pages-l10n
man-pages-ja,Aninda,,N,N,Y,Y,N,N,,P0,NA
man-pages-ko,Neeraj,,N,N,Y,Y,N,N,,P1,man-pages-l10n
man-pages-pl,Neeraj,,N,N,Y,Y,N,N,,P1,man-pages-l10n
man-pages-ru,Neeraj,,N,N,Y,Y,N,N,,P1,man-pages-l10n
man-pages-zh-CN,Neeraj,,N,N,Y,Y,N,N,,P1,NA
mariadb-connector-odbc,Aninda,,N,N,Y,Y,N,N,,P0,NA
marisa,Jagadeesh,,N,N,Y,Y,N,N,,P1,NA
maven-parent,Archana,,N,N,Y,Y,N,N,,P1,NA
mcelog,Aninda,,N,N,Y,Y,N,N,,P0,NA
mdds,Aninda,,N,N,Y,Y,N,N,,P0,NA
meanwhile,Aninda,,N,N,Y,Y,N,N,,P0,NA
mecab,Archana,,N,N,Y,Y,N,N,,P1,NA
mecab-ipadic,Archana,,N,N,Y,Y,N,N,,P1,NA
media-player-info,Archana,,N,N,Y,Y,N,N,,P1,NA
memkind,Akhila,,N,N,Y,Y,N,N,,New P0,NA
metis,Aninda,,N,N,Y,Y,N,N,,P0,NA
microcode_ctl,Archana,,N,N,Y,Y,N,N,,CP_batch1,NA
microdnf,Archana,,N,N,Y,Y,N,N,,P1,NA
minicom,Akhila,,N,N,Y,Y,N,N,,New P0,NA
minizip,Archana,,N,N,Y,Y,N,N,,P1,minizip-ng
mksh,,,N,N,Y,Y,N,N,,,NA
mobile-broadband-provider-info,Aninda,,N,N,Y,Y,N,N,,P0,NA
mock,Akarsh,,N,N,Y,N,N,Y,,P1,NA
mock-core-configs,Akarsh,,N,N,Y,N,N,Y,,P1,NA
mod_auth_gssapi,Akarsh,,N,N,Y,Y,N,N,,P1,NA
mod_auth_mellon,Akarsh,,N,N,Y,Y,N,N,,P1,NA
mod_auth_openidc,Aninda,,N,N,Y,Y,N,N,,P0,NA
mod_authnz_pam,Aninda,,N,N,Y,Y,N,N,,P0,NA
mod_fcgid,,,N,N,Y,Y,N,N,,,NA
mod_http2,Akhila,,N,N,Y,Y,N,N,,New P0,NA
mod_intercept_form_submit,Aninda,,N,N,Y,Y,N,N,,P0,NA
mod_lookup_identity,,,N,N,Y,Y,N,N,,,NA
mod_md,Aninda,,N,N,Y,Y,N,N,,P0,NA
mod_security,Aninda,,N,N,Y,Y,N,N,,P0,NA
mod_security_crs,Aninda,,N,N,Y,Y,N,N,,P0,NA
mod_wsgi,Akarsh,,N,N,Y,Y,N,N,,P1,NA
mosh,Akarsh,,N,N,Y,Y,N,N,,CP_batch1,NA
mpage,,,N,N,Y,Y,N,N,,,NA
mrtg,Akarsh,,N,N,Y,Y,N,N,,CP_batch1,NA
mt-st,Akarsh,,N,N,Y,Y,N,N,,CP_batch1,NA
mtr,Akarsh,,N,N,Y,N,N,Y,,P1,NA
mtx,,,N,N,Y,Y,N,N,,,NA
mutt,Akarsh,,N,N,Y,Y,N,N,,CP_batch1,NA
mythes,Aninda,,N,N,Y,Y,N,N,,P0,NA
mythes-bg,,,N,N,Y,Y,N,N,,,NA
mythes-ca,Aninda,,N,N,Y,Y,N,N,,P0,NA
mythes-cs,,,N,N,Y,Y,N,N,,,NA
mythes-da,,,N,N,Y,Y,N,N,,,NA
mythes-de,Aninda,,N,N,Y,Y,N,N,,P0,NA
mythes-el,,,N,N,Y,Y,N,N,,,NA
mythes-en,Aninda,,N,N,Y,Y,N,N,,P1,NA
mythes-eo,,,N,N,Y,Y,N,N,,,NA
mythes-es,,,N,N,Y,Y,N,N,,,NA
mythes-fr,,,N,N,Y,Y,N,N,,,NA
mythes-ga,,,N,N,Y,Y,N,N,,,NA
mythes-hu,,,N,N,Y,Y,N,N,,,NA
mythes-mi,,,N,N,Y,Y,N,N,,,NA
mythes-ne,,,N,N,Y,Y,N,N,,,NA
mythes-nl,,,N,N,Y,Y,N,N,,,NA
mythes-pl,,,N,N,Y,Y,N,N,,,NA
mythes-pt,,,N,N,Y,Y,N,N,,,NA
mythes-ro,,,N,N,Y,Y,N,N,,,NA
mythes-ru,,,N,N,Y,Y,N,N,,,NA
mythes-sk,,,N,N,Y,Y,N,N,,,NA
mythes-sl,,,N,N,Y,Y,N,N,,,NA
mythes-sv,,,N,N,Y,Y,N,N,,,NA
mythes-uk,,,N,N,Y,Y,N,N,,,NA
neon,Jagadeesh,,N,N,Y,Y,N,N,,P0,NA
netcdf,Aninda,,N,N,Y,Y,N,N,,P1,NA
netcf,,,N,N,Y,Y,N,N,,,NA
netlabel_tools,,,N,N,Y,Y,N,N,,,NA
netpbm,Aninda,,N,N,Y,Y,N,N,,P1,NA
netsniff-ng,Aninda,,N,N,Y,Y,N,N,,P1,NA
nilfs-utils,Jagadeesh,,N,N,Y,Y,N,N,,P0,NA
nkf,,,N,N,Y,Y,N,N,,,NA
nload,,,N,N,Y,Y,N,N,,,NA
nmi,Aninda,,N,N,N,N,Y,N,,P1,NA
nodejs-nodemon,Jagadeesh,,N,N,Y,Y,N,N,,P0,NA
nodejs-packaging,Jagadeesh,,N,N,Y,Y,N,N,,P0,NA
nss-mdns,Aninda,,N,N,Y,N,N,Y,,P1,NA
nss-pam-ldapd,,,N,N,Y,Y,N,N,,,NA
numatop,Jagadeesh,,N,N,Y,Y,N,N,,P0,NA
nvmetcli,Jagadeesh,,N,N,Y,Y,N,N,,P0,NA
objectweb-anttask,Aninda,,N,N,Y,Y,N,N,,P1,NA
objenesis,Aninda,,N,N,Y,Y,N,N,,P1,NA
ocaml-calendar,Jagadeesh,,N,N,Y,Y,N,N,,P0,NA
ocaml-camlp5,Aninda,,N,N,Y,Y,N,N,,P1,NA
ocaml-csv,Jagadeesh,,N,N,Y,Y,N,N,,P0,NA
ocaml-curses,Jagadeesh,,N,N,Y,Y,N,N,,P0,NA
ocaml-extlib,Jagadeesh,,N,N,Y,Y,N,N,,P0,NA
ocaml-fpath,,,N,N,Y,Y,N,N,,,NA
ocaml-libvirt,Jagadeesh,,N,N,Y,Y,N,N,,P0,NA
ocaml-markup,Jagadeesh,,N,N,Y,Y,N,N,,P0,NA
ocaml-parsexp,Aninda,,N,N,Y,N,N,Y,,P1,NA
ocaml-sexplib,Aninda,,N,N,Y,N,N,Y,,P1,NA
ocaml-tyxml,Jagadeesh,,N,N,Y,Y,N,N,,P0,NA
ocaml-xml-light,Jagadeesh,,N,N,Y,Y,N,N,,P0,NA
ocaml-zarith,Jagadeesh,,N,N,Y,Y,N,N,,P0,NA
ocl-icd,Jagadeesh,,N,N,Y,Y,N,N,,P0,NA
oddjob,Jagadeesh,,N,N,Y,Y,N,N,,P0,NA
ogdi,Jagadeesh,,N,N,Y,Y,N,N,,P1,NA
omping,,,N,N,Y,Y,N,N,,,NA
opal,Jagadeesh,,N,N,Y,Y,N,N,,P1,NA
opencc,Jagadeesh,,N,N,Y,Y,N,N,,P1,NA
opencl-filesystem,,,N,N,Y,Y,N,N,,,NA
opencl-headers,Jagadeesh,,N,N,Y,Y,N,N,,P0,NA
opencryptoki,Jagadeesh,,N,N,Y,Y,N,N,,P0,NA
opendnssec,Jagadeesh,,N,N,Y,Y,N,N,,CP_batch1,NA
openjpeg2,,,N,N,Y,Y,N,N,,,openjpeg
openobex,,,N,N,Y,Y,N,N,,,NA
openoffice-lv,Jagadeesh,,N,N,Y,Y,N,N,,P0,NA
openrdate,,,N,N,Y,Y,N,N,,,NA
openslp,,,N,N,Y,Y,N,N,,,NA
openssl-ibmpkcs11,,,N,N,Y,Y,N,N,,,NA
openwsman,Jagadeesh,,N,N,Y,Y,N,N,,CP_batch1,NA
optipng,Jagadeesh,,N,N,Y,Y,N,N,,P0,NA
opus,Jyoti,,N,N,Y,Y,N,N,,P0,NA
opusfile,,,N,N,Y,Y,N,N,,,NA
orc,Jyoti,,N,N,Y,Y,N,N,,P0,NA
oro,Jagadeesh,,N,N,Y,Y,N,N,,CP_batch1,NA
os-prober,Jyoti,,N,N,Y,Y,N,N,,P0,NA
osgi-annotation,Jagadeesh,,N,N,Y,Y,N,N,,P1,NA
osgi-compendium,Jagadeesh,,N,N,Y,Y,N,N,,P1,NA
osgi-core,Jagadeesh,,N,N,Y,Y,N,N,,P1,NA
osinfo-db,Jyoti,,N,N,Y,Y,N,N,,P0,NA
osinfo-db-tools,Jyoti,,N,N,Y,Y,N,N,,P0,NA
overpass-fonts,Jagadeesh,,N,N,Y,Y,N,N,,P1,NA
pacemaker,Jyoti,,N,N,Y,Y,N,N,,P1,NA
pacrunner,,,N,N,Y,Y,N,N,,,NA
pakchois,,,N,N,Y,Y,N,N,,,NA
papi,Jyoti,,N,N,Y,Y,N,N,,P1,NA
paps,Jyoti,,N,N,Y,Y,N,N,,P0,NA
parallel,Jyoti,,N,N,Y,Y,N,N,,P0,NA
pbzip2,,,N,N,Y,Y,N,N,,,NA
pcp,Sandeep,,N,N,Y,Y,N,N,,P1,NA
perl-Algorithm-C3,Jyoti,,N,N,Y,N,N,Y,,P1,NA
perl-Algorithm-Diff,Jyoti,,N,N,Y,Y,N,N,,P0,NA
perl-Alien-Build,Jyoti,,N,N,Y,Y,N,N,,P1,NA
perl-Alien-pkgconf,Jyoti,,N,N,Y,Y,N,N,,P1,NA
perl-AnyEvent,,,N,N,Y,Y,N,N,,,NA
perl-AnyEvent-AIO,,,N,N,Y,Y,N,N,,,NA
perl-AnyEvent-BDB,Jyoti,Override_to_Y,N,N,Y,Y,N,N,,P1,NA
perl-App-FatPacker,,,N,N,Y,Y,N,N,,,NA
perl-AppConfig,,,N,N,Y,Y,N,N,,,NA
perl-Archive-Extract,Jyoti,,N,N,Y,Y,N,N,,P0,NA
perl-Authen-SASL,Sumit,,N,N,Y,Y,N,N,,New P0,NA
perl-B-Debug,,,N,N,Y,Y,N,N,,,NA
perl-B-Hooks-EndOfScope,Jyoti,,N,N,Y,Y,N,N,,P0,NA
perl-B-Hooks-OP-Check,Jyoti,,N,N,Y,N,N,Y,,P1,NA
perl-B-Keywords,Jyoti,,N,N,Y,Y,N,N,,P0,NA
perl-B-Lint,,,N,N,Y,Y,N,N,,,NA
perl-BDB,Jyoti,,N,N,N,N,Y,N,,P1,NA
perl-BSD-Resource,,,N,N,Y,Y,N,N,,,NA
perl-Browser-Open,,,N,N,Y,Y,N,N,,,NA
perl-Business-ISBN,Jyoti,,N,N,Y,Y,N,N,,P1,NA
perl-Business-ISBN-Data,Jyoti,,N,N,Y,Y,N,N,,P0,NA
perl-CBOR-XS,Sumit,,N,N,Y,Y,N,N,,New P0,NA
perl-CSS-Tiny,,,N,N,Y,Y,N,N,,,NA
perl-Class-C3,Sumit,,N,N,Y,Y,N,N,,New P0,NA
perl-Class-C3-XS,Jyoti,,N,N,Y,Y,N,N,,P0,NA
perl-Class-Data-Inheritable,Jyoti,,N,N,Y,Y,N,N,,P0,NA
perl-Class-Factory-Util,,,N,N,Y,Y,N,N,,,NA
perl-Class-ISA,Kevin,,N,N,Y,N,N,Y,,P1,NA
perl-Class-Inspector,,,N,N,Y,Y,N,N,,,NA
perl-Class-Load,Kevin,,N,N,Y,Y,N,N,,P1,NA
perl-Class-Load-XS,Kevin,,N,N,Y,Y,N,N,,P1,NA
perl-Class-Method-Modifiers,Jyoti,,N,N,Y,Y,N,N,,P0,NA
perl-Class-Singleton,Jyoti,,N,N,Y,Y,N,N,,P0,NA
perl-Class-Tiny,Sumit,,N,N,Y,Y,N,N,,New P0,NA
perl-Class-XSAccessor,Kevin,,N,N,Y,N,N,Y,,P1,NA
perl-Clone,Kevin,,N,N,Y,N,N,Y,,P1,NA
perl-Color-ANSI-Util,Kevin,,N,N,Y,Y,N,N,,P1,NA
perl-Color-RGB-Util,Kevin,,N,N,Y,Y,N,N,,P1,NA
perl-ColorThemeBase-Static,Kevin,,N,N,Y,Y,N,N,,P1,NA
perl-ColorThemeRole-ANSI,Kevin,,N,N,Y,Y,N,N,,P1,NA
perl-ColorThemeUtil-ANSI,Kevin,,N,N,Y,Y,N,N,,P1,NA
perl-ColorThemes-Standard,Kevin,,N,N,Y,Y,N,N,,P1,NA
perl-Compress-LZF,Sreenivasulu,,N,N,Y,Y,N,N,,P1,NA
perl-Compress-Raw-Lzma,Sumit,,N,N,Y,Y,N,N,,New P0,NA
perl-Config-AutoConf,Sumit,,N,N,Y,Y,N,N,,New P0,NA
perl-Config-INI,Sumit,,N,N,Y,Y,N,N,,New P0,NA
perl-Config-INI-Reader-Multiline,,,N,N,Y,Y,N,N,,,NA
perl-Config-IniFiles,Jyoti,,N,N,Y,Y,N,N,,P0,NA
perl-Config-Simple,,,N,N,Y,Y,N,N,,,NA
perl-Config-Tiny,Sumit,,N,N,Y,Y,N,N,,New P0,NA
perl-Const-Fast,Sreenivasulu,,N,N,Y,Y,N,N,,P1,NA
perl-Convert-ASN1,Jyoti,,N,N,Y,Y,N,N,,P0,NA
perl-Convert-Bencode,,,N,N,Y,Y,N,N,,,NA
perl-Coro,,,N,N,Y,Y,N,N,,,NA
perl-Coro-Multicore,Sreenivasulu,,N,N,Y,Y,N,N,,P1,NA
perl-Cpanel-JSON-XS,Sreenivasulu,,N,N,Y,Y,N,N,,P1,NA
perl-Crypt-CBC,Sreenivasulu,,N,N,Y,Y,N,N,,P1,NA
perl-Crypt-DES,Sreenivasulu,,N,N,Y,Y,N,N,,P1,NA
perl-Crypt-IDEA,,,N,N,Y,Y,N,N,,,NA
perl-Crypt-OpenSSL-Bignum,,,N,N,Y,Y,N,N,,,NA
perl-Crypt-OpenSSL-Guess,Jyoti,,N,N,Y,Y,N,N,,P0,NA
perl-Crypt-OpenSSL-RSA,Sumit,,N,N,Y,Y,N,N,,P1,NA
perl-Crypt-OpenSSL-Random,Jyoti,,N,N,Y,Y,N,N,,P0,NA
perl-Crypt-PasswdMD5,Sreenivasulu,,N,N,Y,Y,N,N,,P1,NA
perl-DBD-MySQL,Sreenivasulu,,N,N,Y,Y,N,N,,P1,NA
perl-Data-Munge,Sreenivasulu,,N,N,Y,Y,N,N,,P1,NA
perl-Data-OptList,Sreenivasulu,,N,N,Y,N,N,Y,,P1,NA
perl-Data-Peek,Jyoti,,N,N,Y,Y,N,N,,P0,NA
perl-Data-Section,Sumit,,N,N,Y,Y,N,N,,New P0,NA
perl-Data-UUID,Jyoti,,N,N,Y,Y,N,N,,P0,NA
perl-Date-ISO8601,,,N,N,Y,Y,N,N,,,NA
perl-Date-Manip,Jyoti,,N,N,Y,Y,N,N,,P0,NA
perl-DateTime,Sumit,,N,N,Y,Y,N,N,,P1,NA
perl-DateTime-Format-Builder,Sumit,,N,N,Y,Y,N,N,,P1,NA
perl-DateTime-Format-DateParse,Sumit,,N,N,Y,Y,N,N,,P1,NA
perl-DateTime-Format-HTTP,Sumit,,N,N,Y,Y,N,N,,P1,NA
perl-DateTime-Format-IBeat,Sumit,,N,N,Y,Y,N,N,,P1,NA
perl-DateTime-Format-ISO8601,Sumit,,N,N,Y,Y,N,N,,P1,NA
perl-DateTime-Format-Mail,Sumit,,N,N,Y,Y,N,N,,P1,NA
perl-DateTime-Format-Strptime,Sumit,,N,N,Y,Y,N,N,,P1,NA
perl-DateTime-Locale,Sumit,,N,N,Y,Y,N,N,,P1,NA
perl-DateTime-TimeZone,Sumit,,N,N,Y,Y,N,N,,P1,NA
perl-DateTime-TimeZone-SystemV,,,N,N,Y,Y,N,N,,,NA
perl-DateTime-TimeZone-Tzfile,,,N,N,Y,Y,N,N,,,NA
perl-Devel-CallChecker,Kevin,,N,N,Y,Y,N,N,,P0,NA
perl-Devel-Caller,Akarsh,,N,N,Y,N,N,Y,,P1,NA
perl-Devel-Cycle,Akarsh,,N,N,Y,N,N,Y,,P1,NA
perl-Devel-EnforceEncapsulation,,,N,N,Y,Y,N,N,,,NA
perl-Devel-GlobalDestruction,Akarsh,,N,N,Y,N,N,Y,,P1,NA
perl-Devel-GlobalDestruction-XS,Akarsh,,N,N,Y,N,N,Y,,P1,NA
perl-Devel-Hide,Akarsh,,N,N,Y,N,N,Y,,P1,NA
perl-Devel-Leak,,,N,N,Y,Y,N,N,,,NA
perl-Devel-LexAlias,Akarsh,,N,N,Y,N,N,Y,,P1,NA
perl-Devel-Size,Kevin,,N,N,Y,Y,N,N,,P0,NA
perl-Digest-BubbleBabble,Akarsh,,N,N,Y,Y,N,N,,P1,NA
perl-Digest-CRC,Kevin,,N,N,Y,Y,N,N,,P0,NA
perl-Dist-CheckConflicts,,,N,N,Y,Y,N,N,,,NA
perl-DynaLoader-Functions,Kevin,,N,N,Y,Y,N,N,,P0,NA
perl-EV,Sumit,,N,N,Y,Y,N,N,,New P0,NA
perl-Email-Address,Kevin,,N,N,Y,Y,N,N,,P0,NA
perl-Email-Date-Format,Kevin,,N,N,Y,Y,N,N,,P0,NA
perl-Encode-Detect,,,N,N,Y,Y,N,N,,,NA
perl-Encode-EUCJPASCII,,,N,N,Y,Y,N,N,,,NA
perl-Encode-IMAPUTF7,,,N,N,Y,Y,N,N,,,NA
perl-Env-ShellWords,Akarsh,,N,N,Y,Y,N,N,,P1,NA
perl-Error,,,N,N,Y,Y,N,N,,,NA
perl-Eval-Closure,,,N,N,Y,Y,N,N,,,NA
perl-Event,Kevin,,N,N,Y,Y,N,N,,P0,NA
perl-Exception-Class,Kevin,,N,N,Y,Y,N,N,,P0,NA
perl-ExtUtils-Config,Kevin,,N,N,Y,Y,N,N,,P0,NA
perl-ExtUtils-Depends,Akarsh,,N,N,Y,N,N,Y,,P1,NA
perl-ExtUtils-Helpers,Kevin,,N,N,Y,Y,N,N,,P0,NA
perl-ExtUtils-InstallPaths,Kevin,,N,N,Y,Y,N,N,,P0,NA
perl-ExtUtils-PkgConfig,,,N,N,Y,Y,N,N,,,NA
perl-FCGI,Akarsh,,N,N,Y,Y,N,N,,P1,NA
perl-FFI-CheckLib,Akarsh,,N,N,Y,Y,N,N,,P1,NA
perl-File-BOM,Aninda,,N,N,Y,Y,N,N,,P1,NA
perl-File-BaseDir,Aninda,,N,N,Y,Y,N,N,,P1,NA
perl-File-CheckTree,,,N,N,Y,Y,N,N,,,NA
perl-File-Copy-Recursive,Aninda,,N,N,Y,Y,N,N,,P1,NA
perl-File-DesktopEntry,Aninda,,N,N,Y,Y,N,N,,P1,NA
perl-File-Find-Object,Aninda,,N,N,Y,Y,N,N,,P1,NA
perl-File-Find-Object-Rule,Aninda,,N,N,Y,Y,N,N,,P1,NA
perl-File-Find-Rule,,,N,N,Y,Y,N,N,,,NA
perl-File-Find-Rule-Perl,Sumit,,N,N,Y,Y,N,N,,New P0,NA
perl-File-Inplace,,,N,N,Y,Y,N,N,,,NA
perl-File-MimeInfo,Aninda,,N,N,Y,Y,N,N,,P1,NA
perl-File-ReadBackwards,Kevin,,N,N,Y,Y,N,N,,P0,NA
perl-File-Remove,Kevin,,N,N,Y,Y,N,N,,P0,NA
perl-File-ShareDir,Sumit,,N,N,Y,Y,N,N,,New P0,NA
perl-File-ShareDir-Install,Kevin,,N,N,Y,Y,N,N,,P0,NA
perl-File-Slurp,Kevin,,N,N,Y,Y,N,N,,P0,NA
perl-File-Slurp-Tiny,,,N,N,Y,Y,N,N,,,NA
perl-File-Slurper,Sumit,,N,N,Y,Y,N,N,,New P0,NA
perl-File-Type,,,N,N,Y,Y,N,N,,,NA
perl-File-chdir,,,N,N,Y,Y,N,N,,,NA
perl-Font-TTF,,,N,N,Y,Y,N,N,,,NA
perl-FreezeThaw,,,N,N,Y,Y,N,N,,,NA
perl-GD,Sumit,,N,N,Y,Y,N,N,,New P0,NA
perl-GD-Barcode,Aninda,,N,N,Y,Y,N,N,,P1,NA
perl-GSSAPI,,,N,N,Y,Y,N,N,,,NA
perl-Getopt-ArgvFile,,,N,N,Y,Y,N,N,,,NA
perl-Graphics-ColorNamesLite-WWW,,,N,N,Y,Y,N,N,,,NA
perl-Guard,,,N,N,Y,Y,N,N,,,NA
perl-HTML-Tree,,,N,N,Y,Y,N,N,,,NA
perl-Hook-LexWrap,,,N,N,Y,Y,N,N,,,NA
perl-IO-AIO,Kevin,,N,N,Y,Y,N,N,,P0,NA
perl-IO-All,Aninda,,N,N,Y,Y,N,N,,P1,NA
perl-IO-CaptureOutput,Aninda,,N,N,Y,Y,N,N,,P1,NA
perl-IO-Compress-Lzma,Sumit,,N,N,Y,Y,N,N,,New P0,NA
perl-IO-Multiplex,,,N,N,Y,Y,N,N,,,NA
perl-IO-SessionData,,,N,N,Y,Y,N,N,,,NA
perl-IO-Socket-INET6,Aninda,,N,N,Y,Y,N,N,,P1,NA
perl-IPC-Run3,Kevin,,N,N,Y,Y,N,N,,P0,NA
perl-IPC-System-Simple,,,N,N,Y,Y,N,N,,,NA
perl-Image-Base,,,N,N,Y,Y,N,N,,,NA
perl-Image-Info,Sumit,,N,N,Y,Y,N,N,,New P0,NA
perl-Image-Xbm,,,N,N,Y,Y,N,N,,,NA
perl-Image-Xpm,,,N,N,Y,Y,N,N,,,NA
perl-Import-Into,Jagadeesh,,N,N,Y,N,N,Y,,P1,NA
perl-Importer,Kevin,,N,N,Y,Y,N,N,,P0,NA
perl-Inline-Files,,,N,N,Y,Y,N,N,,,NA
perl-JSON-Color,Jagadeesh,,N,N,Y,Y,N,N,,P1,NA
perl-JSON-MaybeXS,Jagadeesh,,N,N,Y,Y,N,N,,P1,NA
perl-LDAP,Jagadeesh,,N,N,Y,Y,N,N,,P1,NA
perl-LWP-Protocol-https,Kevin,,N,N,Y,Y,N,N,,P0,NA
perl-Lingua-EN-Inflect,Kevin,,N,N,Y,Y,N,N,,P0,NA
perl-List-MoreUtils-XS,Sumit,,N,N,Y,Y,N,N,,New P0,NA
perl-Locale-Codes,Kevin,,N,N,Y,Y,N,N,,P0,NA
perl-Locale-Maketext-Gettext,Kevin,,N,N,Y,Y,N,N,,P0,NA
perl-Locale-Msgfmt,Sumit,,N,N,Y,Y,N,N,,CP_batch1,NA
perl-Locale-PO,,,N,N,Y,Y,N,N,,,NA
perl-Log-Message,,,N,N,Y,Y,N,N,,,NA
perl-Log-Message-Simple,,,N,N,Y,Y,N,N,,,NA
perl-MIME-Charset,Jagadeesh,,N,N,Y,Y,N,N,,CP_batch1,NA
perl-MIME-Lite,Jagadeesh,,N,N,Y,Y,N,N,,P1,NA
perl-MIME-Types,Jagadeesh,,N,N,Y,Y,N,N,,P1,NA
perl-MLDBM,Jagadeesh,,N,N,Y,Y,N,N,,P1,NA
perl-MRO-Compat,Sreenivasulu,,N,N,Y,Y,N,N,,P0,NA
perl-Mail-AuthenticationResults,Sumit,,N,N,Y,Y,N,N,,New P0,NA
perl-Mail-DKIM,Jagadeesh,,N,N,Y,Y,N,N,,P1,NA
perl-Mail-IMAPTalk,Sreenivasulu,,N,N,Y,Y,N,N,,P0,NA
perl-Mail-SPF,Jyoti,,N,N,Y,Y,N,N,,P1,NA
perl-MailTools,,,N,N,Y,Y,N,N,,,NA
perl-Math-Int64,Sreenivasulu,,N,N,Y,Y,N,N,,P0,NA
perl-Mixin-Linewise,Sumit,,N,N,Y,Y,N,N,,New P0,NA
perl-Module-Build-Tiny,Jyoti,,N,N,Y,Y,N,N,,P1,NA
perl-Module-Implementation,,,N,N,Y,N,N,Y,,,NA
perl-Module-Install-AuthorRequires,Jyoti,,N,N,Y,Y,N,N,,CP_batch1,NA
perl-Module-Install-AutoLicense,Jyoti,,N,N,Y,Y,N,N,,P1,NA
perl-Module-Install-GithubMeta,Archana,,N,N,Y,Y,N,N,,CP_batch1,NA
perl-Module-Install-ManifestSkip,,,N,N,Y,Y,N,N,,,NA
perl-Module-Install-ReadmeFromPod,Jyoti,,N,N,Y,Y,N,N,,P1,NA
perl-Module-Install-ReadmeMarkdownFromPod,,,N,N,Y,Y,N,N,,,NA
perl-Module-Install-TestBase,,,N,N,Y,Y,N,N,,,NA
perl-Module-Load-Util,Sumit,,N,N,Y,Y,N,N,,New P0,NA
perl-Module-Manifest,,,N,N,Y,Y,N,N,,,NA
perl-Module-Manifest-Skip,,,N,N,Y,Y,N,N,,,NA
perl-Module-Package,Jyoti,,N,N,Y,Y,N,N,,P1,NA
perl-Module-Package-Au,Jyoti,,N,N,Y,Y,N,N,,P1,NA
perl-Module-Pluggable,,,N,N,Y,Y,N,N,,,NA
perl-Module-Runtime,Jyoti,,N,N,Y,N,N,Y,,P1,NA
perl-Module-Signature,Jyoti,,N,N,Y,Y,N,N,,P1,NA
perl-Mojolicious,Sreenivasulu,,N,N,Y,Y,N,N,,P0,NA
perl-Moo,Sreenivasulu,,N,N,Y,Y,N,N,,P0,NA
perl-Mozilla-CA,Sreenivasulu,,N,N,Y,Y,N,N,,P0,NA
perl-Mozilla-LDAP,,,N,N,Y,Y,N,N,,,NA
perl-NNTPClient,,,N,N,Y,Y,N,N,,,NA
perl-Net-CIDR-Lite,,,N,N,Y,Y,N,N,,,NA
perl-Net-DNS,Jyoti,,N,N,Y,Y,N,N,,P1,NA
perl-Net-DNS-Resolver-Mock,Jyoti,,N,N,Y,Y,N,N,,P1,NA
perl-Net-DNS-Resolver-Programmable,Jyoti,,N,N,Y,Y,N,N,,P1,NA
perl-Net-Daemon,Sreenivasulu,,N,N,Y,Y,N,N,,P0,NA
perl-Net-IMAP-Simple,,,N,N,Y,Y,N,N,,,NA
perl-Net-IMAP-Simple-SSL,,,N,N,Y,Y,N,N,,,NA
perl-Net-IP,,,N,N,Y,Y,N,N,,,NA
perl-Net-LibIDN2,Jyoti,,N,N,Y,Y,N,N,,P1,NA
perl-Net-Patricia,,,N,N,Y,Y,N,N,,,NA
perl-Net-SMTP-SSL,,,N,N,Y,Y,N,N,,,NA
perl-Net-SNMP,,,N,N,Y,Y,N,N,,,NA
perl-Net-Telnet,Sreenivasulu,,N,N,Y,Y,N,N,,P0,NA
perl-Newt,,,N,N,Y,Y,N,N,,,NA
perl-Number-Compare,,,N,N,Y,Y,N,N,,,NA
perl-Object-Deadly,,,N,N,Y,Y,N,N,,,NA
perl-Object-HashBase,Sreenivasulu,,N,N,Y,Y,N,N,,P0,NA
perl-PAR-Dist,Sreenivasulu,,N,N,Y,Y,N,N,,P0,NA
perl-PPI,Sumit,,N,N,Y,Y,N,N,,New P0,NA
perl-PPI-HTML,Kevin,,N,N,Y,Y,N,N,,CP_batch1,NA
perl-PPIx-QuoteLike,Kevin,,N,N,Y,Y,N,N,,P1,NA
perl-PPIx-Regexp,Sumit,,N,N,Y,Y,N,N,,New P0,NA
perl-PPIx-Utilities,Kevin,,N,N,Y,Y,N,N,,P1,NA
perl-Package-Anon,,,N,N,Y,Y,N,N,,,NA
perl-Package-Constants,,,N,N,Y,Y,N,N,,,NA
perl-Package-DeprecationManager,Kevin,,N,N,Y,Y,N,N,,P1,NA
perl-Package-Generator,Kevin,,N,N,Y,N,N,Y,,P1,NA
perl-Package-Stash,Kevin,,N,N,Y,Y,N,N,,P1,NA
perl-Package-Stash-XS,Sumit,,N,N,Y,Y,N,N,,New P0,NA
perl-PadWalker,Kevin,,N,N,Y,N,N,Y,,P1,NA
perl-Paper-Specs,,,N,N,Y,Y,N,N,,,NA
perl-Parallel-Iterator,Sreenivasulu,,N,N,Y,Y,N,N,,P0,NA
perl-Params-Classify,,,N,N,Y,Y,N,N,,,NA
perl-Params-Util,Kevin,,N,N,Y,N,N,Y,,P1,NA
perl-Params-Validate,Kevin,,N,N,Y,Y,N,N,,P1,NA
perl-Params-ValidationCompiler,Kevin,,N,N,Y,Y,N,N,,P1,NA
perl-Parse-RecDescent,,,N,N,Y,Y,N,N,,,NA
perl-Parse-Yapp,,,N,N,Y,Y,N,N,,,NA
perl-Path-Tiny,Sreenivasulu,,N,N,Y,Y,N,N,,P1,NA
perl-Perl-Critic,Sreenivasulu,,N,N,Y,Y,N,N,,P1,NA
perl-Perl-Critic-More,Sreenivasulu,,N,N,Y,Y,N,N,,P1,NA
perl-Perl-Destruct-Level,Sreenivasulu,,N,N,Y,N,N,Y,,P1,NA
perl-Perl-MinimumVersion,Sreenivasulu,,N,N,Y,Y,N,N,,P1,NA
perl-Perl4-CoreLibs,Sreenivasulu,,N,N,Y,Y,N,N,,P1,NA
perl-PerlIO-gzip,,,N,N,Y,Y,N,N,,,NA
perl-PerlIO-utf8_strict,Sumit,,N,N,Y,Y,N,N,,New P0,NA
perl-PkgConfig-LibPkgConf,Sumit,,N,N,Y,Y,N,N,,P1,NA
perl-Pod-Coverage-TrustPod,Sumit,,N,N,Y,Y,N,N,,New P0,NA
perl-Pod-Escapes,,,N,N,Y,Y,N,N,,,NA
perl-Pod-Eventual,Sumit,,N,N,Y,Y,N,N,,New P0,NA
perl-Pod-LaTeX,,,N,N,Y,Y,N,N,,,NA
perl-Pod-Markdown,Sumit,,N,N,Y,Y,N,N,,New P0,NA
perl-Pod-POM,,,N,N,Y,Y,N,N,,,NA
perl-Pod-Plainer,,,N,N,Y,Y,N,N,,,NA
perl-Pod-Spell,Sumit,,N,N,Y,Y,N,N,,New P0,NA
perl-Probe-Perl,,,N,N,Y,Y,N,N,,,NA
perl-Razor-Agent,Sreenivasulu,,N,N,Y,Y,N,N,,P0,NA
perl-Readonly,Sreenivasulu,,N,N,Y,Y,N,N,,P1,NA
perl-Readonly-XS,,,N,N,Y,Y,N,N,,,NA
perl-Ref-Util,Sreenivasulu,,N,N,Y,Y,N,N,,P1,NA
perl-Ref-Util-XS,Sreenivasulu,,N,N,Y,Y,N,N,,P1,NA
perl-Regexp-Pattern-Perl,Sreenivasulu,,N,N,Y,Y,N,N,,P0,NA
perl-Return-MultiLevel,Sreenivasulu,,N,N,Y,Y,N,N,,P0,NA
perl-Role-Tiny,Sreenivasulu,,N,N,Y,Y,N,N,,P0,NA
perl-SGMLSpm,,,N,N,Y,Y,N,N,,,NA
perl-SNMP_Session,Sreenivasulu,,N,N,Y,Y,N,N,,P0,NA
perl-SUPER,Sreenivasulu,,N,N,Y,N,N,Y,,P1,NA
perl-Scope-Guard,,,N,N,Y,Y,N,N,,,NA
perl-Scope-Upper,Sreenivasulu,,N,N,Y,Y,N,N,,P0,NA
perl-Socket6,,,N,N,Y,Y,N,N,,,NA
perl-Software-License,Sumit,,N,N,Y,Y,N,N,,New P0,NA
perl-Sort-Versions,,,N,N,Y,Y,N,N,,,NA
perl-Specio,Sumit,,N,N,Y,Y,N,N,,P1,NA
perl-Spiffy,,,N,N,Y,Y,N,N,,,NA
perl-String-CRC32,Sreenivasulu,,N,N,Y,Y,N,N,,P0,NA
perl-String-Format,,,N,N,Y,Y,N,N,,,NA
perl-String-Similarity,,,N,N,Y,Y,N,N,,,NA
perl-Sub-Exporter,Sumit,,N,N,Y,N,N,Y,,P1,NA
perl-Sub-Exporter-Progressive,Sumit,,N,N,Y,N,N,Y,,P1,NA
perl-Sub-Identify,Sumit,,N,N,Y,N,N,Y,,P1,NA
perl-Sub-Info,,,N,N,Y,Y,N,N,,,NA
perl-Sub-Install,Sumit,,N,N,Y,N,N,Y,,P1,NA
perl-Sub-Quote,Sumit,,N,N,Y,N,N,Y,,P1,NA
perl-Sub-Uplevel,,,N,N,Y,Y,N,N,,,NA
perl-Switch,,,N,N,Y,Y,N,N,,,NA
perl-Syntax-Highlight-Engine-Kate,Sumit,,N,N,Y,Y,N,N,,CP_batch1,NA
perl-Sys-CPU,,,N,N,Y,Y,N,N,,,NA
perl-Sys-MemInfo,,,N,N,Y,Y,N,N,,,NA
perl-Taint-Runtime,,,N,N,Y,Y,N,N,,,NA
perl-Task-Weaken,,,N,N,Y,Y,N,N,,,NA
perl-Term-Size-Any,,,N,N,Y,Y,N,N,,,NA
perl-Term-Size-Perl,,,N,N,Y,Y,N,N,,,NA
perl-Term-Table,Sumit,,N,N,Y,Y,N,N,,P1,NA
perl-Term-UI,Sumit,,N,N,Y,Y,N,N,,New P0,NA
perl-TermReadKey,,,N,N,Y,Y,N,N,,,NA
perl-Test-Base,,,N,N,Y,Y,N,N,,,NA
perl-Test-CPAN-Meta,,,N,N,Y,Y,N,N,,,NA
perl-Test-CPAN-Meta-JSON,,,N,N,Y,Y,N,N,,,NA
perl-Test-ClassAPI,,,N,N,Y,Y,N,N,,,NA
perl-Test-Differences,Sumit,,N,N,Y,Y,N,N,,New P0,NA
perl-Test-DistManifest,,,N,N,Y,Y,N,N,,,NA
perl-Test-Distribution,Sumit,,N,N,Y,Y,N,N,,P1,NA
perl-Test-EOL,Sreenivasulu,,N,N,Y,Y,N,N,,P0,NA
perl-Test-Exception,,,N,N,Y,Y,N,N,,,NA
perl-Test-Exit,,,N,N,Y,Y,N,N,,,NA
perl-Test-FailWarnings,,,N,N,Y,Y,N,N,,,NA
perl-Test-File,Sreenivasulu,,N,N,Y,Y,N,N,,P0,NA
perl-Test-File-ShareDir,Sumit,,N,N,Y,Y,N,N,,P1,NA
perl-Test-Harness,Sreenivasulu,,N,N,Y,Y,N,N,,P0,NA
perl-Test-HasVersion,,,N,N,Y,Y,N,N,,,NA
perl-Test-InDistDir,,,N,N,Y,Y,N,N,,,NA
perl-Test-Inter,Sreenivasulu,,N,N,Y,Y,N,N,,P0,NA
perl-Test-LongString,,,N,N,Y,Y,N,N,,,NA
perl-Test-Manifest,Sreenivasulu,,N,N,Y,Y,N,N,,P0,NA
perl-Test-Memory-Cycle,,,N,N,Y,N,N,Y,,,NA
perl-Test-MinimumVersion,,,N,N,Y,Y,N,N,,,NA
perl-Test-MockObject,,,N,N,Y,Y,N,N,,,NA
perl-Test-MockRandom,,,N,N,Y,Y,N,N,,,NA
perl-Test-NoTabs,,,N,N,Y,Y,N,N,,,NA
perl-Test-Object,,,N,N,Y,Y,N,N,,,NA
perl-Test-Output,,,N,N,Y,N,N,Y,,,NA
perl-Test-Portability-Files,,,N,N,Y,Y,N,N,,,NA
perl-Test-Requires,,,N,N,Y,N,N,Y,,,NA
perl-Test-RequiresInternet,,,N,N,Y,Y,N,N,,,NA
perl-Test-Script,,,N,N,Y,Y,N,N,,,NA
perl-Test-Simple,,,N,N,Y,Y,N,N,,,NA
perl-Test-SubCalls,,,N,N,Y,Y,N,N,,,NA
perl-Test-Synopsis,Sreenivasulu,,N,N,Y,Y,N,N,,P0,NA
perl-Test-Taint,,,N,N,Y,N,N,Y,,,NA
perl-Test-TrailingSpace,,,N,N,Y,Y,N,N,,,NA
perl-Test-Vars,,,N,N,Y,Y,N,N,,,NA
perl-Test-Warn,Sumit,,N,N,Y,Y,N,N,,New P0,NA
perl-Test-Without-Module,,,N,N,Y,N,N,Y,,,NA
perl-Test-utf8,Archana,,N,N,Y,Y,N,N,,CP_batch1,NA
perl-Test2-Plugin-NoWarnings,,,N,N,Y,Y,N,N,,,NA
perl-Test2-Suite,,,N,N,Y,Y,N,N,,,NA
perl-Test2-Tools-Explain,,,N,N,Y,Y,N,N,,,NA
perl-Text-CSV_XS,Sumit,,N,N,Y,Y,N,N,,New P0,NA
perl-Text-CharWidth,,,N,N,Y,Y,N,N,,,NA
perl-Text-Diff,,,N,N,Y,Y,N,N,,,NA
perl-Text-Glob,,,N,N,Y,Y,N,N,,,NA
perl-Text-Iconv,,,N,N,Y,Y,N,N,,,NA
perl-Text-Soundex,,,N,N,Y,Y,N,N,,,NA
perl-Text-Unidecode,,,N,N,Y,Y,N,N,,,NA
perl-Text-WrapI18N,,,N,N,Y,Y,N,N,,,NA
perl-Tie-IxHash,,,N,N,Y,Y,N,N,,,NA
perl-Tree-DAG_Node,Sumit,,N,N,Y,Y,N,N,,New P0,NA
perl-UNIVERSAL-can,,,N,N,Y,Y,N,N,,,NA
perl-UNIVERSAL-isa,,,N,N,Y,Y,N,N,,,NA
perl-Unicode-EastAsianWidth,,,N,N,Y,Y,N,N,,,NA
perl-Unicode-LineBreak,,,N,N,Y,Y,N,N,,,NA
perl-Unicode-Map8,,,N,N,Y,Y,N,N,,,NA
perl-Unicode-String,,,N,N,Y,Y,N,N,,,NA
perl-Unicode-UTF8,,,N,N,Y,Y,N,N,,,NA
perl-Unix-Syslog,,,N,N,Y,Y,N,N,,,NA
perl-Variable-Magic,Sumit,,N,N,Y,Y,N,N,,P0,NA
perl-Version-Requirements,Sumit,,N,N,Y,Y,N,N,,P0,NA
perl-XML-Catalog,Sumit,,N,N,Y,Y,N,N,,P0,NA
perl-XML-DOM,,,N,N,Y,Y,N,N,,,NA
perl-XML-Dumper,,,N,N,Y,Y,N,N,,,NA
perl-XML-Filter-BufferText,,,N,N,Y,Y,N,N,,,NA
perl-XML-Generator,Sumit,,N,N,Y,Y,N,N,,New P0,NA
perl-XML-Grove,,,N,N,Y,Y,N,N,,,NA
perl-XML-Handler-YAWriter,,,N,N,Y,Y,N,N,,,NA
perl-XML-LibXSLT,,,N,N,Y,Y,N,N,,,NA
perl-XML-Parser-Lite,,,N,N,Y,Y,N,N,,,NA
perl-XML-RegExp,,,N,N,Y,Y,N,N,,,NA
perl-XML-SAX-Writer,,,N,N,Y,Y,N,N,,,NA
perl-XML-Simple,,,N,N,Y,Y,N,N,,,NA
perl-XML-TokeParser,,,N,N,Y,Y,N,N,,,NA
perl-XML-TreeBuilder,,,N,N,Y,Y,N,N,,,NA
perl-XML-Twig,,,N,N,Y,Y,N,N,,,NA
perl-XML-Writer,Sumit,,N,N,Y,Y,N,N,,P0,NA
perl-XML-XPathEngine,,,N,N,Y,Y,N,N,,,NA
perl-XString,Sumit,,N,N,Y,Y,N,N,,P0,NA
perl-YAML-LibYAML,Sumit,,N,N,Y,Y,N,N,,P0,NA
perl-YAML-PP,,,N,N,Y,Y,N,N,,,NA
perl-YAML-Syck,Sumit,,N,N,Y,Y,N,N,,New P0,NA
perl-bareword-filehandles,,,N,N,Y,N,N,Y,,,NA
perl-boolean,,,N,N,Y,Y,N,N,,,NA
perl-gettext,,,N,N,Y,Y,N,N,,,NA
perl-inc-latest,,,N,N,Y,Y,N,N,,,NA
perl-indirect,,,N,N,Y,N,N,Y,,,NA
perl-libnet,Sumit,,N,N,Y,Y,N,N,,P0,NA
perl-libxml-perl,,,N,N,Y,Y,N,N,,,NA
perl-multidimensional,,,N,N,Y,N,N,Y,,,NA
perl-namespace-autoclean,,,N,N,Y,Y,N,N,,,NA
perl-namespace-clean,,,N,N,Y,Y,N,N,,,NA
perl-prefork,,,N,N,Y,Y,N,N,,,NA
perl-strictures,,,N,N,Y,N,N,Y,,,NA
perltidy,Sumit,,N,N,Y,Y,N,N,,P0,NA
pesign,,,N,N,Y,N,N,Y,,,NA
phodav,,,N,N,Y,Y,N,N,,,NA
physfs,Archana,,N,N,Y,Y,N,N,,CP_batch1,NA
pinfo,Sumit,,N,N,Y,Y,N,N,,P0,NA
pipewire,,,N,N,Y,Y,N,N,,,NA
pkcs11-helper,Sumit,,N,N,Y,Y,N,N,,P0,NA
plexus-pom,Archana,,N,N,Y,Y,N,N,,CP_batch1,NA
plotutils,,,N,N,Y,Y,N,N,,,NA
pmdk-convert,,,N,N,Y,Y,N,N,,,NA
pngcrush,,,N,N,Y,Y,N,N,,,NA
pngnq,,,N,N,Y,Y,N,N,,,NA
po4a,,,N,N,Y,Y,N,N,,,NA
podman,,,N,N,Y,Y,N,N,,,NA
poetry,,,N,N,Y,N,N,Y,,,NA
polkit-pkla-compat,,,N,N,Y,Y,N,N,,,NA
portreserve,,,N,N,Y,Y,N,N,,,NA
potrace,,,N,N,Y,Y,N,N,,,NA
powertop,Sumit,,N,N,Y,Y,N,N,,P0,NA
ppp,,,N,N,Y,Y,N,N,,,NA
pps-tools,Sumit,,N,N,Y,Y,N,N,,P0,NA
pptp,,,N,N,Y,Y,N,N,,,NA
procmail,Sumit,,N,N,Y,Y,N,N,,P0,NA
proj,,,N,N,Y,Y,N,N,,,NA
ps_mem,Sumit,,N,N,Y,Y,N,N,,P0,NA
psacct,,,N,N,Y,Y,N,N,,,NA
psl-make-dafsa,,,N,N,Y,Y,N,N,,,libpsl
psutils,,,N,N,Y,Y,N,N,,,NA
ptlib,,,N,N,Y,Y,N,N,,,NA
publicsuffix,,,N,N,Y,Y,N,N,,,NA
publicsuffix-list,Akhila,,N,N,Y,Y,N,N,,New P0,NA
pulseaudio,,,N,N,Y,Y,N,N,,,NA
puppet,Sumit,,N,N,Y,Y,N,N,,P1,NA
pyatspi,Sumit,,N,N,Y,Y,N,N,,P1,NA
pybind11,,,N,N,Y,N,N,Y,,,NA
pyflakes,,,N,N,Y,N,N,Y,,,NA
pykickstart,Sumit,,N,N,Y,Y,N,N,,P0,NA
pylint,,,N,N,Y,Y,N,N,,,NA
pyparted,Sumit,,N,N,Y,Y,N,N,,P0,NA
pyserial,Sumit,,N,N,Y,Y,N,N,,P0,NA
python-CommonMark,,,N,N,Y,Y,N,N,,,NA
python-IPy,Sumit,,N,N,Y,Y,N,N,,P0,NA
python-PyMySQL,Akhila,,N,N,Y,Y,N,N,,CP_batch1,NA
python-aiodns,Akhila,,N,N,Y,Y,N,N,,CP_batch1,NA
python-aiohttp,,,N,N,Y,Y,N,N,,,NA
python-alsa,Sumit,,N,N,Y,Y,N,N,,P0,NA
python-argcomplete,,,N,N,Y,Y,N,N,,,NA
python-astroid,Akhila,,N,N,Y,Y,N,N,,CP_batch1,NA
python-augeas,Akhila,,N,N,Y,Y,N,N,,CP_batch1,NA
python-azure-sdk,,,N,N,Y,Y,N,N,,,NA
python-beautifulsoup4,,,N,N,Y,Y,N,N,,,NA
python-betamax,Sumit,,N,N,Y,Y,N,N,,P0,NA
python-blinker,Aninda,,N,N,Y,Y,N,N,,CP_batch1,NA
python-blivet,Sumit,,N,N,Y,Y,N,N,,P0,NA
python-cheetah,Aninda,,N,N,Y,Y,N,N,,CP_batch1,NA
python-cmd2,Sumit,,N,N,Y,Y,N,N,,P0,NA
python-colorama,Aninda,,N,N,Y,Y,N,N,,CP_batch1,NA
python-configshell,Sumit,,N,N,Y,Y,N,N,,P0,NA
python-cups,Sumit,,N,N,Y,Y,N,N,,P0,NA
python-curio,,,N,N,Y,Y,N,N,,,NA
python-d2to1,,,N,N,Y,Y,N,N,,,NA
python-dbus-client-gen,Akhila,,N,N,Y,Y,N,N,,P0,NA
python-dbus-python-client-gen,Akhila,,N,N,Y,Y,N,N,,P0,NA
python-dbus-signature-pyparsing,Akhila,,N,N,Y,Y,N,N,,P0,NA
python-dbusmock,,,N,N,Y,Y,N,N,,,NA
python-ddt,,,N,N,Y,Y,N,N,,,NA
python-debtcollector,Aninda,,N,N,Y,Y,N,N,,CP_batch1,NA
python-dmidecode,,,N,N,Y,Y,N,N,,,NA
python-dns,Aninda,,N,N,Y,Y,N,N,,CP_batch1,NA
python-dtopt,,,N,N,Y,Y,N,N,,,NA
python-dulwich,Akhila,,N,N,Y,Y,N,N,,New P0,NA
python-enchant,,,N,N,Y,Y,N,N,,,NA
python-entrypoints,Akarsh,,N,N,Y,Y,N,N,,CP_batch1,NA
python-evdev,,,N,N,Y,N,N,Y,,,NA
python-extras,,,N,N,Y,Y,N,N,,,NA
python-faker,,,N,N,Y,Y,N,N,,,NA
python-fasteners,Akarsh,,N,N,Y,Y,N,N,,CP_batch1,NA
python-fixtures,Akarsh,,N,N,Y,Y,N,N,,CP_batch1,NA
python-flake8,Akarsh,,N,N,Y,Y,N,N,,CP_batch1,NA
python-flask,Akarsh,,N,N,Y,Y,N,N,,CP_batch1,NA
python-fluidity-sm,,,N,N,Y,Y,N,N,,,NA
python-funcsigs,,,N,N,Y,Y,N,N,,,NA
python-genshi,Akarsh,,N,N,Y,Y,N,N,,CP_batch1,NA
python-gssapi,Akarsh,,N,N,Y,Y,N,N,,CP_batch1,NA
python-hs-dbus-signature,,,N,N,Y,Y,N,N,,,NA
python-httplib2,,,N,N,Y,Y,N,N,,,NA
python-humanize,Kevin,,N,N,Y,Y,N,N,,CP_batch1,NA
python-hwdata,,,N,N,Y,Y,N,N,,,NA
python-inotify,,,N,N,Y,Y,N,N,,,NA
python-into-dbus-python,Akhila,,N,N,Y,Y,N,N,,P0,NA
python-iso8601,Kevin,,N,N,Y,Y,N,N,,CP_batch1,NA
python-isodate,Kevin,,N,N,Y,Y,N,N,,CP_batch1,NA
python-isort,Sreenivasulu,,N,N,Y,Y,N,N,,New P0,NA
python-itsdangerous,,,N,N,Y,Y,N,N,,,NA
python-justbases,Akhila,,N,N,Y,Y,N,N,,P0,NA
python-justbytes,Akhila,,N,N,Y,Y,N,N,,P0,NA
python-jwcrypto,,,N,N,Y,Y,N,N,,,NA
python-kdcproxy,,,N,N,Y,Y,N,N,,,NA
python-kerberos,,,N,N,Y,Y,N,N,,,NA
python-kmod,Akhila,,N,N,Y,Y,N,N,,P0,NA
python-lazy-object-proxy,Sreenivasulu,,N,N,Y,Y,N,N,,New P0,NA
python-ldap,,,N,N,Y,Y,N,N,,,NA
python-lit,,,N,N,Y,Y,N,N,,,llvm
python-mccabe,,,N,N,Y,Y,N,N,,,NA
python-memcached,,,N,N,Y,Y,N,N,,,NA
python-mimeparse,Kevin,,N,N,Y,Y,N,N,,CP_batch1,NA
python-monotonic,,,N,N,Y,Y,N,N,,,NA
python-msal,Kevin,,N,N,Y,Y,N,N,,CP_batch1,NA
python-msrestazure,,,N,N,Y,Y,N,N,,,NA
python-mutagen,Archana,,N,N,Y,Y,N,N,,CP_batch1,NA
python-ntlm-auth,,,N,N,Y,Y,N,N,,,NA
python-oauth2client,,,N,N,Y,Y,N,N,,,NA
python-openpyxl,,,N,N,Y,N,N,Y,,,NA
python-openstackdocstheme,Archana,,N,N,Y,Y,N,N,,CP_batch1,NA
python-oslo-i18n,Archana,,N,N,Y,Y,N,N,,CP_batch1,NA
python-oslo-sphinx,,,N,N,Y,Y,N,N,,,NA
python-paramiko,,,N,N,Y,Y,N,N,,,NA
python-podman-api,Archana,,N,N,Y,Y,N,N,,CP_batch1,NA
python-productmd,Archana,,N,N,Y,Y,N,N,,CP_batch1,NA
python-pycares,Akhila,,N,N,Y,Y,N,N,,CP_batch1,NA
python-pydbus,,,N,N,Y,Y,N,N,,,NA
python-pymongo,Akhila,,N,N,Y,Y,N,N,,P0,NA
python-pyperclip,,,N,N,Y,Y,N,N,,,NA
python-pyroute2,,,N,N,Y,N,N,Y,,,NA
python-pyrsistent,,,N,N,Y,Y,N,N,,,NA
python-pysocks,,,N,N,Y,Y,N,N,,,NA
python-pytest-flake8,,,N,N,Y,Y,N,N,,,NA
python-pytest-relaxed,Akhila,,N,N,Y,Y,N,N,,CP_batch1,NA
python-pytest-runner,,,N,N,Y,Y,N,N,,,NA
python-pytest-subtests,Akhila,,N,N,Y,Y,N,N,,CP_batch1,NA
python-pytest-timeout,Akhila,,N,N,Y,Y,N,N,,CP_batch1,NA
python-pytoml,,,N,N,Y,Y,N,N,,,NA
python-qrcode,Akhila,,N,N,Y,Y,N,N,,CP_batch1,NA
python-rdflib,Sreenivasulu,,N,N,Y,Y,N,N,,CP_batch1,NA
python-recommonmark,Sreenivasulu,,N,N,Y,Y,N,N,,New P0,NA
python-redis,,,N,N,N,N,Y,N,,,NA
python-requests-file,Sreenivasulu,,N,N,Y,Y,N,N,,CP_batch1,NA
python-requests-ftp,,,N,N,Y,Y,N,N,,,NA
python-requests-kerberos,Sumit,,N,N,Y,Y,N,N,,CP_batch1,NA
python-requests-mock,,,N,N,Y,Y,N,N,,,NA
python-requests-toolbelt,Sreenivasulu,,N,N,Y,Y,N,N,,New P0,NA
python-requests_ntlm,,,N,N,Y,Y,N,N,,,NA
python-rfc3986,Sumit,,N,N,Y,Y,N,N,,CP_batch1,NA
python-rpm-generators,,,N,N,Y,N,N,Y,,,NA
python-rpmfluff,Akhila,,N,N,Y,Y,N,N,,P0,NA
python-rtslib,Akhila,,N,N,Y,Y,N,N,,P0,NA
python-s3transfer,,,N,N,Y,Y,N,N,,,NA
python-semantic_version,Sumit,,N,N,Y,Y,N,N,,CP_batch1,NA
python-should_dsl,Sumit,,N,N,Y,Y,N,N,,CP_batch1,NA
python-simpleline,Akhila,,N,N,Y,Y,N,N,,P0,NA
python-slip,,,N,N,Y,Y,N,N,,,NA
python-sniffio,Akhila,,N,N,Y,Y,N,N,,CP_batch1,NA
python-soupsieve,Akarsh,,N,N,Y,Y,N,N,,CP_batch1,NA
python-sphinx-epytext,,,N,N,Y,Y,N,N,,,NA
python-sphinxcontrib-apidoc,Akhila,,N,N,Y,Y,N,N,,P0,NA
python-sphinxcontrib-httpdomain,,,N,N,Y,Y,N,N,,,NA
python-suds,Archana,,N,N,Y,Y,N,N,,CP_batch1,NA
python-systemd,,,N,N,Y,Y,N,N,,,NA
python-tempita,,,N,N,Y,Y,N,N,,,NA
python-templated-dictionary,,,N,N,Y,N,N,Y,,,NA
python-testpath,Aninda,,N,N,Y,Y,N,N,,CP_batch1,NA
python-testresources,Jagadeesh,,N,N,Y,Y,N,N,,CP_batch1,NA
python-testscenarios,Jyoti,,N,N,Y,Y,N,N,,CP_batch1,NA
python-testtools,Jyoti,,N,N,Y,Y,N,N,,CP_batch1,NA
python-toml,Archana,,N,N,Y,Y,N,N,,,NA
python-tornado,Sumit,,N,N,Y,Y,N,N,,CP_batch1,NA
python-tox,Jyoti,,N,N,Y,Y,N,N,,,NA
python-trio,Akarsh,,N,N,Y,Y,N,N,,CP_batch1,NA
python-uamqp,Akhila,,N,N,Y,Y,N,N,,CP_batch1,NA
python-unittest2,,,N,N,Y,Y,N,N,,,NA
python-uritemplate,Akhila,,N,N,Y,Y,N,N,,P0,NA
python-urwid,Aninda,,N,N,Y,Y,N,N,,CP_batch1,NA
python-varlink,Akhila,,N,N,Y,Y,N,N,,P0,NA
python-voluptuous,Archana,,N,N,Y,Y,N,N,,CP_batch1,NA
python-waitress,Jagadeesh,,N,N,Y,Y,N,N,,CP_batch1,NA
python-webencodings,,,N,N,Y,Y,N,N,,,NA
python-webtest,,,N,N,Y,Y,N,N,,,NA
python-whoosh,,,N,N,Y,Y,N,N,,,NA
python-winrm,,,N,N,Y,Y,N,N,,,NA
python-xmltodict,Akhila,,N,N,Y,Y,N,N,,P0,NA
python-yubico,,,N,N,Y,Y,N,N,,,NA
python-zmq,,,N,N,Y,Y,N,N,,,NA
python3-mallard-ducktype,Archana,,N,N,Y,Y,N,N,,,NA
python3-typed_ast,Jyoti,,N,N,Y,Y,N,N,,CP_batch1,NA
pyusb,Sreenivasulu,,N,N,Y,Y,N,N,,New P0,NA
pywbem,Akhila,,N,N,Y,Y,N,N,,P0,NA
pyxattr,Sreenivasulu,,N,N,Y,Y,N,N,,New P0,NA
qhull,Akhila,,N,N,Y,Y,N,N,,P0,NA
qpdf,Akhila,,N,N,Y,Y,N,N,,CP_batch1,NA
qperf,,,N,N,Y,Y,N,N,,,NA
qr-code-generator,Akhila,,N,N,Y,Y,N,N,,P0,NA
qt5-qtconnectivity,,,N,N,Y,Y,N,N,,,NA
qt5-qtsensors,,,N,N,Y,Y,N,N,,,NA
qt5-qtserialport,,,N,N,Y,Y,N,N,,,NA
quagga,,,N,N,Y,Y,N,N,,,NA
raptor2,,,N,N,Y,Y,N,N,,,NA
rarian,Archana,,N,N,Y,Y,N,N,,New P0,NA
rasdaemon,,,N,N,Y,N,N,Y,,,NA
rasqal,,,N,N,Y,Y,N,N,,,NA
rcs,,,N,N,Y,Y,N,N,,,NA
rdist,,,N,N,Y,Y,N,N,,,NA
re2c,Akhila,,N,N,Y,Y,N,N,,P0,NA
realmd,Jyoti,Override_to_Y,N,N,Y,Y,N,N,,P1,NA
rear,,,N,N,Y,Y,N,N,,,NA
recode,Akhila,,N,N,Y,Y,N,N,,P0,NA
redland,,,N,N,N,N,Y,N,,,NA
regexp,,,N,N,Y,Y,N,N,,,NA
relaxngDatatype,Aninda,,N,N,Y,Y,N,N,,CP_batch1,NA
resource-agents,Archana,,N,N,Y,Y,N,N,,CP_batch1,NA
rhash,Akhila,,N,N,Y,Y,N,N,,P0,NA
rhino,,,N,N,Y,Y,N,N,,,NA
rhnlib,,,N,N,Y,Y,N,N,,,NA
ripgrep,,,N,N,Y,Y,N,N,,,rust-ripgrep
rp-pppoe,,,N,N,Y,Y,N,N,,,NA
rpmlint,,,N,N,Y,Y,N,N,,,NA
rtkit,,,N,N,Y,Y,N,N,,,NA
rubygem-bson,Jyoti,Y,N,N,Y,Y,N,N,,CP_batch1,NA
rubygem-coderay,,,N,N,Y,Y,N,N,,,NA
rubygem-diff-lcs,,,N,N,Y,Y,N,N,,,NA
rubygem-eventmachine,Sreenivasulu,,N,N,Y,Y,N,N,,CP_batch1,NA
rubygem-flexmock,Akhila,,N,N,Y,Y,N,N,,P0,NA
rubygem-liquid,Akhila,,N,N,Y,Y,N,N,,P0,NA
rubygem-maruku,,,N,N,Y,Y,N,N,,,NA
rubygem-mongo,Akhila,,N,N,Y,Y,N,N,,P0,NA
rubygem-mysql2,,,N,N,Y,Y,N,N,,,NA
rubygem-pkg-config,Akhila,,N,N,Y,Y,N,N,,P0,NA
rubygem-rouge,Akhila,,N,N,Y,Y,N,N,,P0,NA
rubygem-rspec-expectations,,,N,N,Y,Y,N,N,,,NA
rubygem-rspec-mocks,,,N,N,Y,Y,N,N,,,NA
rubygem-rspec-support,Archana,,N,N,Y,Y,N,N,,New P0,NA
rubygem-thread_order,Archana,,N,N,Y,Y,N,N,,,NA
rusers,,,N,N,Y,Y,N,N,,,NA
rust-cbindgen,,,N,N,Y,Y,N,N,,,NA
samba,,,N,N,Y,Y,N,N,,,NA
sassist,,,N,N,Y,Y,N,N,,,NA
satyr,Sumit,Y,N,N,Y,Y,N,N,,P1,NA
sbc,Archana,,N,N,Y,Y,N,N,,P0,NA
sblim-cim-client2,,,N,N,Y,Y,N,N,,,NA
sblim-cmpi-base,,,N,N,Y,Y,N,N,,,NA
sblim-cmpi-devel,,,N,N,Y,Y,N,N,,,NA
sblim-cmpi-fsvol,,,N,N,Y,Y,N,N,,,NA
sblim-cmpi-network,,,N,N,Y,Y,N,N,,,NA
sblim-cmpi-nfsv3,,,N,N,Y,Y,N,N,,,NA
sblim-cmpi-nfsv4,,,N,N,Y,Y,N,N,,,NA
sblim-cmpi-params,,,N,N,Y,Y,N,N,,,NA
sblim-cmpi-sysfs,,,N,N,Y,Y,N,N,,,NA
sblim-cmpi-syslog,,,N,N,Y,Y,N,N,,,NA
sblim-indication_helper,,,N,N,Y,Y,N,N,,,NA
sblim-sfcCommon,,,N,N,Y,Y,N,N,,,NA
sblim-sfcb,,,N,N,Y,Y,N,N,,,NA
sblim-sfcc,,,N,N,Y,Y,N,N,,,NA
sblim-testsuite,,,N,N,Y,Y,N,N,,,NA
sblim-wbemcli,,,N,N,Y,Y,N,N,,,NA
scl-utils,Archana,,N,N,Y,Y,N,N,,P0,NA
scotch,,,N,N,Y,Y,N,N,,,NA
screen,,,N,N,Y,Y,N,N,,,NA
sdparm,Archana,,N,N,Y,Y,N,N,,P0,NA
sendmail,,,N,N,N,N,Y,N,,,NA
serd,,,N,N,Y,Y,N,N,,,NA
servletapi4,Sumit,,N,N,Y,Y,N,N,,CP_batch1,NA
servletapi5,Sumit,,N,N,Y,Y,N,N,,CP_batch1,NA
setserial,,,N,N,Y,Y,N,N,,,NA
setuptool,,,N,N,Y,Y,N,N,,,NA
sgpio,,,N,N,Y,Y,N,N,,,NA
shapelib,,,N,N,Y,Y,N,N,,,NA
sip,Archana,,N,N,Y,Y,N,N,,P0,NA
skkdic,Archana,,N,N,Y,Y,N,N,,P0,NA
slirp4netns,Archana,,N,N,Y,Y,N,N,,P0,NA
smc-tools,Akarsh,,N,N,Y,Y,N,N,,CP_batch1,NA
sombok,,,N,N,Y,Y,N,N,,,NA
sord,,,N,N,Y,Y,N,N,,,NA
sound-theme-freedesktop,,,N,N,Y,Y,N,N,,,NA
soundtouch,Archana,,N,N,Y,Y,N,N,,P0,NA
sox,,,N,N,Y,Y,N,N,,,NA
soxr,,,N,N,Y,Y,N,N,,,NA
sparsehash,,,N,N,Y,Y,N,N,,,NA
spausedd,Archana,,N,N,Y,Y,N,N,,P0,NA
speex,,,N,N,Y,Y,N,N,,,NA
speexdsp,Archana,,N,N,Y,Y,N,N,,P0,NA
spice-protocol,Archana,,N,N,Y,Y,N,N,,P0,NA
spice-vdagent,,,N,N,Y,Y,N,N,,,NA
spirv-headers,,,N,N,Y,N,N,Y,,,NA
spirv-tools,,,N,N,Y,N,N,Y,,,NA
splix,,,N,N,Y,Y,N,N,,,NA
squid,Jyoti,,N,N,Y,Y,N,N,,CP_batch1,NA
sratom,,,N,N,Y,Y,N,N,,,NA
star,Aninda,,N,N,Y,Y,N,N,,CP_batch1,NA
startup-notification,Archana,,N,N,Y,Y,N,N,,CP_batch1,NA
stunnel,,,N,N,Y,Y,N,N,,,NA
subscription-manager,Jagadeesh,,N,N,Y,Y,N,N,,CP_batch1,NA
suitesparse,,,N,N,Y,Y,N,N,,,NA
switcheroo-control,,,N,N,Y,Y,N,N,,,NA
sysfsutils,,,N,N,Y,N,N,Y,,,NA
systemd-bootchart,Jyoti,,N,N,Y,Y,N,N,,CP_batch1,NA
t1lib,,,N,N,Y,Y,N,N,,,NA
t1utils,,,N,N,Y,Y,N,N,,,NA
taglib,Archana,,N,N,Y,Y,N,N,,P0,NA
tang,,,N,N,Y,Y,N,N,,,NA
targetcli,Archana,,N,N,Y,Y,N,N,,P0,NA
tbb,Sreenivasulu,,N,N,Y,Y,N,N,,CP_batch1,NA
tcl-pgtcl,,,N,N,Y,Y,N,N,,,NA
tclx,,,N,N,Y,Y,N,N,,,NA
teckit,Archana,,N,N,Y,Y,N,N,,P0,NA
telnet,,,N,N,Y,Y,N,N,,,NA
tix,,,N,N,Y,Y,N,N,,,NA
tk,Archana,,N,N,Y,Y,N,N,,New P0,NA
tlog,Archana,,N,N,Y,Y,N,N,,New P0,NA
tmpwatch,,,N,N,Y,Y,N,N,,,NA
tn5250,Archana,,N,N,Y,Y,N,N,,P0,NA
tofrodos,,,N,N,Y,Y,N,N,,,NA
tpm-quote-tools,,,N,N,N,N,Y,N,,,NA
tpm-tools,,,N,N,N,N,Y,N,,,NA
trilead-ssh2,,,N,N,Y,Y,N,N,,,NA
tss2,Archana,,N,N,Y,Y,N,N,,P0,NA
ttmkfdir,,,N,N,Y,Y,N,N,,,NA
twolame,Archana,,N,N,Y,Y,N,N,,P0,NA
uchardet,Archana,,N,N,Y,Y,N,N,,P0,NA
ucpp,,,N,N,Y,Y,N,N,,,NA
ucs-miscfixed-fonts,,,N,N,Y,Y,N,N,,,NA
udftools,Archana,,N,N,Y,Y,N,N,,P0,NA
udica,,,N,N,Y,Y,N,N,,,NA
udisks2,,,N,N,Y,Y,N,N,,,NA
uglify-js,,,N,N,Y,Y,N,N,,,NA
umoci,,,N,N,Y,Y,N,N,,,NA
unicode-emoji,Jagadeesh,,N,N,Y,Y,N,N,,P0,NA
unicode-ucd,Jagadeesh,,N,N,Y,Y,N,N,,P0,NA
unique3,,,N,N,Y,Y,N,N,,,NA
units,Jagadeesh,,N,N,Y,Y,N,N,,P0,NA
upower,,,N,N,Y,Y,N,N,,,NA
uriparser,Sumit,,N,N,Y,Y,N,N,,CP_batch1,NA
urlview,,,N,N,Y,Y,N,N,,,NA
usb_modeswitch,Jagadeesh,,N,N,Y,Y,N,N,,P0,NA
usb_modeswitch-data,,,N,N,Y,Y,N,N,,,NA
usbguard,,,N,N,Y,Y,N,N,,,NA
usbmuxd,,,N,N,Y,Y,N,N,,,NA
usermode,,,N,N,Y,N,N,Y,,,NA
ustr,,,N,N,Y,Y,N,N,,,NA
uthash,Jagadeesh,,N,N,Y,Y,N,N,,P0,NA
uw-imap,Akarsh,,N,N,Y,Y,N,N,,CP_batch1,NA
v4l-utils,,,N,N,Y,Y,N,N,,,NA
vhostmd,,,N,N,Y,Y,N,N,,,NA
vino,,,N,N,Y,Y,N,N,,,NA
virt-p2v,Archana,,N,N,Y,Y,N,N,,CP_batch1,NA
virt-top,Jagadeesh,,N,N,Y,Y,N,N,,P0,NA
virt-who,,,N,N,Y,Y,N,N,,,NA
vmem,,,N,N,Y,Y,N,N,,,NA
volume_key,Jyoti,Override_to_Y,N,N,Y,Y,N,N,Picked up by Jyoti as a dependency for libblockdev.,P1,NA
vorbis-tools,,,N,N,Y,Y,N,N,,,NA
watchdog,Akarsh,,N,N,Y,Y,N,N,,P0,NA
wavpack,Akarsh,,N,N,Y,Y,N,N,,P0,NA
web-assets,,,N,N,Y,Y,N,N,,,NA
webrtc-audio-processing,Akarsh,,N,N,Y,Y,N,N,,P0,NA
whois,Akarsh,,N,N,Y,Y,N,N,,P0,NA
wireshark,Sumit,,N,N,Y,Y,N,N,,,NA
woff2,,,N,N,Y,Y,N,N,,,NA
wordnet,,,N,N,Y,Y,N,N,,,NA
wpebackend-fdo,,,N,N,Y,Y,N,N,,,NA
wsmancli,,,N,N,Y,Y,N,N,,,NA
wvdial,,,N,N,Y,Y,N,N,,,NA
x3270,,,N,N,Y,Y,N,N,,,NA
xalan-j2,,,N,N,Y,Y,N,N,,,NA
xapian-core,Aninda,,N,N,Y,Y,N,N,,P0,NA
xbean,,,N,N,Y,Y,N,N,,,NA
xcb-util,,,N,N,Y,N,N,Y,,,NA
xcb-util-image,,,N,N,Y,N,N,Y,,,NA
xcb-util-keysyms,,,N,N,Y,N,N,Y,,,NA
xcb-util-renderutil,,,N,N,Y,N,N,Y,,,NA
xcb-util-wm,Aninda,,N,N,Y,Y,N,N,,P0,NA
xdelta,,,N,N,Y,Y,N,N,,,NA
xdg-dbus-proxy,Aninda,,N,N,Y,Y,N,N,,P0,NA
xdg-utils,Aninda,,N,N,Y,Y,N,N,,P0,NA
xerces-j2,,,N,N,Y,Y,N,N,,,NA
xfconf,Kevin,,N,N,Y,Y,N,N,,P0,NA
xfsdump,Kevin,,N,N,Y,Y,N,N,,P0,NA
xhtml1-dtds,,,N,N,Y,Y,N,N,,,NA
xmldb-api,,,N,N,Y,Y,N,N,,,NA
xmlrpc-c,Sumit,Y,N,N,Y,Y,N,N,,P1,NA
xmlunit,,,N,N,Y,Y,N,N,,,NA
xorg-x11-fonts,,,N,N,Y,Y,N,N,,,NA
xorg-x11-utils,,,N,N,Y,Y,N,N,,,NA
xpp2,,,N,N,Y,Y,N,N,,,NA
xpp3,Aninda,,N,N,Y,Y,N,N,,CP_batch1,NA
xrestop,Kevin,,N,N,Y,Y,N,N,,P0,NA
xterm,Archana,,N,N,Y,Y,N,N,,New P0,NA
yelp-tools,Archana,,N,N,Y,Y,N,N,,New P0,NA
yelp-xsl,Archana,,N,N,Y,Y,N,N,,New P0,NA
ykclient,,,N,N,Y,Y,N,N,,,NA
ypserv,Kevin,,N,N,Y,Y,N,N,,P0,NA
z3,Mayank,,N,N,Y,Y,N,N,,CP_batch1,NA
zenity,,,N,N,Y,Y,N,N,,,NA
zopfli,,,N,N,Y,Y,N,N,,,NA
zziplib,,,N,N,Y,Y,N,N,,,NA
DartSass,Sumit,,Y,Y,,,,,,P1,NA
rubygem-sys-filesystem,Jyoti,Y,,,,,,,New package built and added,P1,NA
libimobiledevice-glue,Kevin,Y,,,,,,,New package built and added,P1,NA
rubygem-puppet-resource_api,Sumit,Y,,,,,,,Not there in the original list,P1,NA
rubygem-hocon,Sumit,Y,,,,,,,Not there in the original list,P1,NA
rubygem-deep_merge,Sumit,Y,,,,,,,Not there in the original list,P1,NA
hiera,Sumit,Y,,,,,,,Not there in the original list,P1,NA
libselinux,Sumit,Y,,,,,,,"Instead of extended, it is a core package, but had to be upgraded to complete the upgrade of puppet.",P1,NA
rubygem-racc,Sumit,Y,,,,,,,New package built and added,P1,NA
rubygem-scanf,Sumit,Y,,,,,,,New package built and added,P1,NA
rubygem-test-unit-ruby-core,Sumit,Y,,,,,,,New package built and added,P1,NA
perl-Test-RandomResult,Kevin,Y,,,,,,,New package built and added,P1,NA
NOVALIDPACKAGE,NO-DEV,,,,,,,,,,
