Package,Developer,Upgrade to be done (Y/N/To be removed),Is some confirmation required (Y/N),Confirmation done  (Y/N),2.0 EXT pkg present in either SPECS or EXT of 3.0-dev (Y/N),2.0 EXT pkg present in EXT of 3.0-dev(Y/N),"Confirm if removal is deliberate (Y/N) (If N in both Column F and Column G, here we put Y.  A Y here means we must check with Microsoft if this is a deliberate removal of the package)","Moved from EXT in 2.0 to Core in 3.0-dev (Y/N) (If Y in Column F and N in Column G, then this is Y)",Remarks,"Priority (P0, P1, P2)",New Name of Package,Package added to Azure Linux 3.0-dev,Newer ACTION,Newer UPGRADE,Newer BUILD_CHECK_REQD,PR Created Despite a No in Newer Upgrade decision
CharLS,Jyoti,Override_to_Y,N,N,Y,Y,N,N,,P1,NA,N,Y,Y,Y,N
GConf2,Jyoti,,N,N,Y,Y,N,N,,P1,NA,N,N,N,Y,N
GeoIP,Jyoti,,N,N,Y,Y,N,N,,P1,NA,N,N,N,Y,N
GeoIP-GeoLite-data,Jyoti,,N,N,Y,Y,N,N,,P1,NA,N,N,N,Y,N
Judy,Jyoti,,N,N,Y,Y,N,N,,P1,NA,N,N,N,Y,N
LibRaw,Jyoti,,N,N,Y,Y,N,N,,P1,NA,N,Y,Y,Y,N
ORBit2,Jyoti,,N,N,Y,Y,N,N,,P1,NA,N,N,N,Y,N
OpenEXR,Jyoti,,N,N,Y,Y,N,N,,P1,openexr,N,Y,Y,Y,N
PEGTL,Jyoti,Override_to_Y,N,N,Y,Y,N,N,,P1,NA,N,Y,Y,Y,N
PyGreSQL,Jyoti,,N,N,Y,Y,N,N,,P1,NA,N,N_CorePkgVerDep,N_CorePkgVerDep,Y,Y
SDL,Jyoti,,N,N,Y,Y,N,N,,P1,sdl12-compat,N,Y,Y_DECIDED_REPLACE,Y,N
SDL2,Jyoti,,N,N,Y,Y,N,N,,P1,NA,N,Y,Y,Y,N
SDL_sound,Jyoti,,N,N,Y,Y,N,N,,P1,NA,N,N,N,Y,N
SuperLU,Jyoti,,N,N,Y,Y,N,N,,P1,NA,N,Y,Y,Y,N
Xaw3d,Jyoti,,N,N,Y,Y,N,N,,P1,NA,N,Y,Y,Y,N
a52dec,Jyoti,,N,N,Y,Y,N,N,,P1,NA,N,N,N,Y,N
accountsservice,Jyoti,,N,N,Y,Y,N,N,,P1,NA,N,Y,Y,Y,N
acpid,Jyoti,,N,N,Y,Y,N,N,,P1,NA,N,Y,Y,Y,N
adcli,Jyoti,,N,N,Y,Y,N,N,,CP_batch1,NA,N,N,N,Y,N
adobe-mappings-cmap,Jyoti,,N,N,Y,Y,N,N,,P1,NA,N,Y,Y,Y,N
adobe-mappings-pdf,Jyoti,,N,N,Y,Y,N,N,,P1,NA,N,Y,Y,Y,N
advancecomp,Jagadeesh,,N,N,Y,Y,N,N,,P1,NA,N,Y,Y,Y,N
alsa-firmware,Jagadeesh,,N,N,Y,Y,N,N,,CP_batch1,NA,N,N,N,Y,N
alsa-plugins,Jagadeesh,,N,N,Y,Y,N,N,,P1,NA,N,Y,Y,Y,N
amtk,Jagadeesh,,N,N,Y,Y,N,N,,P1,NA,N,Y,Y,Y,N
amtterm,Jagadeesh,,N,N,Y,Y,N,N,,P1,NA,N,N,N,Y,N
annobin,Jagadeesh,,N,N,Y,N,N,Y,,P1,NA,N,N_NoBldVer_and_MovedToCore,N,N,N
ansible-freeipa,Jagadeesh,,N,N,Y,Y,N,N,,CP_batch2,NA,N,Y,Y,Y,N
aopalliance,Jagadeesh,Override_to_Y,N,N,Y,Y,N,N,,P1,NA,N,Y,Y,Y,N
apache-commons-beanutils,Jagadeesh,,N,N,Y,Y,N,N,,P1,NA,N,N,N,Y,N
apache-commons-codec,Jagadeesh,,N,N,Y,Y,N,N,,P1,NA,N,Y,Y,Y,N
apache-commons-collections,Jagadeesh,,N,N,Y,Y,N,N,,P1,NA,N,N,N,Y,N
apache-commons-collections4,Jagadeesh,,N,N,Y,Y,N,N,,P1,NA,N,Y,Y,Y,N
apache-commons-compress,Jagadeesh,,N,N,Y,Y,N,N,,P1,NA,N,Y,Y,Y,N
apache-commons-daemon,Jagadeesh,,N,N,Y,Y,N,N,,CP_batch1,NA,N,PR_Created_NODNLDVER,Y,Y,N
apache-commons-dbcp,Jagadeesh,,N,N,Y,Y,N,N,,P1,NA,N,N_DNLD_fail_Chk_Build,N,Y,N
apache-commons-digester,Jagadeesh,,N,N,Y,Y,N,N,,CP_batch2,NA,N,N,N,Y,Y
apache-commons-httpclient,Jagadeesh,,N,N,Y,Y,N,N,,P1,NA,N,N_DNLD_fail_Chk_Build,N,Y,N
apache-commons-io,Jagadeesh,,N,N,Y,Y,N,N,,P1,NA,N,Y,Y,Y,N
apache-commons-jexl,Jagadeesh,,N,N,Y,Y,N,N,,P1,NA,N,Y,Y,Y,N
apache-commons-lang,Jagadeesh,,N,N,Y,Y,N,N,,CP_batch2,NA,N,N,N,Y,Y
apache-commons-net,Jagadeesh,,N,N,Y,Y,N,N,,P1,NA,N,Y,Y,Y,N
apache-commons-pool,Jagadeesh,,N,N,Y,Y,N,N,,P1,NA,N,N,N,Y,N
apache-commons-pool2,Jagadeesh,,N,N,Y,Y,N,N,,P1,NA,N,N_DNLD_fail_Chk_Build,N,Y,Y
apache-commons-validator,Jagadeesh,,N,N,Y,Y,N,N,,P1,NA,N,N_DNLD_fail_Chk_Build,N,Y,N
apache-commons-vfs2,Jagadeesh,,N,N,Y,Y,N,N,,P1,apache-commons-vfs,N,Y,Y,Y,N
apache-parent,Jagadeesh,,N,N,Y,Y,N,N,,P1,NA,N,Y,Y,Y,N
argparse-manpage,Kevin,,N,N,N,N,Y,N,has been rename to python-argparse-manpage,P1,NA,N,Y_Reintroduce,Y,Y,N
args4j,Sumit,,N,N,Y,Y,N,N,,CP_batch2,NA,N,N,N,Y,Y
arptables,Kevin,,N,N,Y,Y,N,N,,P1,NA,N,N,N,Y,N
arpwatch,Akhila,,N,N,Y,Y,N,N,,P1,NA,N,Y,Y,Y,N
asio,Kevin,,N,N,Y,Y,N,N,,P1,NA,N,Y,Y,Y,N
aspell-en,Aninda,,N,N,Y,Y,N,N,,P0,NA,N,Y,Y,Y,N
audiofile,Kevin,,N,N,Y,Y,N,N,,P1,NA,N,N,N,Y,N
authselect,Kevin,,N,N,Y,Y,N,N,,P1,NA,N,PR_Created_NODNLDVER,N,Y,Y
babeltrace,Kevin,,N,N,Y,Y,N,N,,P1,NA,N,Y,Y,Y,N
babl,Kevin,,N,N,Y,Y,N,N,,P1,NA,N,Y,Y,Y,N
baekmuk-ttf-fonts,Kevin,,N,N,Y,Y,N,N,,P1,NA,N,N,N,Y,N
base64coder,Kevin,,N,N,Y,Y,N,N,,P1,NA,N,N_DNLD_fail_Chk_Build,N,Y,N
bats,Kevin,,N,N,Y,Y,N,N,,P1,NA,N,Y,Y,Y,N
bcache-tools,Kevin,,N,N,Y,Y,N,N,,P1,NA,N,N,N,Y,N
bcel,Kevin,,N,N,Y,Y,N,N,,P1,NA,N,Y,Y,Y,N
bea-stax,Kevin,,N,N,Y,Y,N,N,,P1,NA,N,N_DNLD_fail_Chk_Build,N,Y,N
beust-jcommander,Kevin,,N,N,Y,Y,N,N,,P1,NA,N,Y,Y,Y,N
biosdevname,Kevin,,N,N,Y,Y,N,N,,P1,NA,N,N,N,Y,N
blosc,Kevin,,N,N,Y,Y,N,N,,CP_batch1,NA,N,Y,Y,Y,N
bogofilter,Kevin,,N,N,N,N,Y,N,,P1,NA,N,Y_Reintroduce,Y,Y,N
bolt,Akarsh,,N,N,Y,Y,N,N,,CP_batch1,NA,N,Y,Y,Y,N
boom-boot,Akarsh,,N,N,Y,Y,N,N,,CP_batch2,NA,N,Y,Y,Y,N
booth,Akarsh,,N,N,Y,Y,N,N,,P1,NA,N,Y,Y,Y,N
botan2,Akarsh,,N,N,Y,Y,N,N,,P1,NA,N,Y,Y,Y,N
breezy,Akarsh,,N,N,Y,Y,N,N,,P1,NA,N,Y,Y,Y,N
bsf,Akarsh,,N,N,Y,Y,N,N,,P1,NA,N,N,N,Y,N
buildah,Akarsh,,N,N,Y,Y,N,N,,CP_batch2,NA,N,Y,Y,Y,N
bwidget,Akarsh,Override_to_Y,N,N,Y,Y,N,N,,P1,NA,N,Y,Y,Y,N
cachefilesd,Akarsh,,N,N,Y,Y,N,N,,P1,NA,N,N,N,Y,N
cairomm,Akarsh,,N,N,Y,Y,N,N,,P1,NA,N,Y,Y,Y,N
capstone,Akarsh,,N,N,Y,Y,N,N,,P1,NA,N,Y,Y,Y,N
cassandra,Akarsh,,N,N,Y,Y,N,N,,P1,NA,N,N_DNLD_fail_Chk_Build,N,Y,N
catatonit,Akarsh,,N,N,Y,Y,N,N,,P1,NA,N,N,N,Y,N
cdparanoia,Sumit,,N,N,Y,Y,N,N,,CP_batch1,NA,N,N,N,Y,N
cdrdao,Akarsh,,N,N,Y,Y,N,N,,P1,NA,N,Y,Y,Y,N
celt051,Akarsh,,N,N,Y,Y,N,N,,P1,NA,N,N,N,Y,N
certmonger,Akarsh,,N,N,Y,Y,N,N,,P1,NA,N,Y,Y,Y,N
cfitsio,Akarsh,,N,N,Y,Y,N,N,,CP_batch1,NA,N,Y,Y,Y,N
cgdcbxd,Akarsh,,N,N,Y,Y,N,N,,P1,NA,N,N_DNLD_fail_Chk_Build,N,Y,N
cglib,Akarsh,,N,N,Y,Y,N,N,,P1,NA,N,Y,Y,Y,N
chan,,,N,N,Y,Y,N,N,,P1,NA,N,N,N,Y,N
cim-schema,Akarsh,,N,N,Y,Y,N,N,,P0,NA,N,Y,Y,Y,N
cjkuni-uming-fonts,Archana,N,Y,Y,Y,Y,N,N,Since the package is inactive upstream we won't upgrade it,P1,NA,N,Y,Y,Y,N
cjose,Archana,,N,N,Y,Y,N,N,,P0,NA,N,Y,Y,Y,N
cldr-emoji-annotation,Akarsh,,Y,N,Y,Y,N,N,,P0,NA,N,Y,Y,Y,N
clucene,Sumit,Override_to_Y,N,N,Y,Y,N,N,clucene wasn't building.  Fixed it's build.,P1,NA,N,Y,Y,Y,N
clutter,Archana,,N,N,Y,Y,N,N,,P1,NA,N,N,N,Y,N
clutter-gst3,Archana,,N,N,Y,Y,N,N,,P1,NA,N,N,N,Y,N
clutter-gtk,Archana,,N,N,Y,Y,N,N,,P1,NA,N,N,N,Y,N
cmake-fedora,Jyoti,,N,N,Y,Y,N,N,,P1,NA,N,N,N,Y,N
cogl,Archana,,N,N,Y,Y,N,N,,P1,NA,N,N,N,Y,N
colorize,Archana,,N,N,Y,Y,N,N,,P1,NA,N,N_DNLD_fail_Chk_Build,N,Y,N
compat-lua,Archana,,N,N,Y,Y,N,N,,P1,NA,N,N,N,Y,N
console-setup,Akarsh,,N,N,Y,Y,N,N,,P0,NA,N,Y,Y,Y,N
container-exception-logger,Archana,,N,N,Y,Y,N,N,,P1,NA,N,N_DNLD_fail_Chk_Build,N,Y,N
containernetworking-plugins,Archana,,N,N,Y,Y,N,N,,CP_batch2,NA,N,Y,Y,Y,N
convmv,Archana,,N,N,Y,Y,N,N,,P1,NA,N,N,N,Y,N
corosync,Akhila,,N,N,Y,Y,N,N,,New P0,NA,N,Y,Y,Y,N
corosync-qdevice,Akhila,,N,N,Y,Y,N,N,,New P0,NA,N,Y,Y,Y,N
cppcheck,Archana,,N,N,Y,Y,N,N,,P1,NA,N,Y,Y,Y,N
cpptest,Archana,,N,N,Y,Y,N,N,,P1,NA,N,N,N,Y,N
cpuid,Akarsh,,N,N,Y,Y,N,N,,P0,NA,N,Y,Y,Y,N
crash-ptdump-command,Sreenivasulu,,N,N,Y,Y,N,N,,P1,NA,N,N_DNLD_fail_Chk_Build,N,Y,N
criu,Sreenivasulu,,N,N,Y,Y,N,N,,P1,NA,N,Y,Y,Y,N
crypto-policies,Sreenivasulu,,N,N,Y,Y,N,N,,P1,NA,N,Y,Y,Y,N
cscope,Sreenivasulu,,N,N,Y,Y,N,N,,P1,NA,N,N,N,Y,N
custodia,Sreenivasulu,,N,N,Y,Y,N,N,,P1,NA,N,N_DNLD_fail_Chk_Build,N,Y,N
dbus-c++,Sreenivasulu,,N,N,Y,Y,N,N,,CP_batch2,NA,N,N,N,Y,N
dbxtool,Akhila,,N,N,Y,Y,N,N,,CP_batch1,fwupd,N,Decide_Rev_VerComp,Y_DECIDED_REPLACE,Y,N
dcraw,Sreenivasulu,,N,N,Y,Y,N,N,,P1,NA,N,N,N,Y,N
deltarpm,Sreenivasulu,,N,N,Y,Y,N,N,,P1,NA,N,Y,Y,Y,N
delve,Sreenivasulu,,N,N,Y,Y,N,N,,P1,NA,N,Y,Y,Y,N
device-mapper-persistent-data,Sreenivasulu,,N,N,Y,Y,N,N,,P1,NA,N,Y,Y,Y,N
diffstat,Sreenivasulu,,N,N,Y,Y,N,N,,P1,NA,N,Y,Y,Y,N
discount,Sreenivasulu,,N,N,Y,Y,N,N,,P1,NA,N,Y,Y,Y,N
distribution-gpg-keys,Kevin,,N,N,Y,N,N,Y,,P1,NA,N,N_NoBldVer_and_MovedToCore,N,N,N
dleyna-connector-dbus,Sreenivasulu,,N,N,Y,Y,N,N,,P1,dleyna,N,Y,Y,Y,N
dleyna-core,Sreenivasulu,,N,N,Y,Y,N,N,,P1,NA,N,N_DNLD_fail_Chk_Build,N,Y,N
dmraid,Akhila,,N,N,Y,Y,N,N,,P1,NA,N,Decide_Rev_VerComp,N_DECIDED,Y,N
docbook-simple,Sreenivasulu,,N,N,Y,Y,N,N,,P1,NA,N,N,N,Y,N
docbook-slides,Sreenivasulu,,N,N,Y,Y,N,N,,P1,NA,N,N,N,Y,N
docbook-utils,Sreenivasulu,,N,N,Y,Y,N,N,,P1,NA,N,N,N,Y,N
docbook5-style-xsl,Sreenivasulu,,N,N,Y,Y,N,N,,P1,NA,N,N,N,Y,N
dogtail,Sumit,,Y,N,Y,Y,N,N,,P1,NA,N,N,N,Y,N
dotconf,Sumit,,N,N,Y,Y,N,N,,P1,NA,N,Y,Y,Y,N
dovecot,Sumit,,N,N,Y,Y,N,N,,P1,NA,N,Y,Y,Y,N
dpkg,Sumit,To be removed,Y,Y,Y,Y,N,N,This package was removed after discussion.  Reason:  It is no longer in required.,P1,NA,N,Y,DECIDED_REMOVE,Y,N
driverctl,Sumit,,N,N,Y,Y,N,N,,P1,NA,N,N,N,Y,Y
dropwatch,Sumit,,N,N,Y,Y,N,N,,P1,NA,N,Y,Y,Y,N
drpm,Sumit,,N,N,Y,Y,N,N,,CP_batch1,NA,N,Y,Y,Y,N
dumpet,Sumit,,Y,N,Y,Y,N,N,,P1,NA,N,N,N,Y,N
dvd+rw-tools,Sumit,,N,N,Y,Y,N,N,,P1,NA,N,N,N,Y,N
dyninst,Sumit,,N,N,Y,Y,N,N,,P1,NA,N,Y,Y,Y,N
ecj,Sumit,Y,Y,Y,Y,Y,N,N,"proceeding with upgrade to version 4.23 as version 4.33, from the upstream doesn't have a release candidate yet",P1,NA,N,Y,Y,Y,N
edac-utils,Sumit,,N,N,Y,Y,N,N,,P1,NA,N,Y,Y,Y,N
efax,Sumit,,N,N,Y,Y,N,N,,P1,NA,N,Decide_Rev_VerComp,N_DECIDED,Y,N
efi-rpm-macros,Sumit,Y,Y,Y,Y,Y,N,N,proceeding with upgrade to version 5 as version 6 from the upstream doesn't have a release candidate yet,CP_batch1,NA,N,Y,Y,Y,N
egl-wayland,Sumit,,N,N,Y,N,N,Y,,P1,NA,N,N_NoBldVer_and_MovedToCore,N,N,N
eglexternalplatform,Sumit,,N,N,Y,N,N,Y,,P1,NA,N,N_NoBldVer_and_MovedToCore,N,N,N
elinks,Jyoti,,N,N,Y,Y,N,N,,P1,NA,N,Y,Y,Y,N
enca,Sumit,,N,N,Y,Y,N,N,,P1,NA,N,N,N,Y,N
enchant,Sumit,,Y,N,Y,Y,N,N,,P1,NA,N,N,N,Y,N
enscript,Sumit,,N,N,Y,Y,N,N,,P1,NA,N,N,N,Y,N
evemu,Sumit,,N,N,Y,Y,N,N,,P1,NA,N,N,N,Y,N
exempi,Jyoti,,N,N,Y,Y,N,N,,P1,NA,N,Y,Y,Y,N
exiv2,Jyoti,,N,N,Y,Y,N,N,,P1,NA,N,Y,Y,Y,N
fabtests,Jyoti,,N,N,Y,Y,N,N,,P1,NA,N,Y,Y,Y,N
facter,Jyoti,,N,N,Y,Y,N,N,,P1,NA,N,Y,Y,Y,N
fakechroot,Jyoti,,N,N,Y,Y,N,N,,P1,NA,N,N,N,Y,N
fapolicyd,Jyoti,,N,N,N,N,Y,N,,P1,NA,N,Y_Reintroduce,Y,Y,N
fdk-aac-free,Jyoti,,Y,N,Y,Y,N,N,Which upstream to use.  There are multiple upstreams.,P1,NA,N,N,N,Y,N
fence-virt,Jyoti,,N,N,Y,Y,N,N,,P1,fence-agents,N,Y,Y,Y,N
fetchmail,Jyoti,,N,N,Y,Y,N,N,,P1,NA,N,Y,Y,Y,N
fftw,Jyoti,,N,N,Y,Y,N,N,,P1,NA,N,N,N,Y,N
filebench,Jyoti,N,Y,Y,Y,Y,N,N,"The confirmation taken was that the alpha version ""1.5-alpha3"" available on the upstream ""https://sourceforge.net/projects/filebench/files/1.5-alpha3/filebench-1.5-alpha3.tar.gz/download"" will not be considered because it is not a GA.  We will stick to the latest GA version available upstream, which being ""1.4.9.1"" is the same as the 3.0-dev version.  Therefore, no upgrade is required.",CP_batch1,NA,N,N,N,Y,N
fipscheck,Jyoti,,N,N,Y,Y,N,N,,CP_batch1,libkcapi,N,DECIDED_REMOVE,DECIDED_REMOVE,Y,N
flac,Jyoti,,N,N,Y,Y,N,N,,P1,NA,N,N,N,Y,N
flite,Jyoti,,N,N,Y,Y,N,N,,P1,NA,N,Y,Y,Y,N
fltk,Jyoti,,N,N,Y,Y,N,N,,P1,NA,N,Y,Y,Y,N
fonts-rpm-macros,Jyoti,,N,N,Y,Y,N,N,,CP_batch2,NA,N,N,N,Y,Y
foomatic-db,Jyoti,Override_to_Y,N,N,Y,Y,N,N,,P1,NA,N,Y,Y,Y,N
freeglut,Jyoti,,N,N,Y,N,N,Y,,P1,NA,N,N_NoBldVer_and_MovedToCore,N,N,N
freeradius,Jyoti,,N,N,Y,Y,N,N,,P1,NA,N,Y,Y,Y,N
freexl,Jyoti,,N,N,Y,Y,N,N,,P1,NA,N,Y,Y,Y,N
fros,Jyoti,,N,N,Y,Y,N,N,,P1,NA,N,N,N,Y,N
fstrm,Jyoti,,N,N,Y,Y,N,N,,P1,NA,N,N,N,Y,N
fuse-overlayfs,Jyoti,,N,N,Y,Y,N,N,,P1,NA,N,Y,Y,Y,N
fuse-sshfs,Jyoti,,N,N,Y,Y,N,N,,P1,NA,N,Y,Y,Y,N
fxload,Jagadeesh,,N,N,Y,Y,N,N,,P1,NA,N,N,N,Y,N
gavl,Jagadeesh,,N,N,Y,Y,N,N,,P1,NA,N,N,N,Y,N
gconf-editor,Jagadeesh,,N,N,Y,Y,N,N,,P1,NA,N,N,N,Y,N
gcr,Jagadeesh,,N,N,Y,Y,N,N,,P1,NA,N,Y,Y,Y,N
gdal,Jagadeesh,,N,N,Y,Y,N,N,,P1,NA,N,Y,Y,Y,N
gdisk,Jagadeesh,,N,N,Y,Y,N,N,,P1,NA,N,Y,Y,Y,N
generic-logos,Jagadeesh,,N,N,Y,Y,N,N,,CP_batch2,NA,N,N,N,Y,Y
genwqe-tools,Jagadeesh,,N,N,Y,Y,N,N,,P1,NA,N,N_DNLD_fail_Chk_Build,N,Y,N
geoclue2,Jagadeesh,,N,N,Y,Y,N,N,,P1,NA,N,N,N,Y,N
geolite2,Jagadeesh,,N,N,Y,Y,N,N,,P1,NA,N,N,N,Y,N
geronimo-specs,Jagadeesh,,N,N,Y,Y,N,N,,P1,NA,N,N_DNLD_fail_Chk_Build,N,Y,N
ghc-srpm-macros,Jagadeesh,,N,N,Y,Y,N,N,,P1,NA,N,Y,DECIDED_REMOVE,Y,N
gl-manpages,Jagadeesh,,N,N,Y,Y,N,N,,CP_batch2,NA,N,N,N,Y,Y
glassfish-annotation-api,Jagadeesh,,N,N,Y,Y,N,N,,CP_batch1,NA,N,Y,Y,Y,N
glew,Jagadeesh,,N,N,Y,Y,N,N,,CP_batch1,NA,N,Y,Y,Y,N
glm,Jagadeesh,,N,N,Y,Y,N,N,,P1,NA,N,Y,Y,Y,N
gnome-desktop-testing,Jagadeesh,,N,N,Y,Y,N,N,,P1,NA,N,N,N,Y,N
gnome-doc-utils,Jagadeesh,,N,N,Y,Y,N,N,,P1,NA,N,N,N,Y,N
gnome-icon-theme,Jagadeesh,,N,N,Y,Y,N,N,,P1,NA,N,N,N,Y,N
gnome-keyring,Archana,,N,N,Y,Y,N,N,,P1,NA,N,Y,Y,Y,N
gnu-getopt,Jagadeesh,,N,N,Y,Y,N,N,,P1,NA,N,N_DNLD_fail_Chk_Build,N,Y,N
gnu-regexp,Jagadeesh,,N,N,Y,Y,N,N,,P1,NA,N,N_DNLD_fail_Chk_Build,N,Y,N
go-rpm-macros,Jagadeesh,,N,N,Y,Y,N,N,,CP_batch1,NA,N,Y,Y,Y,N
gom,Jagadeesh,,N,N,Y,Y,N,N,,P1,NA,N,Y,Y,Y,N
google-api-python-client,Jagadeesh,,N,N,Y,Y,N,N,,CP_batch1,NA,N,Y,Y,Y,N
google-crosextra-caladea-fonts,Jagadeesh,,N,N,Y,Y,N,N,,P1,NA,N,N,N,Y,N
google-crosextra-carlito-fonts,Jagadeesh,,N,N,Y,Y,N,N,,P1,NA,N,N,N,Y,N
google-noto-cjk-fonts,Jagadeesh,,N,N,Y,Y,N,N,,P1,google-noto-sans-cjk-vf-fonts,N,Decide_Rev_VerComp,N_DECIDED,Y,N
google-noto-emoji-fonts,Jagadeesh,,N,N,Y,Y,N,N,,P1,NA,N,Y,Y,Y,N
gphoto2,Kevin,Y,Y,Y,Y,Y,N,N,Last patched in Oct 2021,P1,NA,N,Y,Y,Y,N
gpm,Kevin,,N,N,Y,Y,N,N,,P1,NA,N,N,N,Y,N
gpsbabel,Kevin,,N,N,Y,Y,N,N,,P1,NA,N,Y,Y,Y,N
graphene,Kevin,Y,Y,Y,Y,Y,N,N,Last patched in Mar 2022,P1,NA,N,Y,Y,Y,N
graphite2,Kevin,,N,N,Y,Y,N,N,,P1,NA,N,N,N,Y,N
gsl,Kevin,,N,N,Y,Y,N,N,,P1,NA,N,Y,Y,Y,N
gspell,Kevin,,N,N,Y,Y,N,N,,P1,NA,N,Y,Y,Y,N
gssdp,Kevin,Y,Y,Y,Y,Y,N,N,Last patched in Jan 2023,P1,NA,N,Y,Y,Y,N
gssntlmssp,Kevin,,N,N,Y,Y,N,N,,P1,NA,N,Y,Y,Y,N
gstreamer1,Kevin,,N,N,Y,Y,N,N,,P1,NA,N,Y,Y,Y,N
gstreamer1-plugins-base,Kevin,,N,N,Y,Y,N,N,,P1,NA,N,Y,Y,Y,N
gtk-vnc,Kevin,Y,Y,Y,Y,Y,N,N,Last imported in Mar 2023,P1,NA,N,Y,Y,Y,N
gtkspell,Kevin,,N,N,Y,Y,N,N,,P1,NA,N,N,N,Y,N
guava20,Kevin,To be removed,Y,Y,Y,Y,N,N,Remove guava20.  Note that guava is available in core (SPECS) at version 33.0.0-1.,CP_batch1,NA,N,PR_Created_NODNLDVER,Y,Y,N
gupnp,Kevin,Y,Y,Y,Y,Y,N,N,Last imported in Feb 2023,P1,NA,N,Y,Y,Y,N
gupnp-av,Kevin,,N,N,Y,Y,N,N,,P1,NA,N,Y,Y,Y,N
gupnp-dlna,Kevin,,N,N,Y,Y,N,N,,P1,NA,N,N,N,Y,N
gupnp-igd,Kevin,,N,N,Y,Y,N,N,,P1,NA,N,Y,Y,Y,N
hawtjni-runtime,Kevin,Y,Y,Y,Y,Y,N,N,Last work Oct 2021,P1,hawtjni,N,Y,Y,Y,N
hdf,Kevin,,N,N,Y,Y,N,N,,CP_batch1,NA,N,Y,Y,Y,N
highlight,Kevin,,N,N,Y,Y,N,N,,P1,NA,N,Y,Y,Y,N
hping3,Kevin,,N,N,Y,Y,N,N,,P1,NA,N,N,N,Y,N
hsakmt,Kevin,,N,N,Y,Y,N,N,,P1,NA,N,N,N,Y,N
httpcomponents-core,Kevin,,N,N,Y,Y,N,N,,P1,NA,N,Y,Y,Y,N
hunspell-af,,,N,N,Y,Y,N,N,,P1,NA,N,N,N,Y,N
hunspell-ar,,,N,N,Y,Y,N,N,,P1,NA,N,N,N,Y,N
hunspell-as,,,N,N,Y,Y,N,N,,P1,NA,N,N,N,Y,N
hunspell-ast,,,N,N,Y,Y,N,N,,P1,NA,N,N,N,Y,N
hunspell-az,Akarsh,,N,N,Y,Y,N,N,,P0,NA,N,Y,Y,Y,N
hunspell-be,,,N,N,Y,Y,N,N,,P1,NA,N,N,N,Y,N
hunspell-bg,,,N,N,Y,Y,N,N,,P1,NA,N,N,N,Y,N
hunspell-bn,,,N,N,Y,Y,N,N,,P1,NA,N,N,N,Y,N
hunspell-br,,,N,N,Y,Y,N,N,,P1,NA,N,N,N,Y,N
hunspell-ca,Akarsh,,N,N,Y,Y,N,N,,P0,NA,N,Y,Y,Y,N
hunspell-cop,,,N,N,Y,Y,N,N,,P1,NA,N,N,N,Y,N
hunspell-csb,Akarsh,,N,N,Y,Y,N,N,,P0,NA,N,Y,Y,Y,N
hunspell-cv,,,N,N,Y,Y,N,N,,P1,NA,N,N,N,Y,N
hunspell-cy,,,N,N,Y,Y,N,N,,P1,NA,N,N,N,Y,N
hunspell-da,,,N,N,Y,Y,N,N,,P1,NA,N,N,N,Y,N
hunspell-de,Akarsh,,N,N,Y,Y,N,N,,P0,NA,N,Decide_Rev_VerComp,Y,Y,N
hunspell-dsb,,,N,N,Y,Y,N,N,,P1,NA,N,N,N,Y,N
hunspell-el,,,N,N,Y,Y,N,N,,P1,NA,N,N,N,Y,N
hunspell-eo,,,N,N,Y,Y,N,N,,P1,NA,N,N,N,Y,N
hunspell-es,Akarsh,,N,N,Y,Y,N,N,,P0,NA,N,Y,Y,Y,N
hunspell-et,,,N,N,Y,Y,N,N,,P1,NA,N,N,N,Y,N
hunspell-eu,Akarsh,,N,N,Y,Y,N,N,,P0,NA,N,Y,Y,Y,N
hunspell-fa,,,N,N,Y,Y,N,N,,P1,NA,N,N,N,Y,N
hunspell-fj,,,N,N,Y,Y,N,N,,P1,NA,N,N,N,Y,N
hunspell-fo,,,N,N,Y,Y,N,N,,P1,NA,N,N,N,Y,N
hunspell-fr,,,N,N,Y,Y,N,N,,P1,NA,N,N,N,Y,N
hunspell-fur,,,N,N,Y,Y,N,N,,P1,NA,N,N,N,Y,N
hunspell-fy,,,N,N,Y,Y,N,N,,P1,NA,N,N,N,Y,N
hunspell-ga,Akarsh,,N,N,Y,Y,N,N,,P0,NA,N,Y,Y,Y,N
hunspell-gd,,,N,N,Y,Y,N,N,,P1,NA,N,N,N,Y,N
hunspell-gl,,,N,N,Y,Y,N,N,,P1,NA,N,N,N,Y,N
hunspell-grc,,,N,N,Y,Y,N,N,,P1,NA,N,N,N,Y,N
hunspell-gu,,,N,N,Y,Y,N,N,,P1,NA,N,N,N,Y,N
hunspell-gv,,,N,N,Y,Y,N,N,,P1,NA,N,N,N,Y,N
hunspell-haw,,,N,N,Y,Y,N,N,,P1,NA,N,N,N,Y,N
hunspell-hi,,,N,N,Y,Y,N,N,,P1,NA,N,N,N,Y,N
hunspell-hil,,,N,N,Y,Y,N,N,,P1,NA,N,N,N,Y,N
hunspell-hr,,,N,N,Y,Y,N,N,,P1,NA,N,N,N,Y,N
hunspell-hsb,,,N,N,Y,Y,N,N,,P1,NA,N,N,N,Y,N
hunspell-ht,,,N,N,Y,Y,N,N,,P1,NA,N,N,N,Y,N
hunspell-hu,,,N,N,Y,Y,N,N,,P1,NA,N,N,N,Y,N
hunspell-hy,,,N,N,Y,Y,N,N,,P1,NA,N,N,N,Y,N
hunspell-ia,,,N,N,Y,Y,N,N,,P1,NA,N,N,N,Y,N
hunspell-id,,,N,N,Y,Y,N,N,,P1,NA,N,N,N,Y,N
hunspell-is,,,N,N,Y,Y,N,N,,P1,NA,N,N,N,Y,N
hunspell-it,Akarsh,,N,N,Y,Y,N,N,,P0,NA,N,Y,Y,Y,N
hunspell-kk,,,N,N,Y,Y,N,N,,P1,NA,N,N,N,Y,N
hunspell-km,,,N,N,Y,Y,N,N,,P1,NA,N,N,N,Y,N
hunspell-kn,,,N,N,Y,Y,N,N,,P1,NA,N,N,N,Y,N
hunspell-ko,,,N,N,Y,Y,N,N,,P1,NA,N,N,N,Y,N
hunspell-ku,,,N,N,Y,Y,N,N,,P1,NA,N,N,N,Y,N
hunspell-ky,,,N,N,Y,Y,N,N,,P1,NA,N,N,N,Y,N
hunspell-la,,,N,N,Y,Y,N,N,,P1,NA,N,N,N,Y,N
hunspell-lb,,,N,N,Y,Y,N,N,,P1,NA,N,N,N,Y,N
hunspell-ln,,,N,N,Y,Y,N,N,,P1,NA,N,N,N,Y,N
hunspell-mai,,,N,N,Y,Y,N,N,,P1,NA,N,N,N,Y,N
hunspell-mg,,,N,N,Y,Y,N,N,,P1,NA,N,N,N,Y,N
hunspell-mi,,,N,N,Y,Y,N,N,,P1,NA,N,N,N,Y,N
hunspell-mk,,,N,N,Y,Y,N,N,,P1,NA,N,N,N,Y,N
hunspell-ml,,,N,N,Y,Y,N,N,,P1,NA,N,N,N,Y,N
hunspell-mn,,,N,N,Y,Y,N,N,,P1,NA,N,N,N,Y,N
hunspell-mos,,,N,N,Y,Y,N,N,,P1,NA,N,N,N,Y,N
hunspell-mr,Akarsh,,N,N,Y,Y,N,N,,P0,NA,N,Y,Y,Y,N
hunspell-ms,,,N,N,Y,Y,N,N,,P1,NA,N,N,N,Y,N
hunspell-mt,,,N,N,Y,Y,N,N,,P1,NA,N,N,N,Y,N
hunspell-nds,,,N,N,Y,Y,N,N,,P1,NA,N,N,N,Y,N
hunspell-ne,,,N,N,Y,Y,N,N,,P1,NA,N,N,N,Y,N
hunspell-nl,Akarsh,,N,N,Y,Y,N,N,,P0,NA,N,Y,Y,Y,N
hunspell-no,,,N,N,Y,Y,N,N,,P1,NA,N,N,N,Y,N
hunspell-nr,,,N,N,Y,Y,N,N,,P1,NA,N,N,N,Y,N
hunspell-nso,,,N,N,Y,Y,N,N,,P1,NA,N,N,N,Y,N
hunspell-ny,,,N,N,Y,Y,N,N,,P1,NA,N,N,N,Y,N
hunspell-om,,,N,N,Y,Y,N,N,,P1,NA,N,N,N,Y,N
hunspell-or,,,N,N,Y,Y,N,N,,P1,NA,N,N,N,Y,N
hunspell-pa,,,N,N,Y,Y,N,N,,P1,NA,N,N,N,Y,N
hunspell-pl,Akarsh,,N,N,Y,Y,N,N,,P0,NA,N,Y,Y,Y,N
hunspell-pt,Akarsh,,N,N,Y,Y,N,N,,P0,NA,N,Y,Y,Y,N
hunspell-quh,,,N,N,Y,Y,N,N,,P1,NA,N,N,N,Y,N
hunspell-ro,Akarsh,,N,N,Y,Y,N,N,,P0,NA,N,Y,Y,Y,N
hunspell-ru,Sumit,,N,N,Y,Y,N,N,,P1,NA,N,Decide_Rev_VerComp,N_DECIDED,Y,N
hunspell-rw,,,N,N,Y,Y,N,N,,P1,NA,N,N,N,Y,N
hunspell-se,,,N,N,Y,Y,N,N,,P1,NA,N,N,N,Y,N
hunspell-shs,,,N,N,Y,Y,N,N,,P1,NA,N,N,N,Y,N
hunspell-si,,,N,N,Y,Y,N,N,,P1,NA,N,N,N,Y,N
hunspell-sk,,,N,N,Y,Y,N,N,,P1,NA,N,N,N,Y,N
hunspell-sl,,,N,N,Y,Y,N,N,,P1,NA,N,N,N,Y,N
hunspell-smj,,,N,N,Y,Y,N,N,,P1,NA,N,N,N,Y,N
hunspell-so,,,N,N,Y,Y,N,N,,P1,NA,N,N,N,Y,N
hunspell-sq,,,N,N,Y,Y,N,N,,P1,NA,N,N,N,Y,N
hunspell-sr,,,N,N,Y,Y,N,N,,P1,NA,N,N,N,Y,N
hunspell-sv,,,N,N,Y,Y,N,N,,P1,NA,N,N,N,Y,N
hunspell-sw,,,N,N,Y,Y,N,N,,P1,NA,N,N,N,Y,N
hunspell-ta,,,N,N,Y,Y,N,N,,P1,NA,N,N,N,Y,N
hunspell-te,,,N,N,Y,Y,N,N,,P1,NA,N,N,N,Y,N
hunspell-tet,,,N,N,Y,Y,N,N,,P1,NA,N,N,N,Y,N
hunspell-th,,,N,N,Y,Y,N,N,,P1,NA,N,N,N,Y,N
hunspell-tk,,,N,N,Y,Y,N,N,,P1,NA,N,N,N,Y,N
hunspell-tl,,,N,N,Y,Y,N,N,,P1,NA,N,N,N,Y,N
hunspell-tn,,,N,N,Y,Y,N,N,,P1,NA,N,N,N,Y,N
hunspell-tpi,,,N,N,Y,Y,N,N,,P1,NA,N,N,N,Y,N
hunspell-ts,,,N,N,Y,Y,N,N,,P1,NA,N,N,N,Y,N
hunspell-uk,,,N,N,Y,Y,N,N,,P1,NA,N,N,N,Y,N
hunspell-uz,,,N,N,Y,Y,N,N,,P1,NA,N,N,N,Y,N
hunspell-ve,,,N,N,Y,Y,N,N,,P1,NA,N,N,N,Y,N
hunspell-vi,,,N,N,Y,Y,N,N,,P1,NA,N,N,N,Y,N
hunspell-wa,,,N,N,Y,Y,N,N,,P1,NA,N,N,N,Y,N
hunspell-xh,,,N,N,Y,Y,N,N,,P1,NA,N,N,N,Y,N
hunspell-yi,,,N,N,Y,Y,N,N,,P1,NA,N,N,N,Y,N
hyphen,Sreenivasulu,,N,N,Y,Y,N,N,,P1,NA,N,N,N,Y,N
hyphen-as,Sreenivasulu,,N,N,Y,Y,N,N,,P1,NA,N,N,N,Y,N
hyphen-bg,Sreenivasulu,,N,N,Y,Y,N,N,,P1,NA,N,N,N,Y,N
hyphen-bn,Sreenivasulu,,N,N,Y,Y,N,N,,P1,NA,N,N,N,Y,N
hyphen-ca,Sreenivasulu,,N,N,Y,Y,N,N,,P1,NA,N,Y,Y,Y,N
hyphen-da,Sreenivasulu,,N,N,Y,Y,N,N,,P1,NA,N,N,N,Y,N
hyphen-de,Sreenivasulu,,N,N,Y,Y,N,N,,P1,NA,N,N,N,Y,N
hyphen-el,Sreenivasulu,,N,N,Y,Y,N,N,,P1,NA,N,N,N,Y,N
hyphen-es,Sreenivasulu,,N,N,Y,Y,N,N,,P1,NA,N,N,N,Y,Y
hyphen-fa,Sreenivasulu,,N,N,Y,Y,N,N,,P1,NA,N,N,N,Y,N
hyphen-fo,Sreenivasulu,,N,N,Y,Y,N,N,,P1,NA,N,N,N,Y,N
hyphen-fr,Sreenivasulu,,N,N,Y,Y,N,N,,P1,NA,N,N,N,Y,N
hyphen-ga,Sreenivasulu,,N,N,Y,Y,N,N,,P1,NA,N,N,N,Y,N
hyphen-gl,Sreenivasulu,,N,N,Y,Y,N,N,,P1,NA,N,N,N,Y,N
hyphen-grc,Sreenivasulu,,N,N,Y,Y,N,N,,P1,NA,N,N,N,Y,N
hyphen-gu,Sreenivasulu,,N,N,Y,Y,N,N,,P1,NA,N,N,N,Y,N
hyphen-hi,Sreenivasulu,,N,N,Y,Y,N,N,,P1,NA,N,N,N,Y,N
hyphen-hsb,Sreenivasulu,,N,N,Y,Y,N,N,,P1,NA,N,N,N,Y,N
hyphen-hu,Sreenivasulu,,N,N,Y,Y,N,N,,P1,NA,N,N,N,Y,N
hyphen-ia,Sreenivasulu,,N,N,Y,Y,N,N,,P1,NA,N,N,N,Y,N
hyphen-id,Sreenivasulu,,N,N,Y,Y,N,N,,P1,NA,N,N,N,Y,N
hyphen-is,Sreenivasulu,,N,N,Y,Y,N,N,,P1,NA,N,N,N,Y,N
hyphen-it,Sreenivasulu,,N,N,Y,Y,N,N,,P1,NA,N,Y,Y,Y,N
hyphen-kn,Sreenivasulu,,N,N,Y,Y,N,N,,P1,NA,N,N,N,Y,N
hyphen-ku,Sreenivasulu,,N,N,Y,Y,N,N,,P1,NA,N,N,N,Y,N
hyphen-lt,Sreenivasulu,,N,N,Y,Y,N,N,,P1,NA,N,N,N,Y,N
hyphen-mi,Sreenivasulu,,N,N,Y,Y,N,N,,P1,NA,N,N,N,Y,N
hyphen-ml,Sreenivasulu,,N,N,Y,Y,N,N,,P1,NA,N,N,N,Y,N
hyphen-mn,Sreenivasulu,,N,N,Y,Y,N,N,,P1,NA,N,N,N,Y,N
hyphen-mr,Sreenivasulu,,N,N,Y,Y,N,N,,P1,NA,N,N,N,Y,N
hyphen-nl,Sreenivasulu,,N,N,Y,Y,N,N,,P1,NA,N,N,N,Y,N
hyphen-or,Sreenivasulu,,N,N,Y,Y,N,N,,P1,NA,N,N,N,Y,N
hyphen-pa,Sreenivasulu,,N,N,Y,Y,N,N,,P1,NA,N,N,N,Y,N
hyphen-pl,Sreenivasulu,,N,N,Y,Y,N,N,,P1,NA,N,N,N,Y,N
hyphen-pt,Sreenivasulu,,N,N,Y,Y,N,N,,P1,NA,N,Y,Y,Y,N
hyphen-ro,Sreenivasulu,,N,N,Y,Y,N,N,,P1,NA,N,N,N,Y,N
hyphen-ru,Sreenivasulu,,N,N,Y,Y,N,N,,P1,NA,N,Y,Y,Y,N
hyphen-sa,Sreenivasulu,,N,N,Y,Y,N,N,,P1,NA,N,N,N,Y,N
hyphen-sk,Sreenivasulu,,N,N,Y,Y,N,N,,P1,NA,N,N,N,Y,N
hyphen-sl,Sreenivasulu,,N,N,Y,Y,N,N,,P1,NA,N,N,N,Y,N
hyphen-sv,Sreenivasulu,,N,N,Y,Y,N,N,,P1,NA,N,N,N,Y,N
hyphen-ta,Sreenivasulu,,N,N,Y,Y,N,N,,P1,NA,N,N,N,Y,N
hyphen-te,Sreenivasulu,,N,N,Y,Y,N,N,,P1,NA,N,N,N,Y,N
hyphen-tk,Sreenivasulu,,N,N,Y,Y,N,N,,P1,NA,N,Y,Y,Y,N
hyphen-uk,Sreenivasulu,,N,N,Y,Y,N,N,,P1,NA,N,N,N,Y,N
ibus,Sumit,,Y,Y,Y,Y,N,N,It was decided that the latest upstream version 1.5.31-beta2 as seen in Fedora sources will be what we upgrade to.,P1,NA,N,Y,Y,Y,N
ibus-chewing,Sumit,,N,N,Y,Y,N,N,,P1,NA,N,Y,DECIDED_REMOVE,Y,N
ibus-hangul,Sumit,,N,N,Y,Y,N,N,,P1,NA,N,Y,Y,Y,N
ibus-kkc,Sumit,,N,N,Y,Y,N,N,,P1,NA,N,N,N,Y,N
ibus-libzhuyin,Sumit,,N,N,Y,Y,N,N,,CP_batch2,NA,N,Y,Y,Y,N
ibus-m17n,Sumit,,N,N,Y,Y,N,N,,P1,NA,N,Y,Y,Y,N
ibus-rawcode,Sumit,,N,N,Y,Y,N,N,,P1,NA,N,N_DNLD_fail_Chk_Build,N,Y,N
ibus-sayura,Sumit,,N,N,Y,Y,N,N,,P1,NA,N,N,N,Y,N
ibus-table,Sumit,,N,N,Y,Y,N,N,,P1,NA,N,Y,Y,Y,N
ibus-table-chinese,Sumit,,N,N,Y,Y,N,N,,P1,NA,N,Y,Y,Y,N
icc-profiles-openicc,Sumit,,N,N,Y,Y,N,N,,P1,NA,N,N,N,Y,N
icon-naming-utils,Sumit,,N,N,Y,Y,N,N,,P1,NA,N,N,N,Y,N
iftop,Sumit,,N,N,Y,Y,N,N,,P1,NA,N,N,N,Y,N
iio-sensor-proxy,Sumit,,N,N,Y,Y,N,N,,P1,NA,N,Y,Y,Y,N
ilmbase,Sumit,,Y,N,Y,Y,N,N,,P1,NA,N,N,N,Y,N
imaptest,Sumit,,N,N,Y,Y,N,N,,P1,NA,N,Y,Y,Y,N
indent,Sumit,,N,N,Y,Y,N,N,,P1,NA,N,Y,Y,Y,N
iniparser,Sumit,,N,N,Y,N,N,Y,,P1,NA,N,N_NoBldVer_and_MovedToCore,N,N,N
intel-cmt-cat,Sumit,,N,N,Y,Y,N,N,,CP_batch1,NA,N,Y,Y,Y,N
ioping,Sumit,,N,N,Y,Y,N,N,,P1,NA,N,Y,Y,Y,N
ipa-pgothic-fonts,Sumit,,N,N,Y,Y,N,N,,P1,NA,N,N,N,Y,N
ipcalc,Sumit,,N,N,Y,Y,N,N,,P1,NA,N,Y,Y,Y,N
iprutils,Sumit,,N,N,Y,Y,N,N,,P1,NA,N,Y,Y,Y,N
iptstate,Sumit,,N,N,Y,Y,N,N,,P1,NA,N,N,N,Y,N
irssi,Sumit,,N,N,Y,Y,N,N,,P1,NA,N,Y,Y,Y,N
iso-codes,Akarsh,,N,N,Y,Y,N,N,,P1,NA,N,Y,Y,Y,N
isomd5sum,Akarsh,,N,N,Y,Y,N,N,,CP_batch1,NA,N,Y,Y,Y,N
iwd,Sumit,,N,N,Y,Y,N,N,,CP_batch1,NA,N,Y,Y,Y,N
jabberpy,Akarsh,,N,N,Y,Y,N,N,,P1,NA,N,N_DNLD_fail_Chk_Build,N,Y,N
jakarta-taglibs-standard,Akarsh,,N,N,Y,Y,N,N,,P1,NA,N,N_DNLD_fail_Chk_Build,N,Y,N
jansi,Akarsh,,N,N,Y,Y,N,N,,P1,NA,N,Y,Y,Y,N
jarjar,Akarsh,,N,N,Y,Y,N,N,,P1,NA,N,N_DNLD_fail_Chk_Build,N,Y,N
javacc,Akarsh,,N,N,Y,Y,N,N,,P1,NA,N,Y,Y,Y,N
javacc-bootstrap,Akarsh,,N,N,Y,Y,N,N,,P1,NA,N,N_DNLD_fail_Chk_Build,N,Y,N
jbigkit,Jyoti,,N,N,Y,Y,N,N,,P1,NA,N,N,N,Y,Y
jboss-interceptors,Akarsh,,N,N,Y,Y,N,N,,CP_batch2,NA,N,Y_Reintroduce,Y,Y,N
jdepend,Akarsh,,N,N,Y,Y,N,N,,P1,NA,N,Y,Y,Y,N
jdom2,Akarsh,,N,N,Y,Y,N,N,,P1,NA,N,PRCreated_Rev_VerComp,Y,Y,N
jfsutils,Akarsh,,N,N,Y,Y,N,N,,P1,NA,N,N,N,Y,N
jimtcl,Archana,,N,N,Y,Y,N,N,,P1,NA,N,Y,Y,Y,N
jlex,Sumit,,N,N,Y,Y,N,N,,CP_batch1,NA,N,PR_Created_NODNLDVER,Y,Y,N
jline,Akarsh,,N,N,Y,Y,N,N,,P1,NA,N,Y,Y,Y,N
jose,Akarsh,,N,N,Y,Y,N,N,,P0,NA,N,Y,Y,Y,N
js-jquery,Akarsh,,N,N,Y,Y,N,N,,P1,NA,N,Y,Y,Y,N
jsch,Archana,,N,N,Y,Y,N,N,,P1,NA,N,N,N,Y,Y
jsoncpp,Akarsh,,N,N,Y,Y,N,N,,CP_batch1,NA,N,Y,Y,Y,N
jsoup,Akarsh,,N,N,Y,Y,N,N,,P1,NA,N,Y,Y,Y,N
jtidy,Akarsh,,N,N,Y,Y,N,N,,P1,NA,N,N,N,Y,N
junitperf,Akarsh,,N,N,Y,Y,N,N,,CP_batch2,NA,N,PR_Created_NODNLDVER,Y,Y,N
jzlib,Archana,,N,N,Y,Y,N,N,,CP_batch2,NA,N,N,N,Y,Y
kde-filesystem,Aninda,,N,N,Y,Y,N,N,,P0,NA,N,Y,Y,Y,N
kernel-rt,Aninda,,N,N,Y,Y,N,N,,P1,NA,N,N_DNLD_fail_Chk_Build,N,Y,N
keybinder3,Aninda,,N,N,Y,Y,N,N,,P1,NA,N,N,N,Y,N
keycloak-httpd-client-install,Aninda,,N,N,Y,Y,N,N,,CP_batch1,NA,N,Y,Y,Y,N
kronosnet,Aninda,,N,N,Y,Y,N,N,,P1,NA,N,Y,Y,Y,N
kyotocabinet,Aninda,,N,N,Y,Y,N,N,,P1,NA,N,Y,Y,Y,N
ladspa,Aninda,,N,N,Y,Y,N,N,,P1,NA,N,Y,Y,Y,N
lame,Aninda,,N,N,Y,Y,N,N,,P1,NA,N,N,N,Y,N
langtable,Aninda,,N,N,Y,Y,N,N,,P1,NA,N,Y,Y,Y,N
lasso,Aninda,,N,N,Y,Y,N,N,,CP_batch1,NA,N,Y,Y,Y,N
latencytop,Aninda,,N,N,Y,Y,N,N,,P1,NA,N,N,N,Y,N
lcov,Aninda,,N,N,Y,Y,N,N,,P1,NA,N,Y,Y,Y,N
ledmon,Aninda,,N,N,Y,Y,N,N,,CP_batch1,NA,N,Y,Y,Y,N
lensfun,Aninda,,N,N,Y,Y,N,N,,CP_batch1,NA,N,Y,Y,Y,N
lftp,Aninda,,N,N,Y,Y,N,N,,P1,NA,N,N,N,Y,N
libEMF,Aninda,,N,N,Y,Y,N,N,,P1,NA,N,N,N,Y,N
libIDL,Aninda,,N,N,Y,Y,N,N,,P1,NA,N,N,N,Y,N
libXScrnSaver,Aninda,,N,N,Y,Y,N,N,,P0,NA,N,Y,Y,Y,N
libXres,Aninda,,N,N,Y,N,N,Y,,P1,NA,N,N_NoBldVer_and_MovedToCore,N,N,N
libXv,Aninda,,N,N,Y,N,N,Y,,P1,NA,N,N_NoBldVer_and_MovedToCore,N,N,N
libabw,Aninda,,N,N,Y,Y,N,N,,P1,NA,N,N,N,Y,N
libao,Aninda,,N,N,Y,Y,N,N,,P1,NA,N,N,N,Y,N
libappstream-glib,Jyoti,,N,N,Y,Y,N,N,,P1,NA,N,Y,Y,Y,N
libart_lgpl,Aninda,,N,N,Y,Y,N,N,,P1,NA,N,N,N,Y,N
libasyncns,Aninda,,N,N,Y,Y,N,N,,P1,NA,N,N,N,Y,N
libavc1394,Jyoti,,N,N,Y,Y,N,N,,P1,NA,N,N,N,Y,N
libblockdev,Jyoti,,N,N,Y,Y,N,N,,P1,NA,N,Y,Y,Y,N
libbsd,Jyoti,,N,N,Y,Y,N,N,,P1,NA,N,Y,Y,Y,N
libbytesize,Jyoti,,N,N,Y,Y,N,N,,P1,NA,N,Y,Y,Y,N
libcanberra,Jyoti,,N,N,Y,Y,N,N,,P1,NA,N,N,N,Y,N
libcdio,Jyoti,,N,N,Y,Y,N,N,,P1,NA,N,Y,Y,Y,N
libcdio-paranoia,Jyoti,,N,N,Y,Y,N,N,,P1,NA,N,PRCreated_Rev_VerComp,Y,Y,N
libcdr,Jyoti,,N,N,Y,Y,N,N,,P1,NA,N,Y,Y,Y,N
libchewing,Jyoti,,N,N,Y,Y,N,N,,P1,NA,N,Y,Y,Y,N
libcli,Jyoti,,N,N,Y,Y,N,N,,P1,NA,N,Y,Y,Y,N
libcmis,Jyoti,,N,N,Y,Y,N,N,,P1,NA,N,Y,Y,Y,N
libcmpiutil,Jyoti,,N,N,Y,Y,N,N,,P1,NA,N,N,N,Y,N
libcroco,Jyoti,,N,N,Y,Y,N,N,,P1,NA,N,N_DNLD_fail_Chk_Build,N,Y,N
libdap,Jyoti,,N,N,Y,Y,N,N,,P1,NA,N,Y,Y,Y,N
libdatrie,Jyoti,,N,N,Y,Y,N,N,,P1,NA,N,Y,Y,Y,N
libdazzle,Jyoti,,N,N,Y,Y,N,N,,P1,NA,N,Y,Y,Y,N
libdbi,Jyoti,,N,N,Y,Y,N,N,,P1,NA,N,N,N,Y,N
libdbi-drivers,Jyoti,,N,N,N,N,Y,N,,P1,NA,N,Y_Reintroduce,Y,Y,N
libdbusmenu,Jyoti,,N,N,Y,Y,N,N,,P1,NA,N,N,N,Y,N
libdc1394,Jyoti,,N,N,Y,Y,N,N,,P1,NA,N,Y,Y,Y,N
libdeflate,Jyoti,,N,N,Y,Y,N,N,,P1,NA,N,Y,Y,Y,N
libdmx,Jyoti,,N,N,Y,Y,N,N,,P1,NA,N,Y,Y,Y,N
libdvdnav,Jyoti,,N,N,Y,Y,N,N,,P1,NA,N,Y,Y,Y,N
libdvdread,Jyoti,,N,N,Y,Y,N,N,,P1,NA,N,Y,Y,Y,N
libeasyfc,Jyoti,,N,N,Y,Y,N,N,,P0,NA,N,Y,Y,Y,N
libecap,Jyoti,,N,N,Y,Y,N,N,,P1,NA,N,N,N,Y,Y
libecb,Jagadeesh,,N,N,Y,Y,N,N,,P1,NA,N,N,N,Y,N
libeot,Jagadeesh,,N,N,Y,Y,N,N,,P1,NA,N,N,N,Y,N
libepubgen,Jagadeesh,,N,N,Y,Y,N,N,,P1,NA,N,N,N,Y,N
libesmtp,Jagadeesh,,N,N,Y,Y,N,N,,P1,NA,N,N,N,Y,N
libetonyek,Aninda,,N,N,Y,Y,N,N,,CP_batch2,NA,N,N_CorePkgVerDep,N_CorePkgVerDep,Y,Y
libexttextcat,Jagadeesh,,N,N,Y,Y,N,N,,P1,NA,N,Y,Y,Y,N
libfreehand,Jagadeesh,,N,N,Y,Y,N,N,,P1,NA,N,N,N,Y,N
libftdi,Jagadeesh,,N,N,Y,Y,N,N,,CP_batch1,NA,N,N,N,Y,N
libgadu,Jagadeesh,,N,N,Y,Y,N,N,,P1,NA,N,N,N,Y,N
libgdither,Jagadeesh,,N,N,Y,Y,N,N,,P1,NA,N,N,N,Y,N
libgee,Jagadeesh,,N,N,Y,Y,N,N,,P1,NA,N,Y,Y,Y,N
libgee06,Jagadeesh,,N,N,Y,Y,N,N,,P1,NA,N,N_DNLD_fail_Chk_Build,N,Y,N
libgeotiff,Jagadeesh,,N,N,Y,Y,N,N,,P1,NA,N,Y,Y,Y,N
libgexiv2,Jagadeesh,,N,N,Y,Y,N,N,,P1,NA,N,Y,Y,Y,N
libgit2-glib,Aninda,,N,N,Y,Y,N,N,,CP_batch2,NA,N,N_CorePkgVerDep,N_CorePkgVerDep,Y,N
libglade2,Jagadeesh,,N,N,Y,Y,N,N,,P1,NA,N,N,N,Y,N
libgovirt,Jagadeesh,,N,N,Y,Y,N,N,,P1,NA,N,N,N,Y,N
libgphoto2,Kevin,,N,N,Y,Y,N,N,,CP_batch1,NA,N,Y,Y,Y,N
libgsf,Jagadeesh,,N,N,Y,Y,N,N,,P1,NA,N,Y,Y,Y,N
libgta,Jagadeesh,,N,N,Y,Y,N,N,,P1,NA,N,N,N,Y,N
libgxps,Jagadeesh,,N,N,Y,Y,N,N,,P1,NA,N,Y,Y,Y,N
libhangul,Jagadeesh,,N,N,Y,Y,N,N,,P1,NA,N,N,N,Y,N
libibcommon,Jagadeesh,,N,N,Y,Y,N,N,,P1,NA,N,N,N,Y,N
libicns,Jagadeesh,,N,N,Y,Y,N,N,,P1,NA,N,N,N,Y,N
libid3tag,Jagadeesh,,N,N,Y,Y,N,N,,P1,NA,N,Y,Y,Y,N
libidn2,Kevin,,N,N,Y,N,N,Y,,P1,NA,N,N_NoBldVer_and_MovedToCore,N,N,N
libiec61883,Kevin,,N,N,Y,Y,N,N,,P1,NA,N,N,N,Y,N
libieee1284,Kevin,,N,N,Y,Y,N,N,,P1,NA,N,N,N,Y,N
libimobiledevice,Kevin,,N,N,Y,Y,N,N,,P1,NA,N,Y,Y,Y,N
libindicator,Kevin,,N,N,Y,Y,N,N,,P1,NA,N,N,N,Y,N
libiodbc,Kevin,,N,N,Y,Y,N,N,,P1,NA,N,Y,Y,Y,N
libipt,Kevin,,N,N,Y,Y,N,N,,CP_batch1,NA,N,Y,Y,Y,N
libiptcdata,Kevin,,N,N,Y,Y,N,N,,P1,NA,N,N,N,Y,N
libjcat,Kevin,,N,N,Y,Y,N,N,,P1,NA,N,Y,Y,Y,N
libkeepalive,Kevin,,N,N,Y,Y,N,N,,P1,NA,N,N,N,Y,N
libkkc,Kevin,,N,N,Y,Y,N,N,,P1,NA,N,N,N,Y,N
libkkc-data,Kevin,,N,N,Y,Y,N,N,,P1,NA,N,N,N,Y,N
libkml,Kevin,,N,N,Y,Y,N,N,,P1,NA,N,N,N,Y,N
liblangtag,Kevin,,N,N,Y,Y,N,N,,P1,NA,N,Y,Y,Y,N
libldb,Kevin,,N,N,Y,Y,N,N,,P1,NA,N,Y,Y,Y,N
liblerc,Kevin,,N,N,Y,Y,N,N,,P1,NA,N,N,N,Y,N
liblockfile,Kevin,,N,N,Y,Y,N,N,,P1,NA,N,Y,Y,Y,N
liblouis,Kevin,,N,N,Y,Y,N,N,,P1,NA,N,Y,Y,Y,N
liblqr-1,Kevin,,N,N,Y,Y,N,N,,P1,NA,N,PR_Created_NODNLDVER,Y,Y,N
libmad,Kevin,,N,N,Y,Y,N,N,,P1,NA,N,Y,Y,Y,N
libmediaart,Kevin,,N,N,Y,Y,N,N,,P1,NA,N,Y,Y,Y,N
libmicrohttpd,Kevin,,N,N,Y,N,N,Y,,P1,NA,N,N_NoBldVer_and_MovedToCore,N,N,N
libmikmod,Kevin,,N,N,Y,Y,N,N,,P1,NA,N,N,N,Y,N
libmodman,Kevin,,N,N,Y,Y,N,N,,P1,NA,N,N,N,Y,N
libmodplug,Kevin,,N,N,Y,Y,N,N,,P1,NA,N,N,N,Y,N
libmodulemd1,Akarsh,,N,N,Y,Y,N,N,,P1,NA,N,N_DNLD_fail_Chk_Build,N,Y,N
libmpcdec,Akarsh,,N,N,Y,Y,N,N,,P1,NA,N,Y,Y,Y,N
libmspub,Akarsh,,N,N,Y,Y,N,N,,P1,NA,N,N,N,Y,N
libmtp,Akarsh,,N,N,Y,Y,N,N,,CP_batch2,NA,N,Y,Y,Y,N
libmusicbrainz5,Akarsh,,N,N,Y,Y,N,N,,P1,NA,N,N,N,Y,N
libmwaw,Akarsh,,N,N,Y,Y,N,N,,P1,NA,N,Y,Y,Y,N
libnet,Akarsh,,N,N,Y,Y,N,N,,P1,NA,N,Y,Y,Y,N
libntlm,Akarsh,,N,N,Y,Y,N,N,,P1,NA,N,N,N,Y,N
libnumbertext,Akarsh,,N,N,Y,Y,N,N,,P1,NA,N,Y,Y,Y,N
liboauth,Akarsh,,N,N,Y,Y,N,N,,P1,NA,N,N,N,Y,N
libodfgen,Akarsh,,N,N,Y,Y,N,N,,P1,NA,N,N,N,Y,N
libofa,Akarsh,,N,N,Y,Y,N,N,,P1,NA,N,N,N,Y,N
libogg,Akarsh,,N,N,Y,Y,N,N,,P1,NA,N,Y,Y,Y,N
liboggz,Akarsh,,N,N,Y,Y,N,N,,P1,NA,N,N,N,Y,N
liboil,Akarsh,,N,N,Y,Y,N,N,,P1,NA,N,N,N,Y,N
libomxil-bellagio,Akarsh,,N,N,Y,Y,N,N,,P1,NA,N,N_DNLD_fail_Chk_Build,N,Y,N
libopenraw,Akarsh,,N,N,Y,Y,N,N,,P1,NA,N,N,N,Y,N
liboping,Akarsh,,N,N,Y,Y,N,N,,P1,NA,N,N,N,Y,N
libosinfo,Akarsh,,N,N,Y,Y,N,N,,P1,NA,N,Y,Y,Y,N
libotf,Akarsh,,N,N,Y,Y,N,N,,P1,NA,N,Y,Y,Y,N
libotr,Sumit,Override_to_Y,N,N,Y,Y,N,N,,P1,NA,N,Y,Y,Y,N
libpagemaker,Akarsh,,N,N,Y,Y,N,N,,P1,NA,N,N,N,Y,N
libpaper,Akarsh,,N,N,Y,Y,N,N,,P0,NA,N,Y,Y,Y,N
libpeas,Archana,,N,N,Y,Y,N,N,,P1,NA,N,Y,Y,Y,N
libpfm,Akarsh,,N,N,Y,Y,N,N,,P0,NA,N,Y,Y,Y,N
libpinyin,Sumit,,Y,Y,Y,Y,N,N,It was decided that the prelease version 2.9.92 available in Fedora sources will prevail over the last stable version 2.8.1,P1,NA,N,Y,Y,Y,N
libplist,Kevin,Y,N,N,Y,Y,N,N,"Instead of Sumit, Kevin picked it up first.",CP_batch1,NA,N,Y,Y,Y,N
libpmemobj-cpp,Sumit,,Y,N,Y,Y,N,N,,P1,NA,N,N_DNLD_fail_Chk_Build,N,Y,N
libpng12,Sumit,,N,N,Y,Y,N,N,,P1,NA,N,N,N,Y,N
libpng15,Sumit,,N,N,Y,Y,N,N,,P1,NA,N,N,N,Y,N
libproxy,Sumit,,N,N,Y,Y,N,N,,P1,NA,N,Y,Y,Y,N
libqb,Sumit,,N,N,Y,Y,N,N,,P1,NA,N,Y,Y,Y,N
libqxp,Sumit,,N,N,Y,Y,N,N,,P1,NA,N,N,N,Y,N
librabbitmq,Sumit,,N,N,Y,Y,N,N,,P1,NA,N,Y,Y,Y,N
libraqm,Sumit,,N,N,Y,Y,N,N,,P1,NA,N,Y,Y,Y,N
libraw1394,Sumit,,N,N,Y,Y,N,N,,P1,NA,N,N,N,Y,N
libreport,Sumit,,N,N,Y,Y,N,N,,P1,NA,N,Y,Y,Y,N
librevenge,Sumit,,N,N,Y,Y,N,N,,P1,NA,N,Y,Y,Y,N
librx,Sumit,,N,N,Y,Y,N,N,,CP_batch1,NA,N,N,N,Y,N
libsamplerate,Sumit,,N,N,Y,Y,N,N,,P1,NA,N,N,N,Y,N
libsass,Sumit,,N,N,Y,Y,N,N,,P1,NA,N,Y,Y,Y,N
libsecret,Sumit,,N,N,Y,Y,N,N,,P1,NA,N,Y,Y,Y,N
libsigc++20,Sumit,,N,N,Y,Y,N,N,,CP_batch1,NA,N,Y,Y,Y,N
libsigsegv,Sumit,,N,N,Y,Y,N,N,,P1,NA,N,Y,Y,Y,N
libsmbios,Sumit,,N,N,Y,Y,N,N,,P1,NA,N,Y,Y,Y,N
libspiro,Sumit,Override_to_Y,N,N,Y,Y,N,N,,P1,NA,N,Y,Y,Y,N
libsrtp,Sumit,,N,N,Y,Y,N,N,,P1,NA,N,Y,Y,Y,N
libstaroffice,Sumit,,N,N,Y,Y,N,N,,P1,NA,N,N,N,Y,N
libstemmer,Sumit,,Y,N,Y,Y,N,N,,CP_batch2,snowball,N,Decide_Rev_VerComp,Y_DECIDED_REPLACE,Y,N
libtdb,Jyoti,,N,N,Y,Y,N,N,,P1,NA,N,Y,Y,Y,N
libteam,Sreenivasulu,,N,N,Y,Y,N,N,,P1,NA,N,Y,Y,Y,N
libtevent,Sreenivasulu,,N,N,Y,Y,N,N,,CP_batch2,NA,N,Y,Y,Y,N
libthai,Sreenivasulu,,N,N,Y,Y,N,N,,P1,NA,N,Y,Y,Y,N
libtheora,Sreenivasulu,,N,N,Y,Y,N,N,,P1,NA,N,N,N,Y,N
libtnc,Archana,,N,N,Y,Y,N,N,,CP_batch1,NA,N,N,N,Y,N
libtomcrypt,Sreenivasulu,,N,N,Y,Y,N,N,,P1,NA,N,N,N,Y,N
libtommath,Sreenivasulu,,N,N,Y,Y,N,N,,P1,NA,N,Y,Y,Y,N
libtranslit,Sreenivasulu,,N,N,Y,Y,N,N,,P1,NA,N,N,N,Y,N
libucil,Sreenivasulu,,N,N,Y,Y,N,N,,P1,NA,N,N_DNLD_fail_Chk_Build,N,Y,N
libunicap,Sreenivasulu,,N,N,Y,Y,N,N,,CP_batch2,NA,N,N_DNLD_fail_Chk_Build,N,Y,Y
libuninameslist,Sreenivasulu,,N,N,Y,Y,N,N,,P1,NA,N,Y,Y,Y,N
libusbmuxd,Kevin,Y,N,N,Y,Y,N,N,Kevin has picked up the upgrade of this package as on 30 Oct 2024.,P1,NA,N,PRCreated_Rev_VerComp,Y,Y,N
libuser,Sreenivasulu,,N,N,Y,N,N,Y,,P1,NA,N,N_NoBldVer_and_MovedToCore,N,N,N
libutempter,Sreenivasulu,,N,N,Y,Y,N,N,,P1,NA,N,Y,Y,Y,N
libva,Sreenivasulu,,N,N,Y,N,N,Y,,P1,NA,N,N_NoBldVer_and_MovedToCore,N,N,N
libvarlink,Sreenivasulu,,N,N,Y,Y,N,N,,P1,NA,N,Y,Y,Y,N
libvdpau,Sreenivasulu,,N,N,Y,Y,N,N,,P1,NA,N,Y,Y,Y,N
libverto,Sreenivasulu,,N,N,Y,Y,N,N,,P1,NA,N,Y,Y,Y,N
libvisio,Sreenivasulu,,N,N,Y,Y,N,N,,P1,NA,N,N,N,Y,N
libvisual,Sreenivasulu,,N,N,Y,Y,N,N,,P1,NA,N,Y,Y,Y,N
libvorbis,Sreenivasulu,,N,N,Y,Y,N,N,,P1,NA,N,N,N,Y,N
libvpx,Sreenivasulu,,N,N,Y,Y,N,N,,P1,NA,N,Y,Y,Y,N
libwnck3,Sreenivasulu,,N,N,Y,Y,N,N,,P1,NA,N,Y,Y,Y,N
libwpd,Sreenivasulu,,N,N,Y,Y,N,N,,P1,NA,N,N,N,Y,N
libwpe,Sreenivasulu,,N,N,Y,Y,N,N,,P1,NA,N,PR_Created_NODNLDVER,Y,Y,N
libwpg,Aninda,,N,N,Y,Y,N,N,,P1,NA,N,Y,Y,Y,N
libwps,Aninda,,N,N,Y,Y,N,N,,P1,NA,N,Y,Y,Y,N
libwvstreams,Aninda,,N,N,Y,Y,N,N,,P1,NA,N,N,N,Y,N
libxklavier,Aninda,,N,N,Y,Y,N,N,,P1,NA,N,N,N,Y,N
libxmlb,Aninda,,N,N,Y,Y,N,N,,P1,NA,N,Y,Y,Y,N
libyami,Archana,,N,N,Y,Y,N,N,,CP_batch2,NA,N,N_DNLD_fail_Chk_Build,N,Y,N
libyubikey,Aninda,,N,N,Y,Y,N,N,,P1,NA,N,N,N,Y,N
libzmf,Aninda,,N,N,Y,Y,N,N,,P1,NA,N,N,N,Y,N
lilv,Jyoti,,N,N,Y,Y,N,N,,P1,NA,N,Y,Y,Y,N
linuxconsoletools,Aninda,,N,N,Y,Y,N,N,,P1,NA,N,N,N,Y,N
lksctp-tools,Aninda,,N,N,Y,Y,N,N,,P0,NA,N,Y,Y,Y,N
lockdev,Aninda,,N,N,Y,Y,N,N,,P1,NA,N,N,N,Y,N
logwatch,Aninda,,N,N,Y,Y,N,N,,P1,NA,N,Y,Y,Y,N
lpsolve,Aninda,,N,N,Y,Y,N,N,,P0,NA,N,DECIDED_REMOVE,DECIDED_REMOVE,N,N
lrzsz,Jyoti,,N,N,Y,Y,N,N,,CP_batch1,NA,N,N,N,Y,N
lua-expat,Aninda,,N,N,Y,Y,N,N,,P1,NA,N,Y,Y,Y,N
lua-filesystem,Aninda,,N,N,Y,Y,N,N,,P1,NA,N,Y,Y,Y,N
lua-json,Aninda,,N,N,Y,Y,N,N,,P1,NA,N,Y,Y,Y,N
lua-lpeg,Aninda,,N,N,Y,Y,N,N,,P1,NA,N,Y,Y,Y,N
lua-lunit,Aninda,,N,N,Y,Y,N,N,,P1,lua-lunitx,N,Y,Y,Y,N
lua-term,Aninda,,N,N,Y,Y,N,N,,P1,NA,N,Y,Y,Y,N
luksmeta,Aninda,,N,N,Y,Y,N,N,,P1,NA,N,N,N,Y,N
lv2,Aninda,,N,N,Y,Y,N,N,,P1,NA,N,N,N,Y,N
lzip,Aninda,,N,N,Y,Y,N,N,,P1,NA,N,Y,Y,Y,N
m17n-db,Aninda,,N,N,Y,Y,N,N,,P0,NA,N,Y,Y,Y,N
m17n-lib,Aninda,,N,N,Y,Y,N,N,,P1,NA,N,Y,Y,Y,N
mailx,Archana,,N,N,Y,Y,N,N,,P1,s-nail,N,Y,Y,Y,N
mallard-rng,Archana,,N,N,Y,Y,N,N,,P1,NA,N,N,N,Y,N
man-pages-cs,Sumit,,N,N,Y,Y,N,N,,P1,man-pages-l10n,N,Y,Y,Y,N
man-pages-es,Sumit,,N,N,Y,Y,N,N,,P1,man-pages-l10n,N,Y,Y,Y,N
man-pages-it,Sumit,,N,N,Y,Y,N,N,,P1,man-pages-l10n,N,Y,Y,Y,N
man-pages-ja,Aninda,,N,N,Y,Y,N,N,,P0,NA,N,Y,Y,Y,N
man-pages-ko,Sumit,,N,N,Y,Y,N,N,,P1,man-pages-l10n,N,Decide_Rev_VerComp,Y_DECIDED_REPLACE,Y,N
man-pages-pl,Sumit,,N,N,Y,Y,N,N,,P1,man-pages-l10n,N,Y,Y,Y,N
man-pages-ru,,,N,N,Y,Y,N,N,,P1,man-pages-l10n,N,N,N,Y,N
man-pages-zh-CN,Archana,,N,N,Y,Y,N,N,,P1,NA,N,Y,Y,Y,N
mariadb-connector-odbc,Aninda,,N,N,Y,Y,N,N,,P0,NA,N,Y,Y,Y,N
marisa,Archana,,N,N,Y,Y,N,N,,P1,NA,N,Y,Y,Y,N
maven-parent,Archana,,N,N,Y,Y,N,N,,P1,NA,N,Y,Y,Y,N
mcelog,Aninda,,N,N,Y,Y,N,N,,P0,NA,N,Y,Y,Y,N
mdds,Aninda,,N,N,Y,Y,N,N,,P0,NA,N,Y,Y,Y,N
meanwhile,Aninda,,N,N,Y,Y,N,N,,P0,NA,N,Y,Y,Y,N
mecab,Archana,,N,N,Y,Y,N,N,,P1,NA,N,N,N,Y,N
mecab-ipadic,Archana,,N,N,Y,Y,N,N,,P1,NA,N,N,N,Y,N
media-player-info,Archana,,N,N,Y,Y,N,N,,P1,NA,N,N,N,Y,N
memkind,Akhila,,N,N,Y,Y,N,N,,New P0,NA,N,Y,Y,Y,N
metis,Aninda,,N,N,Y,Y,N,N,,P0,NA,N,PRCreated_Rev_VerComp,Y,Y,N
microcode_ctl,Archana,,N,N,Y,Y,N,N,,CP_batch1,NA,N,N,N,Y,N
microdnf,Archana,,N,N,Y,Y,N,N,,P1,NA,N,Y,Y,Y,N
minicom,Akhila,,N,N,Y,Y,N,N,,New P0,NA,N,Y,Y,Y,N
minizip,Archana,,N,N,Y,Y,N,N,,P1,minizip-ng,N,Y,Y,Y,N
mksh,Sumit,,N,N,Y,Y,N,N,,NA,NA,N,Decide_Rev_VerComp,N_DECIDED,Y,N
mobile-broadband-provider-info,Aninda,,N,N,Y,Y,N,N,,P0,NA,N,Y,Y,Y,N
mock,Akarsh,,N,N,Y,N,N,Y,,P1,NA,N,N_NoBldVer_and_MovedToCore,N,N,N
mock-core-configs,Akarsh,,N,N,Y,N,N,Y,,P1,NA,N,N_NoBldVer_and_MovedToCore,N,N,N
mod_auth_gssapi,Akarsh,,N,N,Y,Y,N,N,,P1,NA,N,Y,Y,Y,N
mod_auth_mellon,Akarsh,,N,N,Y,Y,N,N,,P1,NA,N,Y,Y,Y,N
mod_auth_openidc,Aninda,,N,N,Y,Y,N,N,,P0,NA,N,Y,Y,Y,N
mod_authnz_pam,Aninda,,N,N,Y,Y,N,N,,P0,NA,N,Y,Y,Y,N
mod_fcgid,,,N,N,Y,Y,N,N,,NA,NA,N,N,N,Y,N
mod_http2,Akhila,,N,N,Y,Y,N,N,,New P0,NA,N,Y,Y,Y,N
mod_intercept_form_submit,Aninda,,N,N,Y,Y,N,N,,P0,NA,N,Y,Y,Y,N
mod_lookup_identity,,,N,N,Y,Y,N,N,,NA,NA,N,N,N,Y,N
mod_md,Aninda,,N,N,Y,Y,N,N,,P0,NA,N,Y,Y,Y,N
mod_security,Aninda,,N,N,Y,Y,N,N,,P0,NA,N,Y,Y,Y,N
mod_security_crs,Aninda,,N,N,Y,Y,N,N,,P0,NA,N,Y,Y,Y,N
mod_wsgi,Akarsh,,N,N,Y,Y,N,N,,P1,NA,N,Y,Y,Y,N
mosh,Akarsh,,N,N,Y,Y,N,N,,CP_batch1,NA,N,N,N,Y,N
mpage,,,N,N,Y,Y,N,N,,NA,NA,N,N,N,Y,N
mrtg,Akarsh,,N,N,Y,Y,N,N,,CP_batch2,NA,N,Y,Y,Y,N
mt-st,Akarsh,,N,N,Y,Y,N,N,,CP_batch1,NA,N,Y,Y,Y,N
mtr,Akarsh,,N,N,Y,N,N,Y,,P1,NA,N,N_NoBldVer_and_MovedToCore,N,N,N
mtx,,,N,N,Y,Y,N,N,,NA,NA,N,N,N,Y,N
mutt,Akarsh,,N,N,Y,Y,N,N,,CP_batch1,NA,N,Y,Y,Y,N
mythes,Aninda,,N,N,Y,Y,N,N,,P0,NA,N,Y,Y,Y,N
mythes-bg,,,N,N,Y,Y,N,N,,NA,NA,N,N,N,Y,N
mythes-ca,Aninda,,N,N,Y,Y,N,N,,P0,NA,N,Y,Y,Y,N
mythes-cs,,,N,N,Y,Y,N,N,,NA,NA,N,N,N,Y,N
mythes-da,,,N,N,Y,Y,N,N,,NA,NA,N,N,N,Y,N
mythes-de,Aninda,,N,N,Y,Y,N,N,,P0,NA,N,Y,Y,Y,N
mythes-el,,,N,N,Y,Y,N,N,,NA,NA,N,N,N,Y,N
mythes-en,Aninda,,N,N,Y,Y,N,N,,P1,NA,N,N,N,Y,N
mythes-eo,,,N,N,Y,Y,N,N,,NA,NA,N,N,N,Y,N
mythes-es,,,N,N,Y,Y,N,N,,NA,NA,N,N,N,Y,N
mythes-fr,,,N,N,Y,Y,N,N,,NA,NA,N,N,N,Y,N
mythes-ga,,,N,N,Y,Y,N,N,,NA,NA,N,N,N,Y,N
mythes-hu,,,N,N,Y,Y,N,N,,NA,NA,N,N,N,Y,N
mythes-mi,,,N,N,Y,Y,N,N,,NA,NA,N,N,N,Y,N
mythes-ne,,,N,N,Y,Y,N,N,,NA,NA,N,N,N,Y,N
mythes-nl,,,N,N,Y,Y,N,N,,NA,NA,N,N,N,Y,N
mythes-pl,,,N,N,Y,Y,N,N,,NA,NA,N,N,N,Y,N
mythes-pt,,,N,N,Y,Y,N,N,,NA,NA,N,N,N,Y,N
mythes-ro,,,N,N,Y,Y,N,N,,NA,NA,N,N,N,Y,N
mythes-ru,,,N,N,Y,Y,N,N,,NA,NA,N,N,N,Y,N
mythes-sk,,,N,N,Y,Y,N,N,,NA,NA,N,N,N,Y,N
mythes-sl,,,N,N,Y,Y,N,N,,NA,NA,N,N,N,Y,N
mythes-sv,,,N,N,Y,Y,N,N,,NA,NA,N,N,N,Y,N
mythes-uk,,,N,N,Y,Y,N,N,,NA,NA,N,N,N,Y,N
neon,Jagadeesh,,N,N,Y,Y,N,N,,P0,NA,N,Y,Y,Y,N
netcdf,Archana,,N,N,Y,Y,N,N,,P1,NA,N,Y,Y,Y,N
netcf,,,N,N,Y,Y,N,N,,NA,NA,N,N_DNLD_fail_Chk_Build,N,Y,N
netlabel_tools,,,N,N,Y,Y,N,N,,NA,NA,N,N,N,Y,N
netpbm,Aninda,,N,N,Y,Y,N,N,,P1,NA,N,Y,Y,Y,N
netsniff-ng,Aninda,,N,N,Y,Y,N,N,,CP_batch2,NA,N,N,N,Y,N
nilfs-utils,Jagadeesh,,N,N,Y,Y,N,N,,P0,NA,N,Y,Y,Y,N
nkf,,,N,N,Y,Y,N,N,,NA,NA,N,N,N,Y,N
nload,,,N,N,Y,Y,N,N,,NA,NA,N,N,N,Y,N
nmi,Aninda,,N,N,N,N,Y,N,,P1,NA,N,Y_Reintroduce,Y,Y,N
nodejs-nodemon,Jagadeesh,,N,N,Y,Y,N,N,,P0,NA,N,Y,Y,Y,N
nodejs-packaging,Jagadeesh,,N,N,Y,Y,N,N,,P0,NA,N,Decide_Rev_VerComp,N_DECIDED,Y,N
nss-mdns,Aninda,,N,N,Y,N,N,Y,,P1,NA,N,N_NoBldVer_and_MovedToCore,N,N,N
nss-pam-ldapd,,,N,N,Y,Y,N,N,,NA,NA,N,N,N,Y,N
numatop,Jagadeesh,,N,N,Y,Y,N,N,,P0,NA,N,Y,Y,Y,N
nvmetcli,Jagadeesh,,N,N,Y,Y,N,N,,P0,NA,N,Y,DECIDED_REMOVE,Y,N
objectweb-anttask,Aninda,,N,N,Y,Y,N,N,,P1,NA,N,N_DNLD_fail_Chk_Build,N,Y,N
objenesis,Aninda,,N,N,Y,Y,N,N,,P1,NA,N,Y,Y,Y,N
ocaml-calendar,Jagadeesh,,N,N,Y,Y,N,N,,P0,NA,N,Y,Y,Y,N
ocaml-camlp5,Aninda,,N,N,Y,Y,N,N,,P1,NA,N,Y,Y,Y,N
ocaml-csv,Jagadeesh,,N,N,Y,Y,N,N,,P0,NA,N,Y,Y,Y,N
ocaml-curses,Jagadeesh,,N,N,Y,Y,N,N,,P0,NA,N,Y,Y,Y,N
ocaml-extlib,Jagadeesh,,N,N,Y,Y,N,N,,P0,NA,N,Y,Y,Y,N
ocaml-fpath,,,N,N,Y,Y,N,N,,NA,NA,N,N,N,Y,N
ocaml-libvirt,Jagadeesh,,N,N,Y,Y,N,N,,P0,NA,N,Y,Y,Y,N
ocaml-markup,Jagadeesh,,N,N,Y,Y,N,N,,P0,NA,N,Y,Y,Y,N
ocaml-parsexp,Aninda,,N,N,Y,N,N,Y,,P1,NA,N,N_NoBldVer_and_MovedToCore,N,N,N
ocaml-sexplib,Aninda,,N,N,Y,N,N,Y,,P1,NA,N,N_NoBldVer_and_MovedToCore,N,N,N
ocaml-tyxml,Jagadeesh,,N,N,Y,Y,N,N,,P0,NA,N,Y,Y,Y,N
ocaml-xml-light,Jagadeesh,,N,N,Y,Y,N,N,,P0,NA,N,Y,Y,Y,N
ocaml-zarith,Jagadeesh,,N,N,Y,Y,N,N,,P0,NA,N,Y,Y,Y,N
ocl-icd,Jagadeesh,,N,N,Y,Y,N,N,,P0,NA,N,Y,Y,Y,N
oddjob,Jagadeesh,,N,N,Y,Y,N,N,,P0,NA,N,Y,Y,Y,N
ogdi,Jagadeesh,,N,N,Y,Y,N,N,,P1,NA,N,Y,Y,Y,N
omping,,,N,N,Y,Y,N,N,,NA,NA,N,N,N,Y,N
opal,Jagadeesh,,N,N,Y,Y,N,N,,P1,NA,N,N,N,Y,N
opencc,Jagadeesh,,N,N,Y,Y,N,N,,P1,NA,N,Y,Y,Y,N
opencl-filesystem,,,N,N,Y,Y,N,N,,NA,NA,N,N,N,Y,N
opencl-headers,Jagadeesh,,N,N,Y,Y,N,N,,P0,NA,N,Y,Y,Y,N
opencryptoki,Jagadeesh,,N,N,Y,Y,N,N,,P0,NA,N,Y,Y,Y,N
opendnssec,Jagadeesh,,N,N,Y,Y,N,N,,CP_batch1,NA,N,Y,Y,Y,N
openjpeg2,Akhila,,N,N,Y,Y,N,N,,NA,openjpeg,N,Y,Y,Y,N
openobex,,,N,N,Y,Y,N,N,,NA,NA,N,N,N,Y,N
openoffice-lv,Jagadeesh,,N,N,Y,Y,N,N,,P0,NA,N,Y,Y,Y,N
openrdate,,,N,N,Y,Y,N,N,,NA,NA,N,N,N,Y,N
openslp,,,N,N,Y,Y,N,N,,NA,NA,N,N,N,Y,N
openssl-ibmpkcs11,,,N,N,Y,Y,N,N,,NA,NA,N,N_DNLD_fail_Chk_Build,N,Y,N
openwsman,Jagadeesh,,N,N,Y,Y,N,N,,CP_batch2,NA,N,Y,Y,Y,N
optipng,Jagadeesh,,N,N,Y,Y,N,N,,P0,NA,N,Y,Y,Y,N
opus,Jyoti,,N,N,Y,Y,N,N,,P0,NA,N,Y,Y,Y,N
opusfile,,,N,N,Y,Y,N,N,,NA,NA,N,N,N,Y,N
orc,Jyoti,,N,N,Y,Y,N,N,,P0,NA,N,Y,Y,Y,N
oro,Jagadeesh,,N,N,Y,Y,N,N,,CP_batch1,NA,N,PR_Created_NODNLDVER,Y,Y,N
os-prober,Jyoti,,N,N,Y,Y,N,N,,P0,NA,N,Y,Y,Y,N
osgi-annotation,Jagadeesh,,N,N,Y,Y,N,N,,P1,NA,N,Y,Y,Y,N
osgi-compendium,Jagadeesh,,N,N,Y,Y,N,N,,P1,NA,N,N,N,Y,N
osgi-core,Jagadeesh,,N,N,Y,Y,N,N,,P1,NA,N,Y,Y,Y,N
osinfo-db,Jyoti,,N,N,Y,Y,N,N,,P0,NA,N,Y,Y,Y,N
osinfo-db-tools,Jyoti,,N,N,Y,Y,N,N,,P0,NA,N,Y,Y,Y,N
overpass-fonts,Jagadeesh,,N,N,Y,Y,N,N,,P1,NA,N,N,N,Y,N
pacemaker,Jyoti,,N,N,Y,Y,N,N,,P1,NA,N,Y,Y,Y,N
pacrunner,,,N,N,Y,Y,N,N,,NA,NA,N,N,N,Y,N
pakchois,,,N,N,Y,Y,N,N,,NA,NA,N,N,N,Y,N
papi,Jyoti,,N,N,Y,Y,N,N,,P1,NA,N,Y,Y,Y,N
paps,Jyoti,,N,N,Y,Y,N,N,,P0,NA,N,Y,Y,Y,N
parallel,Jyoti,,N,N,Y,Y,N,N,,P0,NA,N,Y,Y,Y,N
pbzip2,,,N,N,Y,Y,N,N,,NA,NA,N,N,N,Y,N
pcp,Sandeep,,N,N,Y,Y,N,N,,P1,NA,N,Y,Y,Y,N
perl-Algorithm-C3,Jyoti,,N,N,Y,N,N,Y,,P1,NA,N,N_NoBldVer_and_MovedToCore,N,N,N
perl-Algorithm-Diff,Jyoti,,N,N,Y,Y,N,N,,P0,NA,N,Y,Y,Y,N
perl-Alien-Build,Jyoti,,N,N,Y,Y,N,N,,P1,NA,N,Y,Y,Y,N
perl-Alien-pkgconf,Jyoti,,N,N,Y,Y,N,N,,P1,NA,N,Y,Y,Y,N
perl-AnyEvent,,,N,N,Y,Y,N,N,,NA,NA,N,N,N,Y,N
perl-AnyEvent-AIO,,,N,N,Y,Y,N,N,,NA,NA,N,N,N,Y,N
perl-AnyEvent-BDB,Jyoti,Override_to_Y,N,N,Y,Y,N,N,,P1,NA,N,Y,Y,Y,N
perl-App-FatPacker,,,N,N,Y,Y,N,N,,NA,NA,N,N,N,Y,N
perl-AppConfig,,,N,N,Y,Y,N,N,,NA,NA,N,N,N,Y,N
perl-Archive-Extract,Jyoti,,N,N,Y,Y,N,N,,P0,NA,N,Y,Y,Y,N
perl-Authen-SASL,Sumit,,N,N,Y,Y,N,N,,New P0,NA,N,Y,Y,Y,N
perl-B-Debug,,,N,N,Y,Y,N,N,,NA,NA,N,N,N,Y,N
perl-B-Hooks-EndOfScope,Jyoti,,N,N,Y,Y,N,N,,P0,NA,N,Y,Y,Y,N
perl-B-Hooks-OP-Check,Jyoti,,N,N,Y,N,N,Y,,P1,NA,N,N_NoBldVer_and_MovedToCore,N,N,N
perl-B-Keywords,Jyoti,,N,N,Y,Y,N,N,,P0,NA,N,Y,Y,Y,N
perl-B-Lint,,,N,N,Y,Y,N,N,,NA,NA,N,N,N,Y,N
perl-BDB,Jyoti,,N,N,N,N,Y,N,,P1,NA,N,Y_Reintroduce,Y,Y,N
perl-BSD-Resource,,,N,N,Y,Y,N,N,,NA,NA,N,N,N,Y,N
perl-Browser-Open,,,N,N,Y,Y,N,N,,NA,NA,N,N,N,Y,N
perl-Business-ISBN,Jyoti,,N,N,Y,Y,N,N,,P1,NA,N,Y,Y,Y,N
perl-Business-ISBN-Data,Jyoti,,N,N,Y,Y,N,N,,P0,NA,N,PRCreated_Rev_VerComp,Y,Y,N
perl-CBOR-XS,Sumit,,N,N,Y,Y,N,N,,New P0,NA,N,Y,Y,Y,N
perl-CSS-Tiny,,,N,N,Y,Y,N,N,,NA,NA,N,N,N,Y,N
perl-Class-C3,Sumit,,N,N,Y,Y,N,N,,New P0,NA,N,Y,Y,Y,N
perl-Class-C3-XS,Jyoti,,N,N,Y,Y,N,N,,P0,NA,N,Y,Y,Y,N
perl-Class-Data-Inheritable,Jyoti,,N,N,Y,Y,N,N,,P0,NA,N,Y,Y,Y,N
perl-Class-Factory-Util,,,N,N,Y,Y,N,N,,NA,NA,N,N,N,Y,N
perl-Class-ISA,Kevin,,N,N,Y,N,N,Y,,P1,NA,N,N_NoBldVer_and_MovedToCore,N,N,N
perl-Class-Inspector,,,N,N,Y,Y,N,N,,NA,NA,N,N,N,Y,N
perl-Class-Load,Kevin,,N,N,Y,Y,N,N,,P1,NA,N,N,N,Y,N
perl-Class-Load-XS,Kevin,,N,N,Y,Y,N,N,,P1,NA,N,N,N,Y,N
perl-Class-Method-Modifiers,Jyoti,,N,N,Y,Y,N,N,,P0,NA,N,Y,Y,Y,N
perl-Class-Singleton,Jyoti,,N,N,Y,Y,N,N,,P0,NA,N,Y,Y,Y,N
perl-Class-Tiny,Sumit,,N,N,Y,Y,N,N,,New P0,NA,N,Y,Y,Y,N
perl-Class-XSAccessor,Kevin,,N,N,Y,N,N,Y,,P1,NA,N,N_NoBldVer_and_MovedToCore,N,N,N
perl-Clone,Kevin,,N,N,Y,N,N,Y,,P1,NA,N,N_NoBldVer_and_MovedToCore,N,N,N
perl-Color-ANSI-Util,Kevin,,N,N,Y,Y,N,N,,P1,NA,N,Y,Y,Y,N
perl-Color-RGB-Util,Kevin,,N,N,Y,Y,N,N,,P1,NA,N,Y,Y,Y,N
perl-ColorThemeBase-Static,Kevin,,N,N,Y,Y,N,N,,P1,NA,N,Y,Y,Y,N
perl-ColorThemeRole-ANSI,Kevin,,N,N,Y,Y,N,N,,P1,NA,N,N,N,Y,N
perl-ColorThemeUtil-ANSI,Kevin,,N,N,Y,Y,N,N,,P1,NA,N,N,N,Y,N
perl-ColorThemes-Standard,Kevin,,N,N,Y,Y,N,N,,P1,NA,N,N,N,Y,N
perl-Compress-LZF,Sreenivasulu,,N,N,Y,Y,N,N,,P1,NA,N,N,N,Y,N
perl-Compress-Raw-Lzma,Sumit,,N,N,Y,Y,N,N,,New P0,NA,N,Y,Y,Y,N
perl-Config-AutoConf,Sumit,,N,N,Y,Y,N,N,,New P0,NA,N,Y,Y,Y,N
perl-Config-INI,Sumit,,N,N,Y,Y,N,N,,New P0,NA,N,Y,Y,Y,N
perl-Config-INI-Reader-Multiline,,,N,N,Y,Y,N,N,,NA,NA,N,N,N,Y,N
perl-Config-IniFiles,Jyoti,,N,N,Y,Y,N,N,,P0,NA,N,Y,Y,Y,N
perl-Config-Simple,,,N,N,Y,Y,N,N,,NA,NA,N,N,N,Y,N
perl-Config-Tiny,Sumit,,N,N,Y,Y,N,N,,New P0,NA,N,Y,Y,Y,N
perl-Const-Fast,Sreenivasulu,,N,N,Y,Y,N,N,,P1,NA,N,N,N,Y,N
perl-Convert-ASN1,Jyoti,,N,N,Y,Y,N,N,,P0,NA,N,Y,Y,Y,N
perl-Convert-Bencode,,,N,N,Y,Y,N,N,,NA,NA,N,N,N,Y,N
perl-Coro,,,N,N,Y,Y,N,N,,NA,NA,N,N,N,Y,N
perl-Coro-Multicore,Sreenivasulu,,N,N,Y,Y,N,N,,P1,NA,N,N,N,Y,N
perl-Cpanel-JSON-XS,Sumit,,N,N,Y,Y,N,N,,P1,NA,N,Y,Y,Y,N
perl-Crypt-CBC,Sreenivasulu,,N,N,Y,Y,N,N,,P1,NA,N,Y,Y,Y,N
perl-Crypt-DES,Sreenivasulu,,N,N,Y,Y,N,N,,P1,NA,N,N,N,Y,N
perl-Crypt-IDEA,,,N,N,Y,Y,N,N,,NA,NA,N,N,N,Y,N
perl-Crypt-OpenSSL-Bignum,,,N,N,Y,Y,N,N,,NA,NA,N,N,N,Y,N
perl-Crypt-OpenSSL-Guess,Jyoti,,N,N,Y,Y,N,N,,P0,NA,N,Y,Y,Y,N
perl-Crypt-OpenSSL-RSA,Sumit,,N,N,Y,Y,N,N,,P1,NA,N,Y,Y,Y,N
perl-Crypt-OpenSSL-Random,Jyoti,,N,N,Y,Y,N,N,,P0,NA,N,Y,Y,Y,N
perl-Crypt-PasswdMD5,Sreenivasulu,,N,N,Y,Y,N,N,,P1,NA,N,Y,Y,Y,N
perl-DBD-MySQL,Sreenivasulu,,N,N,Y,Y,N,N,,P1,NA,N,Y,Y,Y,N
perl-Data-Munge,Sumit,,N,N,Y,Y,N,N,,P1,NA,N,Y,Y,Y,N
perl-Data-OptList,Sreenivasulu,,N,N,Y,N,N,Y,,P1,NA,N,N_NoBldVer_and_MovedToCore,N,N,N
perl-Data-Peek,Jyoti,,N,N,Y,Y,N,N,,P0,NA,N,Y,Y,Y,N
perl-Data-Section,Sumit,,N,N,Y,Y,N,N,,New P0,NA,N,Y,Y,Y,N
perl-Data-UUID,Jyoti,,N,N,Y,Y,N,N,,P0,NA,N,Y,Y,Y,N
perl-Date-ISO8601,,,N,N,Y,Y,N,N,,NA,NA,N,N,N,Y,N
perl-Date-Manip,Jyoti,,N,N,Y,Y,N,N,,P0,NA,N,Y,Y,Y,N
perl-DateTime,Sumit,,N,N,Y,Y,N,N,,P1,NA,N,Y,Y,Y,N
perl-DateTime-Format-Builder,Sumit,,N,N,Y,Y,N,N,,P1,NA,N,Y,Y,Y,N
perl-DateTime-Format-DateParse,Sumit,,N,N,Y,Y,N,N,,P1,NA,N,N,N,Y,N
perl-DateTime-Format-HTTP,Sumit,,N,N,Y,Y,N,N,,P1,NA,N,N,N,Y,N
perl-DateTime-Format-IBeat,Sumit,,N,N,Y,Y,N,N,,P1,NA,N,N,N,Y,N
perl-DateTime-Format-ISO8601,Sumit,,N,N,Y,Y,N,N,,P1,NA,N,Y,Y,Y,N
perl-DateTime-Format-Mail,Sumit,,N,N,Y,Y,N,N,,P1,NA,N,N,N,Y,N
perl-DateTime-Format-Strptime,Sumit,,N,N,Y,Y,N,N,,P1,NA,N,Y,Y,Y,N
perl-DateTime-Locale,Sumit,,N,N,Y,Y,N,N,,P1,NA,N,Y,Y,Y,N
perl-DateTime-TimeZone,Sumit,,N,N,Y,Y,N,N,,P1,NA,N,Y,Y,Y,N
perl-DateTime-TimeZone-SystemV,,,N,N,Y,Y,N,N,,NA,NA,N,N,N,Y,N
perl-DateTime-TimeZone-Tzfile,,,N,N,Y,Y,N,N,,NA,NA,N,N,N,Y,N
perl-Devel-CallChecker,Kevin,,N,N,Y,Y,N,N,,P0,NA,N,Y,Y,Y,N
perl-Devel-Caller,Akarsh,,N,N,Y,N,N,Y,,P1,NA,N,N_NoBldVer_and_MovedToCore,N,N,N
perl-Devel-Cycle,Akarsh,,N,N,Y,N,N,Y,,P1,NA,N,N_NoBldVer_and_MovedToCore,N,N,N
perl-Devel-EnforceEncapsulation,,,N,N,Y,Y,N,N,,NA,NA,N,N,N,Y,N
perl-Devel-GlobalDestruction,Akarsh,,N,N,Y,N,N,Y,,P1,NA,N,N_NoBldVer_and_MovedToCore,N,N,N
perl-Devel-GlobalDestruction-XS,Akarsh,,N,N,Y,N,N,Y,,P1,NA,N,N_NoBldVer_and_MovedToCore,N,N,N
perl-Devel-Hide,Akarsh,,N,N,Y,N,N,Y,,P1,NA,N,N_NoBldVer_and_MovedToCore,N,N,N
perl-Devel-Leak,,,N,N,Y,Y,N,N,,NA,NA,N,N,N,Y,N
perl-Devel-LexAlias,Akarsh,,N,N,Y,N,N,Y,,P1,NA,N,N_NoBldVer_and_MovedToCore,N,N,N
perl-Devel-Size,Kevin,,N,N,Y,Y,N,N,,P0,NA,N,Y,Y,Y,N
perl-Digest-BubbleBabble,Akarsh,,N,N,Y,Y,N,N,,P1,NA,N,N,N,Y,N
perl-Digest-CRC,Kevin,,N,N,Y,Y,N,N,,P0,NA,N,Y,Y,Y,N
perl-Dist-CheckConflicts,,,N,N,Y,Y,N,N,,NA,NA,N,N,N,Y,N
perl-DynaLoader-Functions,Kevin,,N,N,Y,Y,N,N,,P0,NA,N,Y,Y,Y,N
perl-EV,Sumit,,N,N,Y,Y,N,N,,New P0,NA,N,Y,Y,Y,N
perl-Email-Address,Kevin,,N,N,Y,Y,N,N,,P0,NA,N,Y,Y,Y,N
perl-Email-Date-Format,Kevin,,N,N,Y,Y,N,N,,P0,NA,N,Y,Y,Y,N
perl-Encode-Detect,,,N,N,Y,Y,N,N,,NA,NA,N,N,N,Y,N
perl-Encode-EUCJPASCII,,,N,N,Y,Y,N,N,,NA,NA,N,N,N,Y,N
perl-Encode-IMAPUTF7,,,N,N,Y,Y,N,N,,NA,NA,N,N,N,Y,N
perl-Env-ShellWords,Akarsh,,N,N,Y,Y,N,N,,P1,NA,N,N,N,Y,N
perl-Error,,,N,N,Y,Y,N,N,,NA,NA,N,N,N,Y,N
perl-Eval-Closure,,,N,N,Y,Y,N,N,,NA,NA,N,N,N,Y,N
perl-Event,Kevin,,N,N,Y,Y,N,N,,P0,NA,N,Y,Y,Y,N
perl-Exception-Class,Kevin,,N,N,Y,Y,N,N,,P0,NA,N,Y,Y,Y,N
perl-ExtUtils-Config,Kevin,,N,N,Y,Y,N,N,,P0,NA,N,Y,Y,Y,N
perl-ExtUtils-Depends,Akarsh,,N,N,Y,N,N,Y,,P1,NA,N,N_NoBldVer_and_MovedToCore,N,N,N
perl-ExtUtils-Helpers,Kevin,,N,N,Y,Y,N,N,,P0,NA,N,Y,Y,Y,N
perl-ExtUtils-InstallPaths,Kevin,,N,N,Y,Y,N,N,,P0,NA,N,Y,Y,Y,N
perl-ExtUtils-PkgConfig,,,N,N,Y,Y,N,N,,NA,NA,N,N,N,Y,N
perl-FCGI,Akarsh,,N,N,Y,Y,N,N,,P1,NA,N,Y,Y,Y,N
perl-FFI-CheckLib,Akarsh,,N,N,Y,Y,N,N,,P1,NA,N,Y,Y,Y,N
perl-File-BOM,Aninda,,N,N,Y,Y,N,N,,P1,NA,N,Y,Y,Y,N
perl-File-BaseDir,Aninda,,N,N,Y,Y,N,N,,P1,NA,N,Y,Y,Y,N
perl-File-CheckTree,,,N,N,Y,Y,N,N,,NA,NA,N,N,N,Y,N
perl-File-Copy-Recursive,Aninda,,N,N,Y,Y,N,N,,P1,NA,N,N,N,Y,N
perl-File-DesktopEntry,Aninda,,N,N,Y,Y,N,N,,P1,NA,N,N,N,Y,Y
perl-File-Find-Object,Aninda,,N,N,Y,Y,N,N,,P1,NA,N,Y,Y,Y,N
perl-File-Find-Object-Rule,Archana,,N,N,Y,Y,N,N,,P1,NA,N,Y,Y,Y,N
perl-File-Find-Rule,,,N,N,Y,Y,N,N,,NA,NA,N,N,N,Y,N
perl-File-Find-Rule-Perl,Sumit,,N,N,Y,Y,N,N,,New P0,NA,N,Y,Y,Y,N
perl-File-Inplace,,,N,N,Y,Y,N,N,,NA,NA,N,N,N,Y,N
perl-File-MimeInfo,Aninda,,N,N,Y,Y,N,N,,P1,NA,N,Y,Y,Y,N
perl-File-ReadBackwards,Kevin,,N,N,Y,Y,N,N,,P0,NA,N,Y,Y,Y,N
perl-File-Remove,Kevin,,N,N,Y,Y,N,N,,P0,NA,N,Y,Y,Y,N
perl-File-ShareDir,Sumit,,N,N,Y,Y,N,N,,New P0,NA,N,Y,Y,Y,N
perl-File-ShareDir-Install,Kevin,,N,N,Y,Y,N,N,,P0,NA,N,Y,Y,Y,N
perl-File-Slurp,Kevin,,N,N,Y,Y,N,N,,P0,NA,N,Y,Y,Y,N
perl-File-Slurp-Tiny,,,N,N,Y,Y,N,N,,NA,NA,N,N,N,Y,N
perl-File-Slurper,Sumit,,N,N,Y,Y,N,N,,New P0,NA,N,Y,Y,Y,N
perl-File-Type,,,N,N,Y,Y,N,N,,NA,NA,N,N,N,Y,N
perl-File-chdir,,,N,N,Y,Y,N,N,,NA,NA,N,N,N,Y,N
perl-Font-TTF,,,N,N,Y,Y,N,N,,NA,NA,N,N,N,Y,N
perl-FreezeThaw,,,N,N,Y,Y,N,N,,NA,NA,N,N,N,Y,N
perl-GD,Sumit,,N,N,Y,Y,N,N,,New P0,NA,N,Y,Y,Y,N
perl-GD-Barcode,Aninda,,N,N,Y,Y,N,N,,CP_batch2,NA,N,Y,Y,Y,N
perl-GSSAPI,,,N,N,Y,Y,N,N,,NA,NA,N,N,N,Y,N
perl-Getopt-ArgvFile,,,N,N,Y,Y,N,N,,NA,NA,N,N,N,Y,N
perl-Graphics-ColorNamesLite-WWW,,,N,N,Y,Y,N,N,,NA,NA,N,N,N,Y,N
perl-Guard,,,N,N,Y,Y,N,N,,NA,NA,N,N,N,Y,N
perl-HTML-Tree,,,N,N,Y,Y,N,N,,NA,NA,N,N,N,Y,N
perl-Hook-LexWrap,,,N,N,Y,Y,N,N,,NA,NA,N,N,N,Y,N
perl-IO-AIO,Kevin,,N,N,Y,Y,N,N,,P0,NA,N,Y,Y,Y,N
perl-IO-All,Aninda,,N,N,Y,Y,N,N,,P1,NA,N,N,N,Y,N
perl-IO-CaptureOutput,Aninda,,N,N,Y,Y,N,N,,P1,NA,N,N,N,Y,N
perl-IO-Compress-Lzma,Sumit,,N,N,Y,Y,N,N,,New P0,NA,N,Y,Y,Y,N
perl-IO-Multiplex,,,N,N,Y,Y,N,N,,NA,NA,N,N,N,Y,N
perl-IO-SessionData,,,N,N,Y,Y,N,N,,NA,NA,N,N,N,Y,N
perl-IO-Socket-INET6,Archana,,N,N,Y,Y,N,N,,P1,NA,N,Y,Y,Y,N
perl-IPC-Run3,Kevin,,N,N,Y,Y,N,N,,P0,NA,N,Y,Y,Y,N
perl-IPC-System-Simple,,,N,N,Y,Y,N,N,,NA,NA,N,N,N,Y,N
perl-Image-Base,,,N,N,Y,Y,N,N,,NA,NA,N,N,N,Y,N
perl-Image-Info,Sumit,,N,N,Y,Y,N,N,,New P0,NA,N,Y,Y,Y,N
perl-Image-Xbm,,,N,N,Y,Y,N,N,,NA,NA,N,N,N,Y,N
perl-Image-Xpm,,,N,N,Y,Y,N,N,,NA,NA,N,N,N,Y,N
perl-Import-Into,Jagadeesh,,N,N,Y,N,N,Y,,P1,NA,N,N_NoBldVer_and_MovedToCore,N,N,N
perl-Importer,Kevin,,N,N,Y,Y,N,N,,P0,NA,N,Y,Y,Y,N
perl-Inline-Files,,,N,N,Y,Y,N,N,,NA,NA,N,N,N,Y,N
perl-JSON-Color,Jagadeesh,,N,N,Y,Y,N,N,,P1,NA,N,Y,Y,Y,N
perl-JSON-MaybeXS,Jagadeesh,,N,N,Y,Y,N,N,,P1,NA,N,Y,Y,Y,N
perl-LDAP,Jagadeesh,,N,N,Y,Y,N,N,,P1,NA,N,Y,Y,Y,N
perl-LWP-Protocol-https,Kevin,,N,N,Y,Y,N,N,,P0,NA,N,Y,Y,Y,N
perl-Lingua-EN-Inflect,Kevin,,N,N,Y,Y,N,N,,P0,NA,N,Y,Y,Y,N
perl-List-MoreUtils-XS,Sumit,,N,N,Y,Y,N,N,,New P0,NA,N,Y,Y,Y,N
perl-Locale-Codes,Kevin,,N,N,Y,Y,N,N,,P0,NA,N,Y,Y,Y,N
perl-Locale-Maketext-Gettext,Sumit,,N,N,Y,Y,N,N,,P0,NA,N,Y,Y,Y,N
perl-Locale-Msgfmt,Sumit,,N,N,Y,Y,N,N,,CP_batch1,NA,N,N,N,Y,Y
perl-Locale-PO,,,N,N,Y,Y,N,N,,NA,NA,N,N,N,Y,N
perl-Log-Message,,,N,N,Y,Y,N,N,,NA,NA,N,N,N,Y,N
perl-Log-Message-Simple,,,N,N,Y,Y,N,N,,NA,NA,N,N,N,Y,N
perl-MIME-Charset,Jagadeesh,,N,N,Y,Y,N,N,,CP_batch1,NA,N,Y,Y,Y,N
perl-MIME-Lite,Jagadeesh,,N,N,Y,Y,N,N,,P1,NA,N,Y,Y,Y,N
perl-MIME-Types,Jagadeesh,,N,N,Y,Y,N,N,,P1,NA,N,Y,Y,Y,N
perl-MLDBM,Jagadeesh,,N,N,Y,Y,N,N,,P1,NA,N,N,N,Y,N
perl-MRO-Compat,Sreenivasulu,,N,N,Y,Y,N,N,,P0,NA,N,Y,Y,Y,N
perl-Mail-AuthenticationResults,Sumit,,N,N,Y,Y,N,N,,New P0,NA,N,Y,Y,Y,N
perl-Mail-DKIM,Jagadeesh,,N,N,Y,Y,N,N,,P1,NA,N,Y,Y,Y,N
perl-Mail-IMAPTalk,Sreenivasulu,,N,N,Y,Y,N,N,,P0,NA,N,Y,Y,Y,N
perl-Mail-SPF,Jyoti,,N,N,Y,Y,N,N,,P1,NA,N,Y,Y,Y,N
perl-MailTools,,,N,N,Y,Y,N,N,,NA,NA,N,N,N,Y,N
perl-Math-Int64,Sreenivasulu,,N,N,Y,Y,N,N,,P0,NA,N,Y,Y,Y,N
perl-Mixin-Linewise,Sumit,,N,N,Y,Y,N,N,,New P0,NA,N,Y,Y,Y,N
perl-Module-Build-Tiny,Jyoti,,N,N,Y,Y,N,N,,P1,NA,N,Y,Y,Y,N
perl-Module-Implementation,,,N,N,Y,N,N,Y,,NA,NA,N,N_NoBldVer_and_MovedToCore,N,N,N
perl-Module-Install-AuthorRequires,Jyoti,,N,N,Y,Y,N,N,,CP_batch1,NA,N,N,N,Y,N
perl-Module-Install-AutoLicense,Jyoti,,N,N,Y,Y,N,N,,P1,NA,N,N,N,Y,N
perl-Module-Install-GithubMeta,Archana,,N,N,Y,Y,N,N,,CP_batch1,NA,N,N,N,Y,N
perl-Module-Install-ManifestSkip,,,N,N,Y,Y,N,N,,NA,NA,N,N,N,Y,N
perl-Module-Install-ReadmeFromPod,Jyoti,,N,N,Y,Y,N,N,,P1,NA,N,N,N,Y,N
perl-Module-Install-ReadmeMarkdownFromPod,,,N,N,Y,Y,N,N,,NA,NA,N,N,N,Y,N
perl-Module-Install-TestBase,,,N,N,Y,Y,N,N,,NA,NA,N,N,N,Y,N
perl-Module-Load-Util,Sumit,,N,N,Y,Y,N,N,,New P0,NA,N,Y,Y,Y,N
perl-Module-Manifest,,,N,N,Y,Y,N,N,,NA,NA,N,N,N,Y,N
perl-Module-Manifest-Skip,,,N,N,Y,Y,N,N,,NA,NA,N,N,N,Y,N
perl-Module-Package,Jyoti,,N,N,Y,Y,N,N,,P1,NA,N,N,N,Y,N
perl-Module-Package-Au,Jyoti,,N,N,Y,Y,N,N,,P1,NA,N,N,N,Y,N
perl-Module-Pluggable,,,N,N,Y,Y,N,N,,NA,NA,N,N,N,Y,N
perl-Module-Runtime,Jyoti,,N,N,Y,N,N,Y,,P1,NA,N,N_NoBldVer_and_MovedToCore,N,N,N
perl-Module-Signature,Jyoti,,N,N,Y,Y,N,N,,P1,NA,N,Y,Y,Y,N
perl-Mojolicious,Sreenivasulu,,N,N,Y,Y,N,N,,P0,NA,N,Y,Y,Y,N
perl-Moo,Sreenivasulu,,N,N,Y,Y,N,N,,P0,NA,N,Y,Y,Y,N
perl-Mozilla-CA,Sreenivasulu,,N,N,Y,Y,N,N,,P0,NA,N,Y,Y,Y,N
perl-Mozilla-LDAP,,,N,N,Y,Y,N,N,,NA,NA,N,N_DNLD_fail_Chk_Build,N,Y,N
perl-NNTPClient,,,N,N,Y,Y,N,N,,NA,NA,N,N,N,Y,N
perl-Net-CIDR-Lite,,,N,N,Y,Y,N,N,,NA,NA,N,N,N,Y,N
perl-Net-DNS,Jyoti,,N,N,Y,Y,N,N,,P1,NA,N,Y,Y,Y,N
perl-Net-DNS-Resolver-Mock,Jyoti,,N,N,Y,Y,N,N,,P1,NA,N,Y,Y,Y,N
perl-Net-DNS-Resolver-Programmable,Jyoti,,N,N,Y,Y,N,N,,P1,NA,N,N,N,Y,N
perl-Net-Daemon,Sreenivasulu,,N,N,Y,Y,N,N,,P0,NA,N,Y,Y,Y,N
perl-Net-IMAP-Simple,,,N,N,Y,Y,N,N,,NA,NA,N,N,N,Y,N
perl-Net-IMAP-Simple-SSL,,,N,N,Y,Y,N,N,,NA,NA,N,N,N,Y,N
perl-Net-IP,,,N,N,Y,Y,N,N,,NA,NA,N,N,N,Y,N
perl-Net-LibIDN2,Jyoti,,N,N,Y,Y,N,N,,P1,NA,N,Y,Y,Y,N
perl-Net-Patricia,,,N,N,Y,Y,N,N,,NA,NA,N,N,N,Y,N
perl-Net-SMTP-SSL,,,N,N,Y,Y,N,N,,NA,NA,N,N,N,Y,N
perl-Net-SNMP,,,N,N,Y,Y,N,N,,NA,NA,N,N,N,Y,N
perl-Net-Telnet,Sreenivasulu,,N,N,Y,Y,N,N,,P0,NA,N,Y,Y,Y,N
perl-Newt,,,N,N,Y,Y,N,N,,NA,NA,N,N,N,Y,N
perl-Number-Compare,,,N,N,Y,Y,N,N,,NA,NA,N,N,N,Y,N
perl-Object-Deadly,,,N,N,Y,Y,N,N,,NA,NA,N,N,N,Y,N
perl-Object-HashBase,Sreenivasulu,,N,N,Y,Y,N,N,,P0,NA,N,Y,Y,Y,N
perl-PAR-Dist,Sreenivasulu,,N,N,Y,Y,N,N,,P0,NA,N,Y,Y,Y,N
perl-PPI,Sumit,,N,N,Y,Y,N,N,,New P0,NA,N,Y,Y,Y,N
perl-PPI-HTML,Kevin,,N,N,Y,Y,N,N,,CP_batch1,NA,N,N,N,Y,N
perl-PPIx-QuoteLike,Kevin,,N,N,Y,Y,N,N,,P1,NA,N,Y,Y,Y,N
perl-PPIx-Regexp,Sumit,,N,N,Y,Y,N,N,,New P0,NA,N,Y,Y,Y,N
perl-PPIx-Utilities,Kevin,,N,N,Y,Y,N,N,,P1,NA,N,N,N,Y,N
perl-Package-Anon,,,N,N,Y,Y,N,N,,NA,NA,N,N,N,Y,N
perl-Package-Constants,,,N,N,Y,Y,N,N,,NA,NA,N,N,N,Y,N
perl-Package-DeprecationManager,Kevin,,N,N,Y,Y,N,N,,P1,NA,N,Y,Y,Y,N
perl-Package-Generator,Kevin,,N,N,Y,N,N,Y,,P1,NA,N,N_NoBldVer_and_MovedToCore,N,N,N
perl-Package-Stash,Kevin,,N,N,Y,Y,N,N,,P1,NA,N,Y,Y,Y,N
perl-Package-Stash-XS,Sumit,,N,N,Y,Y,N,N,,New P0,NA,N,Y,Y,Y,N
perl-PadWalker,Kevin,,N,N,Y,N,N,Y,,P1,NA,N,N_NoBldVer_and_MovedToCore,N,N,N
perl-Paper-Specs,,,N,N,Y,Y,N,N,,NA,NA,N,N,N,Y,N
perl-Parallel-Iterator,Sreenivasulu,,N,N,Y,Y,N,N,,P0,NA,N,Y,Y,Y,N
perl-Params-Classify,,,N,N,Y,Y,N,N,,NA,NA,N,N,N,Y,N
perl-Params-Util,Kevin,,N,N,Y,N,N,Y,,P1,NA,N,N_NoBldVer_and_MovedToCore,N,N,N
perl-Params-Validate,Sumit,,N,N,Y,Y,N,N,,P1,NA,N,Y,Y,Y,N
perl-Params-ValidationCompiler,Sumit,,N,N,Y,Y,N,N,,P1,NA,N,Y,Y,Y,N
perl-Parse-RecDescent,,,N,N,Y,Y,N,N,,NA,NA,N,N,N,Y,N
perl-Parse-Yapp,,,N,N,Y,Y,N,N,,NA,NA,N,N,N,Y,N
perl-Path-Tiny,Sreenivasulu,,N,N,Y,Y,N,N,,P1,NA,N,Y,Y,Y,N
perl-Perl-Critic,Sreenivasulu,,N,N,Y,Y,N,N,,P1,NA,N,Y,Y,Y,N
perl-Perl-Critic-More,Sreenivasulu,,N,N,Y,Y,N,N,,P1,NA,N,N,N,Y,N
perl-Perl-Destruct-Level,Sreenivasulu,,N,N,Y,N,N,Y,,P1,NA,N,N_NoBldVer_and_MovedToCore,N,N,N
perl-Perl-MinimumVersion,Sreenivasulu,,N,N,Y,Y,N,N,,P1,NA,N,Y,Y,Y,N
perl-Perl4-CoreLibs,Sreenivasulu,,N,N,Y,Y,N,N,,P1,NA,N,Y,Y,Y,N
perl-PerlIO-gzip,,,N,N,Y,Y,N,N,,NA,NA,N,N,N,Y,N
perl-PerlIO-utf8_strict,Sumit,,N,N,Y,Y,N,N,,New P0,NA,N,Y,Y,Y,N
perl-PkgConfig-LibPkgConf,Sumit,,N,N,Y,Y,N,N,,P1,NA,N,N,N,Y,N
perl-Pod-Coverage-TrustPod,Sumit,,N,N,Y,Y,N,N,,New P0,NA,N,Y,Y,Y,N
perl-Pod-Escapes,,,N,N,Y,Y,N,N,,NA,NA,N,N,N,Y,N
perl-Pod-Eventual,Sumit,,N,N,Y,Y,N,N,,New P0,NA,N,Y,Y,Y,N
perl-Pod-LaTeX,,,N,N,Y,Y,N,N,,NA,NA,N,N,N,Y,N
perl-Pod-Markdown,Sumit,,N,N,Y,Y,N,N,,New P0,NA,N,Y,Y,Y,N
perl-Pod-POM,,,N,N,Y,Y,N,N,,NA,NA,N,N,N,Y,N
perl-Pod-Plainer,,,N,N,Y,Y,N,N,,NA,NA,N,N,N,Y,N
perl-Pod-Spell,Sumit,,N,N,Y,Y,N,N,,New P0,NA,N,Y,Y,Y,N
perl-Probe-Perl,,,N,N,Y,Y,N,N,,NA,NA,N,N,N,Y,N
perl-Razor-Agent,Sreenivasulu,,N,N,Y,Y,N,N,,P0,NA,N,Y,Y,Y,N
perl-Readonly,Sreenivasulu,,N,N,Y,Y,N,N,,P1,NA,N,N,N,Y,N
perl-Readonly-XS,,,N,N,Y,Y,N,N,,NA,NA,N,N,N,Y,N
perl-Ref-Util,Sreenivasulu,,N,N,Y,Y,N,N,,P1,NA,N,N,N,Y,N
perl-Ref-Util-XS,Sreenivasulu,,N,N,Y,Y,N,N,,P1,NA,N,N,N,Y,N
perl-Regexp-Pattern-Perl,Sreenivasulu,,N,N,Y,Y,N,N,,P0,NA,N,Y,Y,Y,N
perl-Return-MultiLevel,Sreenivasulu,,N,N,Y,Y,N,N,,P0,NA,N,Y,Y,Y,N
perl-Role-Tiny,Sreenivasulu,,N,N,Y,Y,N,N,,P0,NA,N,Y,Y,Y,N
perl-SGMLSpm,Sumit,,N,N,Y,Y,N,N,,NA,NA,N,Decide_Rev_VerComp,N_DECIDED,Y,N
perl-SNMP_Session,Sreenivasulu,,N,N,Y,Y,N,N,,P0,NA,N,Y,Y,Y,N
perl-SUPER,Sreenivasulu,,N,N,Y,N,N,Y,,P1,NA,N,N_NoBldVer_and_MovedToCore,N,N,N
perl-Scope-Guard,,,N,N,Y,Y,N,N,,NA,NA,N,N,N,Y,N
perl-Scope-Upper,Sreenivasulu,,N,N,Y,Y,N,N,,P0,NA,N,Y,Y,Y,N
perl-Socket6,,,N,N,Y,Y,N,N,,NA,NA,N,N,N,Y,N
perl-Software-License,Sumit,,N,N,Y,Y,N,N,,New P0,NA,N,Y,Y,Y,N
perl-Sort-Versions,,,N,N,Y,Y,N,N,,NA,NA,N,N,N,Y,N
perl-Specio,Sumit,,N,N,Y,Y,N,N,,P1,NA,N,Y,Y,Y,N
perl-Spiffy,,,N,N,Y,Y,N,N,,NA,NA,N,N,N,Y,N
perl-String-CRC32,Sreenivasulu,,N,N,Y,Y,N,N,,P0,NA,N,Y,Y,Y,N
perl-String-Format,,,N,N,Y,Y,N,N,,NA,NA,N,N,N,Y,N
perl-String-Similarity,,,N,N,Y,Y,N,N,,NA,NA,N,N,N,Y,N
perl-Sub-Exporter,Sumit,,N,N,Y,N,N,Y,,P1,NA,N,N_NoBldVer_and_MovedToCore,N,N,N
perl-Sub-Exporter-Progressive,Sumit,,N,N,Y,N,N,Y,,P1,NA,N,N_NoBldVer_and_MovedToCore,N,N,N
perl-Sub-Identify,Sumit,,N,N,Y,N,N,Y,,P1,NA,N,N_NoBldVer_and_MovedToCore,N,N,N
perl-Sub-Info,,,N,N,Y,Y,N,N,,NA,NA,N,N,N,Y,N
perl-Sub-Install,Sumit,,N,N,Y,N,N,Y,,P1,NA,N,N_NoBldVer_and_MovedToCore,N,N,N
perl-Sub-Quote,Sumit,,N,N,Y,N,N,Y,,P1,NA,N,N_NoBldVer_and_MovedToCore,N,N,N
perl-Sub-Uplevel,,,N,N,Y,Y,N,N,,NA,NA,N,N,N,Y,N
perl-Switch,,,N,N,Y,Y,N,N,,NA,NA,N,N,N,Y,N
perl-Syntax-Highlight-Engine-Kate,Sumit,,N,N,Y,Y,N,N,,CP_batch1,NA,N,N,N,Y,N
perl-Sys-CPU,,,N,N,Y,Y,N,N,,NA,NA,N,N,N,Y,N
perl-Sys-MemInfo,,,N,N,Y,Y,N,N,,NA,NA,N,N,N,Y,N
perl-Taint-Runtime,,,N,N,Y,Y,N,N,,NA,NA,N,N,N,Y,N
perl-Task-Weaken,,,N,N,Y,Y,N,N,,NA,NA,N,N,N,Y,N
perl-Term-Size-Any,,,N,N,Y,Y,N,N,,NA,NA,N,N,N,Y,N
perl-Term-Size-Perl,,,N,N,Y,Y,N,N,,NA,NA,N,N,N,Y,N
perl-Term-Table,Sumit,,N,N,Y,Y,N,N,,P1,NA,N,Y,Y,Y,N
perl-Term-UI,Sumit,,N,N,Y,Y,N,N,,New P0,NA,N,Y,Y,Y,N
perl-TermReadKey,,,N,N,Y,Y,N,N,,NA,NA,N,N,N,Y,N
perl-Test-Base,,,N,N,Y,Y,N,N,,NA,NA,N,N,N,Y,N
perl-Test-CPAN-Meta,,,N,N,Y,Y,N,N,,NA,NA,N,N,N,Y,N
perl-Test-CPAN-Meta-JSON,,,N,N,Y,Y,N,N,,NA,NA,N,N,N,Y,N
perl-Test-ClassAPI,,,N,N,Y,Y,N,N,,NA,NA,N,N,N,Y,N
perl-Test-Differences,Sumit,,N,N,Y,Y,N,N,,New P0,NA,N,Y,Y,Y,N
perl-Test-DistManifest,,,N,N,Y,Y,N,N,,NA,NA,N,N,N,Y,N
perl-Test-Distribution,Sumit,,N,N,Y,Y,N,N,,P1,NA,N,N,N,Y,N
perl-Test-EOL,Sreenivasulu,,N,N,Y,Y,N,N,,P0,NA,N,Y,Y,Y,N
perl-Test-Exception,,,N,N,Y,Y,N,N,,NA,NA,N,N,N,Y,N
perl-Test-Exit,,,N,N,Y,Y,N,N,,NA,NA,N,N,N,Y,N
perl-Test-FailWarnings,,,N,N,Y,Y,N,N,,NA,NA,N,N,N,Y,N
perl-Test-File,Sreenivasulu,,N,N,Y,Y,N,N,,P0,NA,N,Y,Y,Y,N
perl-Test-File-ShareDir,Sumit,,N,N,Y,Y,N,N,,P1,NA,N,N,N,Y,N
perl-Test-Harness,Sreenivasulu,,N,N,Y,Y,N,N,,P0,NA,N,Y,Y,Y,N
perl-Test-HasVersion,,,N,N,Y,Y,N,N,,NA,NA,N,N,N,Y,N
perl-Test-InDistDir,,,N,N,Y,Y,N,N,,NA,NA,N,N,N,Y,N
perl-Test-Inter,Sreenivasulu,,N,N,Y,Y,N,N,,P0,NA,N,Y,Y,Y,N
perl-Test-LongString,,,N,N,Y,Y,N,N,,NA,NA,N,N,N,Y,N
perl-Test-Manifest,Sreenivasulu,,N,N,Y,Y,N,N,,P0,NA,N,Y,Y,Y,N
perl-Test-Memory-Cycle,,,N,N,Y,N,N,Y,,NA,NA,N,N_NoBldVer_and_MovedToCore,N,N,N
perl-Test-MinimumVersion,Akhila,,N,N,Y,Y,N,N,,NA,NA,N,Y,Y,Y,N
perl-Test-MockObject,,,N,N,Y,Y,N,N,,NA,NA,N,N,N,Y,N
perl-Test-MockRandom,,,N,N,Y,Y,N,N,,NA,NA,N,N,N,Y,N
perl-Test-NoTabs,,,N,N,Y,Y,N,N,,NA,NA,N,N,N,Y,N
perl-Test-Object,,,N,N,Y,Y,N,N,,NA,NA,N,N,N,Y,N
perl-Test-Output,,,N,N,Y,N,N,Y,,NA,NA,N,N_NoBldVer_and_MovedToCore,N,N,N
perl-Test-Portability-Files,,,N,N,Y,Y,N,N,,NA,NA,N,N,N,Y,N
perl-Test-Requires,,,N,N,Y,N,N,Y,,NA,NA,N,N_NoBldVer_and_MovedToCore,N,N,N
perl-Test-RequiresInternet,,,N,N,Y,Y,N,N,,NA,NA,N,N,N,Y,N
perl-Test-Script,Archana,,N,N,Y,Y,N,N,,CP_batch2,NA,N,Y,Y,Y,N
perl-Test-Simple,Jyoti,,N,N,Y,Y,N,N,,NA,NA,N,Y,Y,Y,N
perl-Test-SubCalls,,,N,N,Y,Y,N,N,,NA,NA,N,N,N,Y,N
perl-Test-Synopsis,Sreenivasulu,,N,N,Y,Y,N,N,,P0,NA,N,Y,Y,Y,N
perl-Test-Taint,,,N,N,Y,N,N,Y,,NA,NA,N,N_NoBldVer_and_MovedToCore,N,N,N
perl-Test-TrailingSpace,Archana,,N,N,Y,Y,N,N,,NA,NA,N,Y,Y,Y,N
perl-Test-Vars,,,N,N,Y,Y,N,N,,NA,NA,N,N_DNLD_fail_Chk_Build,N,Y,N
perl-Test-Warn,Sumit,,N,N,Y,Y,N,N,,New P0,NA,N,Y,Y,Y,N
perl-Test-Without-Module,,,N,N,Y,N,N,Y,,NA,NA,N,N_NoBldVer_and_MovedToCore,N,N,N
perl-Test-utf8,Archana,,N,N,Y,Y,N,N,,CP_batch1,NA,N,N,N,Y,N
perl-Test2-Plugin-NoWarnings,Akarsh,,N,N,Y,Y,N,N,,CP_batch2,NA,N,Y,Y,Y,N
perl-Test2-Suite,Jyoti,,N,N,Y,Y,N,N,,NA,perl-Test-Simple,N,Y,Y,Y,N
perl-Test2-Tools-Explain,Akhila,,N,N,Y,Y,N,N,,CP_batch2,NA,N,N,N,Y,Y
perl-Text-CSV_XS,Sumit,,N,N,Y,Y,N,N,,New P0,NA,N,Y,Y,Y,N
perl-Text-CharWidth,,,N,N,Y,Y,N,N,,NA,NA,N,N,N,Y,N
perl-Text-Diff,,,N,N,Y,Y,N,N,,NA,NA,N,N,N,Y,N
perl-Text-Glob,,,N,N,Y,Y,N,N,,NA,NA,N,N,N,Y,N
perl-Text-Iconv,,,N,N,Y,Y,N,N,,NA,NA,N,N,N,Y,N
perl-Text-Soundex,,,N,N,Y,Y,N,N,,NA,NA,N,N,N,Y,N
perl-Text-Unidecode,,,N,N,Y,Y,N,N,,NA,NA,N,N,N,Y,N
perl-Text-WrapI18N,,,N,N,Y,Y,N,N,,NA,NA,N,N,N,Y,N
perl-Tie-IxHash,,,N,N,Y,Y,N,N,,NA,NA,N,N,N,Y,N
perl-Tree-DAG_Node,Sumit,,N,N,Y,Y,N,N,,New P0,NA,N,Y,Y,Y,N
perl-UNIVERSAL-can,,,N,N,Y,Y,N,N,,NA,NA,N,N,N,Y,N
perl-UNIVERSAL-isa,,,N,N,Y,Y,N,N,,NA,NA,N,N,N,Y,N
perl-Unicode-EastAsianWidth,,,N,N,Y,Y,N,N,,NA,NA,N,N,N,Y,N
perl-Unicode-LineBreak,,,N,N,Y,Y,N,N,,NA,NA,N,N,N,Y,N
perl-Unicode-Map8,,,N,N,Y,Y,N,N,,NA,NA,N,N,N,Y,N
perl-Unicode-String,,,N,N,Y,Y,N,N,,NA,NA,N,N,N,Y,N
perl-Unicode-UTF8,,,N,N,Y,Y,N,N,,NA,NA,N,N,N,Y,N
perl-Unix-Syslog,,,N,N,Y,Y,N,N,,NA,NA,N,N,N,Y,N
perl-Variable-Magic,Sumit,,N,N,Y,Y,N,N,,P0,NA,N,Y,Y,Y,N
perl-Version-Requirements,Sumit,,N,N,Y,Y,N,N,,P0,NA,N,N,N,Y,N
perl-XML-Catalog,Sumit,,N,N,Y,Y,N,N,,P0,NA,N,N,N,Y,N
perl-XML-DOM,,,N,N,Y,Y,N,N,,NA,NA,N,N,N,Y,N
perl-XML-Dumper,,,N,N,Y,Y,N,N,,NA,NA,N,N,N,Y,N
perl-XML-Filter-BufferText,,,N,N,Y,Y,N,N,,NA,NA,N,N,N,Y,N
perl-XML-Generator,Sumit,,N,N,Y,Y,N,N,,New P0,NA,N,Y,Y,Y,N
perl-XML-Grove,,,N,N,Y,Y,N,N,,NA,NA,N,N,N,Y,N
perl-XML-Handler-YAWriter,,,N,N,Y,Y,N,N,,NA,NA,N,N,N,Y,N
perl-XML-LibXSLT,Akhila,,N,N,Y,Y,N,N,,NA,NA,N,Y,Y,Y,N
perl-XML-Parser-Lite,,,N,N,Y,Y,N,N,,NA,NA,N,N,N,Y,N
perl-XML-RegExp,,,N,N,Y,Y,N,N,,NA,NA,N,N,N,Y,N
perl-XML-SAX-Writer,,,N,N,Y,Y,N,N,,NA,NA,N,N,N,Y,N
perl-XML-Simple,,,N,N,Y,Y,N,N,,NA,NA,N,N,N,Y,N
perl-XML-TokeParser,,,N,N,Y,Y,N,N,,NA,NA,N,N,N,Y,N
perl-XML-TreeBuilder,,,N,N,Y,Y,N,N,,NA,NA,N,N,N,Y,N
perl-XML-Twig,,,N,N,Y,Y,N,N,,NA,NA,N,N,N,Y,N
perl-XML-Writer,Sumit,,N,N,Y,Y,N,N,,P0,NA,N,Y,Y,Y,N
perl-XML-XPathEngine,,,N,N,Y,Y,N,N,,NA,NA,N,N,N,Y,N
perl-XString,Sumit,,N,N,Y,Y,N,N,,P0,NA,N,Y,Y,Y,N
perl-YAML-LibYAML,Sumit,,N,N,Y,Y,N,N,,P0,NA,N,Y,Y,Y,N
perl-YAML-PP,Akhila,,N,N,Y,Y,N,N,,NA,NA,N,Y,Y,Y,N
perl-YAML-Syck,Sumit,,N,N,Y,Y,N,N,,New P0,NA,N,Y,Y,Y,N
perl-bareword-filehandles,,,N,N,Y,N,N,Y,,NA,NA,N,N_NoBldVer_and_MovedToCore,N,N,N
perl-boolean,,,N,N,Y,Y,N,N,,NA,NA,N,N,N,Y,N
perl-gettext,,,N,N,Y,Y,N,N,,NA,NA,N,N,N,Y,N
perl-inc-latest,,,N,N,Y,Y,N,N,,NA,NA,N,N,N,Y,N
perl-indirect,,,N,N,Y,N,N,Y,,NA,NA,N,N_NoBldVer_and_MovedToCore,N,N,N
perl-libnet,Sumit,,N,N,Y,Y,N,N,,P0,NA,N,Y,Y,Y,N
perl-libxml-perl,,,N,N,Y,Y,N,N,,NA,NA,N,N,N,Y,N
perl-multidimensional,,,N,N,Y,N,N,Y,,NA,NA,N,N_NoBldVer_and_MovedToCore,N,N,N
perl-namespace-autoclean,,,N,N,Y,Y,N,N,,NA,NA,N,N,N,Y,N
perl-namespace-clean,,,N,N,Y,Y,N,N,,NA,NA,N,N,N,Y,N
perl-prefork,,,N,N,Y,Y,N,N,,NA,NA,N,N,N,Y,N
perl-strictures,,,N,N,Y,N,N,Y,,NA,NA,N,N_NoBldVer_and_MovedToCore,N,N,N
perltidy,Sumit,,N,N,Y,Y,N,N,,P0,NA,N,Y,Y,Y,N
pesign,,,N,N,Y,N,N,Y,,NA,NA,N,N_NoBldVer_and_MovedToCore,N,N,N
phodav,,,N,N,Y,Y,N,N,,NA,NA,N,N,N,Y,N
physfs,Archana,,N,N,Y,Y,N,N,,CP_batch1,NA,N,N,N,Y,N
pinfo,Sumit,,N,N,Y,Y,N,N,,P0,NA,N,Y,Y,Y,N
pipewire,Akhila,,N,N,Y,Y,N,N,,NA,NA,N,Y,Y,Y,N
pkcs11-helper,Sumit,,N,N,Y,Y,N,N,,P0,NA,N,Y,Y,Y,N
plexus-pom,Archana,,N,N,Y,Y,N,N,,CP_batch1,NA,N,PRCreated_Rev_VerComp,Y,Y,N
plotutils,,,N,N,Y,Y,N,N,,NA,NA,N,N,N,Y,N
pmdk-convert,,,N,N,Y,Y,N,N,,NA,NA,N,N_DNLD_fail_Chk_Build,N,Y,N
pngcrush,Sumit,,N,N,Y,Y,N,N,,NA,NA,N,N,N,Y,N
pngnq,,,N,N,Y,Y,N,N,,NA,NA,N,N,N,Y,N
po4a,Akhila,,N,N,Y,Y,N,N,,NA,NA,N,Y,Y,Y,N
podman,Sumit,,N,N,Y,Y,N,N,,CP_batch2,NA,N,N_CorePkgVerDep,N_CorePkgVerDep,Y,Y
poetry,,,N,N,Y,N,N,Y,,NA,NA,N,N_NoBldVer_and_MovedToCore,N,N,N
polkit-pkla-compat,,,N,N,Y,Y,N,N,,NA,NA,N,N,N,Y,N
portreserve,,,N,N,Y,Y,N,N,,NA,NA,N,N,N,Y,N
potrace,,,N,N,Y,Y,N,N,,NA,NA,N,N,N,Y,N
powertop,Sumit,,N,N,Y,Y,N,N,,P0,NA,N,Y,Y,Y,N
ppp,Jyoti,,N,N,Y,Y,N,N,,NA,NA,N,Y,Y,Y,N
pps-tools,Sumit,,N,N,Y,Y,N,N,,P0,NA,N,Y,Y,Y,N
pptp,,,N,N,Y,Y,N,N,,NA,NA,N,N,N,Y,N
procmail,Sumit,,N,N,Y,Y,N,N,,P0,NA,N,Y,Y,Y,N
proj,Akhila,,N,N,Y,Y,N,N,,NA,NA,N,Y,Y,Y,N
ps_mem,Sumit,,N,N,Y,Y,N,N,,P0,NA,N,Y,Y,Y,N
psacct,,,N,N,Y,Y,N,N,,NA,NA,N,N,N,Y,N
psl-make-dafsa,Akhila,,N,N,Y,Y,N,N,,NA,libpsl,N,Y,Y,Y,N
psutils,Akhila,,N,N,Y,Y,N,N,,NA,NA,N,Y,Y,Y,N
ptlib,,,N,N,Y,Y,N,N,,NA,NA,N,N,N,Y,N
publicsuffix,,,N,N,Y,Y,N,N,,NA,NA,N,N_DNLD_fail_Chk_Build,N,Y,N
publicsuffix-list,Akhila,,N,N,Y,Y,N,N,,New P0,NA,N,Y,Y,Y,N
pulseaudio,Akhila,,N,N,Y,Y,N,N,,NA,NA,N,Y,Y,Y,N
puppet,Sumit,,N,N,Y,Y,N,N,,P1,NA,N,Y,Y,Y,N
pyatspi,Sumit,,N,N,Y,Y,N,N,,P1,NA,N,Y,Y,Y,N
pybind11,,,N,N,Y,N,N,Y,,NA,NA,N,N_NoBldVer_and_MovedToCore,N,N,N
pyflakes,,,N,N,Y,N,N,Y,,NA,NA,N,N_NoBldVer_and_MovedToCore,N,N,N
pykickstart,Sumit,,N,N,Y,Y,N,N,,P0,NA,N,Y,Y,Y,N
pylint,Akhila,,N,N,Y,Y,N,N,,NA,NA,N,Y,Y,Y,N
pyparted,Sumit,,N,N,Y,Y,N,N,,P0,NA,N,Y,Y,Y,N
pyserial,Sumit,,N,N,Y,Y,N,N,,P0,NA,N,Y,Y,Y,N
python-CommonMark,,,N,N,Y,Y,N,N,,NA,NA,N,N,N,Y,N
python-IPy,Sumit,,N,N,Y,Y,N,N,,P0,NA,N,Y,Y,Y,N
python-PyMySQL,Akhila,,N,N,Y,Y,N,N,,CP_batch1,NA,N,Y,Y,Y,N
python-aiodns,Akhila,,N,N,Y,Y,N,N,,CP_batch1,NA,N,Y,Y,Y,N
python-aiohttp,Akhila,,N,N,Y,Y,N,N,,NA,NA,N,Y,Y,Y,N
python-alsa,Sumit,,N,N,Y,Y,N,N,,P0,NA,N,Y,Y,Y,N
python-argcomplete,Akhila,,N,N,Y,Y,N,N,,NA,NA,N,Y,Y,Y,N
python-astroid,Akhila,,N,N,Y,Y,N,N,,CP_batch1,NA,N,Y,Y,Y,N
python-augeas,Akhila,,N,N,Y,Y,N,N,,CP_batch1,NA,N,Y,Y,Y,N
python-azure-sdk,,,N,N,Y,Y,N,N,,NA,NA,N,N_DNLD_fail_Chk_Build,N,Y,N
python-beautifulsoup4,Jyoti,,N,N,Y,Y,N,N,,CP_batch2,NA,N,Y,Y,Y,N
python-betamax,Sumit,,N,N,Y,Y,N,N,,P0,NA,N,Y,Y,Y,N
python-blinker,Aninda,,N,N,Y,Y,N,N,,CP_batch1,NA,N,Y,Y,Y,N
python-blivet,Sumit,,N,N,Y,Y,N,N,,P0,NA,N,Y,Y,Y,N
python-cheetah,Aninda,,N,N,Y,Y,N,N,,CP_batch1,NA,N,Y,Y,Y,N
python-cmd2,Sumit,,N,N,Y,Y,N,N,,P0,NA,N,Y,Y,Y,N
python-colorama,Akhila,,N,N,Y,Y,N,N,,CP_batch1,NA,N,Y,Y,Y,N
python-configshell,Sumit,,N,N,Y,Y,N,N,,P0,NA,N,Y,Y,Y,N
python-cups,Sumit,,N,N,Y,Y,N,N,,P0,NA,N,Y,Y,Y,N
python-curio,Sumit,,N,N,Y,Y,N,N,,CP_batch2,NA,N,Decide_Rev_VerComp,Y,Y,N
python-d2to1,,,N,N,Y,Y,N,N,,NA,NA,N,N,N,Y,N
python-dbus-client-gen,Akhila,,N,N,Y,Y,N,N,,P0,NA,N,Y,Y,Y,N
python-dbus-python-client-gen,Akhila,,N,N,Y,Y,N,N,,P0,NA,N,Y,Y,Y,N
python-dbus-signature-pyparsing,Akhila,,N,N,Y,Y,N,N,,P0,NA,N,Y,Y,Y,N
python-dbusmock,Akhila,,N,N,Y,Y,N,N,,NA,NA,N,Y,Y,Y,N
python-ddt,Akhila,,N,N,Y,Y,N,N,,NA,NA,N,Y,Y,Y,N
python-debtcollector,Jagadeesh,,N,N,Y,Y,N,N,,CP_batch2,NA,N,Y,Y,Y,N
python-dmidecode,Akhila,,N,N,Y,Y,N,N,,NA,NA,N,Y,Y,Y,N
python-dns,Archana,,N,N,Y,Y,N,N,,CP_batch1,NA,N,Y,Y,Y,N
python-dtopt,,,N,N,Y,Y,N,N,,NA,NA,N,N,N,Y,N
python-dulwich,Akhila,,N,N,Y,Y,N,N,,New P0,NA,N,Y,Y,Y,N
python-enchant,,,N,N,Y,Y,N,N,,NA,NA,N,N,N,Y,N
python-entrypoints,Akarsh,,N,N,Y,Y,N,N,,CP_batch1,NA,N,Y,Y,Y,N
python-evdev,,,N,N,Y,N,N,Y,,NA,NA,N,N_NoBldVer_and_MovedToCore,N,N,N
python-extras,,,N,N,Y,Y,N,N,,NA,NA,N,N,N,Y,N
python-faker,Akhila,,N,N,Y,Y,N,N,,NA,NA,N,Y,Y,Y,N
python-fasteners,Akarsh,,N,N,Y,Y,N,N,,CP_batch2,NA,N,Y,Y,Y,N
python-fixtures,Akarsh,,N,N,Y,Y,N,N,,CP_batch1,NA,N,Y,Y,Y,N
python-flake8,Akarsh,,N,N,Y,Y,N,N,,CP_batch2,NA,N,Y,Y,Y,N
python-flask,Akarsh,,N,N,Y,Y,N,N,,CP_batch2,NA,N,Y,Y,Y,N
python-fluidity-sm,,,N,N,Y,Y,N,N,,NA,NA,N,N,N,Y,N
python-funcsigs,,,N,N,Y,Y,N,N,,NA,NA,N,N,N,Y,N
python-genshi,Akarsh,,N,N,Y,Y,N,N,,CP_batch2,NA,N,Y,Y,Y,N
python-gssapi,Akarsh,,N,N,Y,Y,N,N,,CP_batch1,NA,N,Y,Y,Y,N
python-hs-dbus-signature,,,N,N,Y,Y,N,N,,NA,NA,N,N_DNLD_fail_Chk_Build,N,Y,N
python-httplib2,Akhila,,N,N,Y,Y,N,N,,NA,NA,N,Y,Y,Y,N
python-humanize,Kevin,,N,N,Y,Y,N,N,,CP_batch1,NA,N,Y,Y,Y,N
python-hwdata,Akhila,,N,N,Y,Y,N,N,,NA,NA,N,Y,Y,Y,N
python-inotify,,,N,N,Y,Y,N,N,,NA,NA,N,N,N,Y,N
python-into-dbus-python,Akhila,,N,N,Y,Y,N,N,,P0,NA,N,Y,Y,Y,N
python-iso8601,Sandeep,,N,N,Y,Y,N,N,,CP_batch2,NA,N,Y,Y,Y,N
python-isodate,Sandeep,,N,N,Y,Y,N,N,,CP_batch2,NA,N,Y,Y,Y,N
python-isort,Sreenivasulu,,N,N,Y,Y,N,N,,New P0,NA,N,Y,Y,Y,N
python-itsdangerous,Akhila,,N,N,Y,Y,N,N,,NA,NA,N,Y,Y,Y,N
python-justbases,Akhila,,N,N,Y,Y,N,N,,P0,NA,N,Y,Y,Y,N
python-justbytes,Akhila,,N,N,Y,Y,N,N,,P0,NA,N,Y,Y,Y,N
python-jwcrypto,Archana,,N,N,Y,Y,N,N,,NA,NA,N,Y,Y,Y,N
python-kdcproxy,Akhila,,N,N,Y,Y,N,N,,NA,NA,N,Y,Y,Y,N
python-kerberos,,,N,N,Y,Y,N,N,,NA,NA,N,N,N,Y,N
python-kmod,Akhila,,N,N,Y,Y,N,N,,P0,NA,N,PRCreated_Rev_VerComp,Y,Y,N
python-lazy-object-proxy,Akhila,,N,N,Y,Y,N,N,,New P0,NA,N,Y,Y,Y,N
python-ldap,,,N,N,Y,Y,N,N,,NA,NA,N,N,N,Y,N
python-lit,,,N,N,Y,Y,N,N,,NA,llvm,N,Y,Y,Y,N
python-mccabe,Sumit,,N,N,Y,Y,N,N,,NA,NA,N,Y,Y,Y,N
python-memcached,,,N,N,Y,Y,N,N,,NA,NA,N,N,N,Y,N
python-mimeparse,Kevin,,N,N,Y,Y,N,N,,CP_batch2,NA,N,Y,Y,Y,N
python-monotonic,,,N,N,Y,Y,N,N,,NA,NA,N,N,N,Y,N
python-msal,Kevin,,N,N,Y,Y,N,N,,CP_batch2,NA,N,Y,Y,Y,N
python-msrestazure,,,N,N,Y,Y,N,N,,NA,NA,N,N,N,Y,N
python-mutagen,Archana,,N,N,Y,Y,N,N,,CP_batch1,NA,N,Y,Y,Y,N
python-ntlm-auth,,,N,N,Y,Y,N,N,,NA,NA,N,N,N,Y,N
python-oauth2client,,,N,N,Y,Y,N,N,,NA,NA,N,N,N,Y,N
python-openpyxl,,,N,N,Y,N,N,Y,,NA,NA,N,N_NoBldVer_and_MovedToCore,N,N,N
python-openstackdocstheme,Archana,,N,N,Y,Y,N,N,,CP_batch1,NA,N,Y,Y,Y,N
python-oslo-i18n,Archana,,N,N,Y,Y,N,N,,CP_batch1,NA,N,Y,Y,Y,N
python-oslo-sphinx,,,N,N,Y,Y,N,N,,NA,NA,N,N_DNLD_fail_Chk_Build,N,Y,N
python-paramiko,,,N,N,Y,Y,N,N,,NA,NA,N,Y,Y,Y,N
python-podman-api,Archana,,N,N,Y,Y,N,N,,CP_batch1,NA,N,PR_Created_NODNLDVER,Y,Y,N
python-productmd,Sandeep,,N,N,Y,Y,N,N,,CP_batch2,NA,N,Y,Y,Y,N
python-pycares,Akhila,,N,N,Y,Y,N,N,,CP_batch1,NA,N,Y,Y,Y,N
python-pydbus,,,N,N,Y,Y,N,N,,NA,NA,N,N,N,Y,N
python-pymongo,Akhila,,N,N,Y,Y,N,N,,P0,NA,N,Y,Y,Y,N
python-pyperclip,Archana,,N,N,Y,Y,N,N,,NA,NA,N,Y,Y,Y,N
python-pyroute2,Sumit,,N,N,Y,N,N,Y,,NA,NA,N,N_NoBldVer_and_MovedToCore,N,N,N
python-pyrsistent,,,N,N,Y,Y,N,N,,NA,NA,N,Y,Y,Y,N
python-pysocks,,,N,N,Y,Y,N,N,,NA,NA,N,N,N,Y,N
python-pytest-flake8,Sumit,,N,N,Y,Y,N,N,,NA,NA,N,N_DNLD_fail_Chk_Build,N,Y,N
python-pytest-relaxed,Akhila,,N,N,Y,Y,N,N,,CP_batch1,NA,N,Y,Y,Y,N
python-pytest-runner,,,N,N,Y,Y,N,N,,NA,NA,N,N,N,Y,N
python-pytest-subtests,Akhila,,N,N,Y,Y,N,N,,CP_batch1,NA,N,Y,Y,Y,N
python-pytest-timeout,Sandeep,,N,N,Y,Y,N,N,,CP_batch2,NA,N,Y,Y,Y,N
python-pytoml,,,N,N,Y,Y,N,N,,NA,NA,N,N_DNLD_fail_Chk_Build,N,Y,N
python-qrcode,Akhila,,N,N,Y,Y,N,N,,CP_batch1,NA,N,Y,Y,Y,N
python-rdflib,Akhila,,N,N,Y,Y,N,N,,CP_batch1,NA,N,Y,Y,Y,N
python-recommonmark,Sreenivasulu,,N,N,Y,Y,N,N,,New P0,NA,N,Y,Y,Y,N
python-redis,,,N,N,N,N,Y,N,,NA,NA,N,Y_Reintroduce,Y,Y,N
python-requests-file,Akhila,,N,N,Y,Y,N,N,,CP_batch1,NA,N,Y,Y,Y,N
python-requests-ftp,,,N,N,Y,Y,N,N,,NA,NA,N,N,N,Y,N
python-requests-kerberos,Sumit,,N,N,Y,Y,N,N,,CP_batch1,NA,N,Y,Y,Y,N
python-requests-mock,,,N,N,Y,Y,N,N,,NA,NA,N,Y,Y,Y,N
python-requests-toolbelt,Akhila,,N,N,Y,Y,N,N,,New P0,NA,N,Y,Y,Y,N
python-requests_ntlm,,,N,N,Y,Y,N,N,,NA,NA,N,Y,Y,Y,N
python-rfc3986,Sumit,,N,N,Y,Y,N,N,,CP_batch1,NA,N,Y,Y,Y,N
python-rpm-generators,,,N,N,Y,N,N,Y,,NA,NA,N,N_NoBldVer_and_MovedToCore,N,N,N
python-rpmfluff,Akhila,,N,N,Y,Y,N,N,,P0,NA,N,Y,Y,Y,N
python-rtslib,Akhila,,N,N,Y,Y,N,N,,P0,NA,N,PRCreated_Rev_VerComp,Y,Y,N
python-s3transfer,,,N,N,Y,Y,N,N,,NA,NA,N,Y,Y,Y,N
python-semantic_version,Sumit,,N,N,Y,Y,N,N,,CP_batch1,NA,N,Y,Y,Y,N
python-should_dsl,Sumit,,N,N,Y,Y,N,N,,CP_batch1,NA,N,N,N,Y,N
python-simpleline,Akhila,,N,N,Y,Y,N,N,,P0,NA,N,Y,Y,Y,N
python-slip,,,N,N,Y,Y,N,N,,NA,NA,N,N_DNLD_fail_Chk_Build,N,Y,N
python-sniffio,Akhila,,N,N,Y,Y,N,N,,CP_batch1,NA,N,Y,Y,Y,N
python-soupsieve,Akarsh,,N,N,Y,Y,N,N,,CP_batch1,NA,N,Y,Y,Y,N
python-sphinx-epytext,,,N,N,Y,Y,N,N,,NA,NA,N,N,N,Y,N
python-sphinxcontrib-apidoc,Akhila,,N,N,Y,Y,N,N,,P0,NA,N,Y,Y,Y,N
python-sphinxcontrib-httpdomain,,,N,N,Y,Y,N,N,,NA,NA,N,N,N,Y,N
python-suds,Archana,,N,N,Y,Y,N,N,,CP_batch1,NA,N,Y,Y,Y,N
python-systemd,Aninda,,N,N,Y,Y,N,N,,NA,NA,N,Y,Y,Y,N
python-tempita,,,N,N,Y,Y,N,N,,NA,NA,N,N,N,Y,N
python-templated-dictionary,,,N,N,Y,N,N,Y,,NA,NA,N,N_NoBldVer_and_MovedToCore,N,N,N
python-testpath,Aninda,,N,N,Y,Y,N,N,,CP_batch1,NA,N,Y,Y,Y,N
python-testresources,Jagadeesh,,N,N,Y,Y,N,N,,CP_batch2,NA,N,Y,Y,Y,N
python-testscenarios,Jyoti,,N,N,Y,Y,N,N,,CP_batch1,NA,N,N,N,Y,Y
python-testtools,Jyoti,,N,N,Y,Y,N,N,,CP_batch1,NA,N,Y,Y,Y,N
python-toml,Archana,,N,N,Y,Y,N,N,,NA,NA,N,Y,Y,Y,N
python-tornado,Sumit,,N,N,Y,Y,N,N,,CP_batch1,NA,N,Y,Y,Y,N
python-tox,Jyoti,,N,N,Y,Y,N,N,,NA,NA,N,Y,Y,Y,N
python-trio,Akarsh,,N,N,Y,Y,N,N,,CP_batch2,NA,N,Y,Y,Y,N
python-uamqp,Akhila,,N,N,Y,Y,N,N,,CP_batch2,NA,N,N_DNLD_fail_Chk_Build,N,Y,Y
python-unittest2,Archana,,N,N,Y,Y,N,N,,CP_batch2,NA,N,N_DNLD_fail_Chk_Build,DECIDED_REMOVE,Y,N
python-uritemplate,Akhila,,N,N,Y,Y,N,N,,P0,NA,N,Y,Y,Y,N
python-urwid,Jyoti,,N,N,Y,Y,N,N,,CP_batch1,NA,N,Y,Y,Y,N
python-varlink,Akhila,,N,N,Y,Y,N,N,,CP_batch2,NA,N,Y,Y,Y,N
python-voluptuous,Archana,,N,N,Y,Y,N,N,,CP_batch1,NA,N,Y,Y,Y,N
python-waitress,Jagadeesh,,N,N,Y,Y,N,N,,CP_batch1,NA,N,Y,Y,Y,N
python-webencodings,,,N,N,Y,Y,N,N,,NA,NA,N,N,N,Y,N
python-webtest,,,N,N,Y,Y,N,N,,NA,NA,N,Y,Y,Y,N
python-whoosh,,,N,N,Y,Y,N,N,,NA,NA,N,N,N,Y,N
python-winrm,,,N,N,Y,Y,N,N,,NA,NA,N,Y,Y,Y,N
python-xmltodict,Akhila,,N,N,Y,Y,N,N,,P0,NA,N,Y,Y,Y,N
python-yubico,,,N,N,Y,Y,N,N,,NA,NA,N,N,N,Y,N
python-zmq,,,N,N,Y,Y,N,N,,NA,NA,N,Y,Y,Y,N
python3-mallard-ducktype,Archana,,N,N,Y,Y,N,N,,NA,NA,N,N,N,Y,N
python3-typed_ast,Jyoti,,N,N,Y,Y,N,N,,CP_batch1,NA,N,PR_Created_NODNLDVER,Y,Y,N
pyusb,Sreenivasulu,,N,N,Y,Y,N,N,,New P0,NA,N,Y,Y,Y,N
pywbem,Akhila,,N,N,Y,Y,N,N,,P0,NA,N,Y,Y,Y,N
pyxattr,Sreenivasulu,,N,N,Y,Y,N,N,,New P0,NA,N,Y,Y,Y,N
qhull,Akhila,,N,N,Y,Y,N,N,,P0,NA,N,Y,Y,Y,N
qpdf,Akhila,,N,N,Y,Y,N,N,,CP_batch1,NA,N,Y,Y,Y,N
qperf,,,N,N,Y,Y,N,N,,NA,NA,N,N,N,Y,N
qr-code-generator,Akhila,,N,N,Y,Y,N,N,,P0,NA,N,Y,Y,Y,N
qt5-qtconnectivity,,,N,N,Y,Y,N,N,,NA,NA,N,Y,Y,Y,N
qt5-qtsensors,,,N,N,Y,Y,N,N,,NA,NA,N,Y,Y,Y,N
qt5-qtserialport,,,N,N,Y,Y,N,N,,NA,NA,N,Y,Y,Y,N
quagga,,,N,N,Y,Y,N,N,,NA,NA,N,N_DNLD_fail_Chk_Build,N,Y,N
raptor2,Jyoti,,N,N,Y,Y,N,N,,NA,NA,N,N,N,Y,Y
rarian,Archana,,N,N,Y,Y,N,N,,New P0,NA,N,Y,Y,Y,N
rasdaemon,,,N,N,Y,N,N,Y,,NA,NA,N,N_NoBldVer_and_MovedToCore,N,N,N
rasqal,Jyoti,,N,N,Y,Y,N,N,,NA,NA,N,N,N,Y,Y
rcs,,,N,N,Y,Y,N,N,,NA,NA,N,N,N,Y,N
rdist,,,N,N,Y,Y,N,N,,NA,NA,N,N,N,Y,N
re2c,Akhila,,N,N,Y,Y,N,N,,P0,NA,N,Y,Y,Y,N
realmd,Jyoti,Override_to_Y,N,N,Y,Y,N,N,,P1,NA,N,Y,Y,Y,N
rear,,,N,N,Y,Y,N,N,,NA,NA,N,Y,Y,Y,N
recode,Akhila,,N,N,Y,Y,N,N,,P0,NA,N,Y,Y,Y,N
redland,,,N,N,N,N,Y,N,,NA,NA,N,Y_Reintroduce,Y,Y,N
regexp,Aninda,,N,N,Y,Y,N,N,,CP_batch2,NA,N,N,N,Y,Y
relaxngDatatype,Jagadeesh,,N,N,Y,Y,N,N,,CP_batch1,NA,N,PR_Created_NODNLDVER,Y,Y,N
resource-agents,Archana,,N,N,Y,Y,N,N,,CP_batch1,NA,N,Y,Y,Y,N
rhash,Akhila,,N,N,Y,Y,N,N,,P0,NA,N,Y,Y,Y,N
rhino,Sumit,,N,N,Y,Y,N,N,,NA,NA,N,Y,Y,Y,N
rhnlib,,,N,N,Y,Y,N,N,,NA,NA,N,N_DNLD_fail_Chk_Build,N,Y,N
ripgrep,,,N,N,Y,Y,N,N,,NA,rust-ripgrep,N,Y,Y,Y,N
rp-pppoe,Aninda,,N,N,Y,Y,N,N,,NA,NA,N,Y,Y,Y,N
rpmlint,,,N,N,Y,Y,N,N,,NA,NA,N,Y,Y,Y,N
rtkit,,,N,N,Y,Y,N,N,,NA,NA,N,N,N,Y,N
rubygem-bson,Jyoti,Y,N,N,Y,Y,N,N,,CP_batch1,NA,N,N,N,Y,N
rubygem-coderay,,,N,N,Y,Y,N,N,,NA,NA,N,N,N,Y,N
rubygem-diff-lcs,,,N,N,Y,Y,N,N,,NA,NA,N,N,N,Y,N
rubygem-eventmachine,Sreenivasulu,,N,N,Y,Y,N,N,,CP_batch1,NA,N,N,N,Y,N
rubygem-flexmock,Akhila,,N,N,Y,Y,N,N,,P0,NA,N,Y,Y,Y,N
rubygem-liquid,Akhila,,N,N,Y,Y,N,N,,P0,NA,N,N,N,Y,N
rubygem-maruku,,,N,N,Y,Y,N,N,,NA,NA,N,N_DNLD_fail_Chk_Build,N,Y,N
rubygem-mongo,Akhila,,N,N,Y,Y,N,N,,P0,NA,N,N,N,Y,N
rubygem-mysql2,Akarsh,,N,N,Y,Y,N,N,,CP_batch2,NA,N,Y,Y,Y,N
rubygem-pkg-config,Akhila,,N,N,Y,Y,N,N,,P0,NA,N,Y,Y,Y,N
rubygem-rouge,Akhila,,N,N,Y,Y,N,N,,P0,NA,N,Y,Y,Y,N
rubygem-rspec-expectations,,,N,N,Y,Y,N,N,,NA,NA,N,Y,Y,Y,N
rubygem-rspec-mocks,,,N,N,Y,Y,N,N,,NA,NA,N,Y,Y,Y,N
rubygem-rspec-support,Archana,,N,N,Y,Y,N,N,,New P0,NA,N,Y,Y,Y,N
rubygem-thread_order,Archana,,N,N,Y,Y,N,N,,NA,NA,N,N,N,Y,N
rusers,,,N,N,Y,Y,N,N,,NA,NA,N,N,N,Y,N
rust-cbindgen,,,N,N,Y,Y,N,N,,NA,NA,N,Y,Y,Y,N
samba,,,N,N,Y,Y,N,N,,NA,NA,N,Y,Y,Y,N
sassist,,,N,N,Y,Y,N,N,,NA,NA,N,N_DNLD_fail_Chk_Build,N,Y,N
satyr,Sumit,Y,N,N,Y,Y,N,N,,P1,NA,N,Y,Y,Y,N
sbc,Archana,,N,N,Y,Y,N,N,,P0,NA,N,Y,Y,Y,N
sblim-cim-client2,,,N,N,Y,Y,N,N,,NA,NA,N,N,N,Y,N
sblim-cmpi-base,,,N,N,Y,Y,N,N,,NA,NA,N,N,N,Y,N
sblim-cmpi-devel,,,N,N,Y,Y,N,N,,NA,NA,N,N,N,Y,N
sblim-cmpi-fsvol,,,N,N,Y,Y,N,N,,NA,NA,N,N,N,Y,N
sblim-cmpi-network,,,N,N,Y,Y,N,N,,NA,NA,N,N,N,Y,N
sblim-cmpi-nfsv3,,,N,N,Y,Y,N,N,,NA,NA,N,N,N,Y,N
sblim-cmpi-nfsv4,,,N,N,Y,Y,N,N,,NA,NA,N,N,N,Y,N
sblim-cmpi-params,,,N,N,Y,Y,N,N,,NA,NA,N,N,N,Y,N
sblim-cmpi-sysfs,,,N,N,Y,Y,N,N,,NA,NA,N,N,N,Y,N
sblim-cmpi-syslog,,,N,N,Y,Y,N,N,,NA,NA,N,N,N,Y,N
sblim-indication_helper,,,N,N,Y,Y,N,N,,NA,NA,N,N,N,Y,N
sblim-sfcCommon,,,N,N,Y,Y,N,N,,NA,NA,N,N,N,Y,N
sblim-sfcb,,,N,N,Y,Y,N,N,,NA,NA,N,N,N,Y,N
sblim-sfcc,,,N,N,Y,Y,N,N,,NA,NA,N,N,N,Y,N
sblim-testsuite,,,N,N,Y,Y,N,N,,NA,NA,N,N,N,Y,N
sblim-wbemcli,,,N,N,Y,Y,N,N,,NA,NA,N,N,N,Y,N
scl-utils,Archana,,N,N,Y,Y,N,N,,P0,NA,N,Y,Y,Y,N
scotch,,,N,N,Y,Y,N,N,,NA,NA,N,Y,Y,Y,N
screen,,,N,N,Y,Y,N,N,,NA,NA,N,N,N,Y,N
sdparm,Archana,,N,N,Y,Y,N,N,,P0,NA,N,Y,Y,Y,N
sendmail,,,N,N,N,N,Y,N,,NA,NA,N,Y_Reintroduce,Y,Y,N
serd,Jyoti,,N,N,Y,Y,N,N,,NA,NA,N,Y,Y,Y,N
servletapi4,Sumit,,N,N,Y,Y,N,N,,CP_batch1,NA,N,PR_Created_NODNLDVER,Y,Y,N
servletapi5,Sumit,,N,N,Y,Y,N,N,,CP_batch1,NA,N,PR_Created_NODNLDVER,Y,Y,N
setserial,,,N,N,Y,Y,N,N,,NA,NA,N,N,N,Y,N
setuptool,,,N,N,Y,Y,N,N,,NA,NA,N,N,N,Y,N
sgpio,,,N,N,Y,Y,N,N,,NA,NA,N,N,N,Y,N
shapelib,Archana,,N,N,Y,Y,N,N,,NA,NA,N,Y,Y,Y,N
sip,Archana,,N,N,Y,Y,N,N,,P0,NA,N,Y,Y,Y,N
skkdic,Archana,,N,N,Y,Y,N,N,,P0,NA,N,Y,Y,Y,N
slirp4netns,Archana,,N,N,Y,Y,N,N,,P0,NA,N,Y,Y,Y,N
smc-tools,Akarsh,,N,N,Y,Y,N,N,,CP_batch1,NA,N,Y,Y,Y,N
sombok,,,N,N,Y,Y,N,N,,NA,NA,N,N,N,Y,N
sord,Jyoti,,N,N,Y,Y,N,N,,NA,NA,N,Y,Y,Y,N
sound-theme-freedesktop,,,N,N,Y,Y,N,N,,NA,NA,N,N,N,Y,N
soundtouch,Archana,,N,N,Y,Y,N,N,,P0,NA,N,Y,Y,Y,N
sox,,,N,N,Y,Y,N,N,,NA,NA,N,N,N,Y,N
soxr,,,N,N,Y,Y,N,N,,NA,NA,N,N,N,Y,N
sparsehash,,,N,N,Y,Y,N,N,,NA,NA,N,N,N,Y,N
spausedd,Archana,,N,N,Y,Y,N,N,,P0,NA,N,Y,Y,Y,N
speex,,,N,N,Y,Y,N,N,,NA,NA,N,N,N,Y,N
speexdsp,Archana,,N,N,Y,Y,N,N,,P0,NA,N,Y,Y,Y,N
spice-protocol,Archana,,N,N,Y,Y,N,N,,P0,NA,N,Y,Y,Y,N
spice-vdagent,,,N,N,Y,Y,N,N,,NA,NA,N,N,N,Y,N
spirv-headers,,,N,N,Y,N,N,Y,,NA,NA,N,N_NoBldVer_and_MovedToCore,N,N,N
spirv-tools,,,N,N,Y,N,N,Y,,NA,NA,N,N_NoBldVer_and_MovedToCore,N,N,N
splix,,,N,N,Y,Y,N,N,,NA,NA,N,N,N,Y,N
squid,Jyoti,,N,N,Y,Y,N,N,,CP_batch1,NA,N,Y,Y,Y,N
sratom,Jyoti,,N,N,Y,Y,N,N,,NA,NA,N,Y,Y,Y,N
star,Archana,,N,N,Y,Y,N,N,,CP_batch1,NA,N,N,N,Y,N
startup-notification,Archana,,N,N,Y,Y,N,N,,CP_batch1,NA,N,N,N,Y,N
stunnel,Sandeep,,N,N,Y,Y,N,N,,NA,NA,N,Y,Y,Y,N
subscription-manager,Jagadeesh,,N,N,Y,Y,N,N,,CP_batch2,NA,N,N_https_notfound,N_https_notfound,Y,N
suitesparse,Jagadeesh,,N,N,Y,Y,N,N,,NA,NA,N,Y,Y,Y,N
switcheroo-control,,,N,N,Y,Y,N,N,,NA,NA,N,Y,Y,Y,N
sysfsutils,,,N,N,Y,N,N,Y,,NA,NA,N,N_NoBldVer_and_MovedToCore,N,N,N
systemd-bootchart,Jyoti,,N,N,Y,Y,N,N,,CP_batch1,NA,N,Y,Y,Y,N
t1lib,,,N,N,Y,Y,N,N,,NA,NA,N,N,N,Y,N
t1utils,,,N,N,Y,Y,N,N,,NA,NA,N,N,N,Y,N
taglib,Archana,,N,N,Y,Y,N,N,,P0,NA,N,N,N,Y,N
tang,Archana,,N,N,Y,Y,N,N,,NA,NA,N,Y,Y,Y,N
targetcli,Archana,,N,N,Y,Y,N,N,,P0,NA,N,Y,Y,Y,N
tbb,Mayank,,N,N,Y,Y,N,N,,CP_batch2,NA,N,Y,Y,Y,N
tcl-pgtcl,,,N,N,Y,Y,N,N,,NA,NA,N,N,N,Y,N
tclx,,,N,N,Y,Y,N,N,,NA,NA,N,N,N,Y,N
teckit,Archana,,N,N,Y,Y,N,N,,P0,NA,N,Y,Y,Y,N
telnet,,,N,N,Y,Y,N,N,,NA,NA,N,N,N,Y,N
tix,,,N,N,Y,Y,N,N,,NA,NA,N,N,N,Y,N
tk,Archana,,N,N,Y,Y,N,N,,New P0,NA,N,Y,Y,Y,N
tlog,Archana,,N,N,Y,Y,N,N,,New P0,NA,N,Y,Y,Y,N
tmpwatch,,,N,N,Y,Y,N,N,,NA,NA,N,N,N,Y,N
tn5250,Archana,,N,N,Y,Y,N,N,,P0,NA,N,Y,Y,Y,N
tofrodos,,,N,N,Y,Y,N,N,,NA,NA,N,N,N,Y,N
tpm-quote-tools,,,N,N,N,N,Y,N,,NA,NA,N,Y_Reintroduce,Y,Y,N
tpm-tools,,,N,N,N,N,Y,N,,NA,NA,N,Y_Reintroduce,Y,Y,N
trilead-ssh2,,,N,N,Y,Y,N,N,,NA,NA,N,Y,Y,Y,N
tss2,Archana,,N,N,Y,Y,N,N,,P0,NA,N,PRCreated_Rev_VerComp,Y,Y,N
ttmkfdir,,,N,N,Y,Y,N,N,,NA,NA,N,N,N,Y,N
twolame,Archana,,N,N,Y,Y,N,N,,P0,NA,N,Y,Y,Y,N
uchardet,Archana,,N,N,Y,Y,N,N,,P0,NA,N,Y,Y,Y,N
ucpp,,,N,N,Y,Y,N,N,,NA,NA,N,N,N,Y,N
ucs-miscfixed-fonts,,,N,N,Y,Y,N,N,,NA,NA,N,N,N,Y,N
udftools,Archana,,N,N,Y,Y,N,N,,P0,NA,N,Y,Y,Y,N
udica,Jyoti,,N,N,Y,Y,N,N,,NA,NA,N,Y,Y,Y,N
udisks2,Aninda,,N,N,Y,Y,N,N,,NA,NA,N,Y,Y,Y,N
uglify-js,Archana,,N,N,Y,Y,N,N,,NA,NA,N,Y,Y,Y,N
umoci,,,N,N,Y,Y,N,N,,NA,NA,N,N_DNLD_fail_Chk_Build,N,Y,N
unicode-emoji,Jagadeesh,,N,N,Y,Y,N,N,,P0,NA,N,Y,Y,Y,N
unicode-ucd,Jagadeesh,,N,N,Y,Y,N,N,,P0,NA,N,Y,Y,Y,N
unique3,,,N,N,Y,Y,N,N,,NA,NA,N,N,N,Y,N
units,Jagadeesh,,N,N,Y,Y,N,N,,P0,NA,N,Y,Y,Y,N
upower,,,N,N,Y,Y,N,N,,NA,NA,N,Y,Y,Y,N
uriparser,Sumit,,N,N,Y,Y,N,N,,CP_batch1,NA,N,Y,Y,Y,N
urlview,,,N,N,Y,Y,N,N,,NA,NA,N,N,N,Y,N
usb_modeswitch,Jagadeesh,,N,N,Y,Y,N,N,,P0,NA,N,Y,Y,Y,N
usb_modeswitch-data,,,N,N,Y,Y,N,N,,NA,NA,N,N,N,Y,N
usbguard,Akhila,,N,N,Y,Y,N,N,,CP_batch2,NA,N,N_CorePkgVerDep,N_CorePkgVerDep,Y,Y
usbmuxd,Sumit,,N,N,Y,Y,N,N,,NA,NA,N,Decide_Rev_VerComp,Y,Y,N
usermode,,,N,N,Y,N,N,Y,,NA,NA,N,N_NoBldVer_and_MovedToCore,N,N,N
ustr,,,N,N,Y,Y,N,N,,NA,NA,N,N,N,Y,N
uthash,Jagadeesh,,N,N,Y,Y,N,N,,P0,NA,N,Y,Y,Y,N
uw-imap,Akhila,,N,N,Y,Y,N,N,,CP_batch2,NA,N,N_DNLD_fail_Chk_Build,N,Y,N
v4l-utils,Jyoti,,N,N,Y,Y,N,N,,NA,NA,N,Y,Y,Y,N
vhostmd,,,N,N,Y,Y,N,N,,NA,NA,N,N,N,Y,N
vino,,,N,N,Y,Y,N,N,,NA,NA,N,N_DNLD_fail_Chk_Build,N,Y,N
virt-p2v,Archana,,N,N,Y,Y,N,N,,CP_batch1,NA,N,Y,Y,Y,N
virt-top,Jagadeesh,,N,N,Y,Y,N,N,,P0,NA,N,Y,Y,Y,N
virt-who,,,N,N,Y,Y,N,N,,NA,NA,N,Y,Y,Y,N
vmem,,,N,N,Y,Y,N,N,,NA,NA,N,N_DNLD_fail_Chk_Build,N,Y,N
volume_key,Jyoti,Override_to_Y,N,N,Y,Y,N,N,Picked up by Jyoti as a dependency for libblockdev.,P1,NA,N,Y,Y,Y,N
vorbis-tools,,,N,N,Y,Y,N,N,,NA,NA,N,N,N,Y,N
watchdog,Akarsh,,N,N,Y,Y,N,N,,P0,NA,N,Y,Y,Y,N
wavpack,Akarsh,,N,N,Y,Y,N,N,,P0,NA,N,Y,Y,Y,N
web-assets,,,N,N,Y,Y,N,N,,NA,NA,N,N,N,Y,N
webrtc-audio-processing,Akarsh,,N,N,Y,Y,N,N,,P0,NA,N,Y,Y,Y,N
whois,Akarsh,,N,N,Y,Y,N,N,,P0,NA,N,Y,Y,Y,N
wireshark,Sumit,,N,N,Y,Y,N,N,,NA,NA,N,Y,Y,Y,N
woff2,,,N,N,Y,Y,N,N,,NA,NA,N,N,N,Y,N
wordnet,,,N,N,Y,Y,N,N,,NA,NA,N,N,N,Y,N
wpebackend-fdo,,,N,N,Y,Y,N,N,,NA,NA,N,N_DNLD_fail_Chk_Build,N,Y,N
wsmancli,,,N,N,Y,Y,N,N,,NA,NA,N,Y,Y,Y,N
wvdial,,,N,N,Y,Y,N,N,,NA,NA,N,N,N,Y,N
x3270,,,N,N,Y,Y,N,N,,NA,NA,N,Y,Y,Y,N
xalan-j2,Archana,,N,N,Y,Y,N,N,,NA,NA,N,Y,Y,Y,N
xapian-core,Aninda,,N,N,Y,Y,N,N,,P0,NA,N,Y,Y,Y,N
xbean,,,N,N,Y,Y,N,N,,NA,NA,N,Y,Y,Y,N
xcb-util,,,N,N,Y,N,N,Y,,NA,NA,N,N_NoBldVer_and_MovedToCore,N,N,N
xcb-util-image,,,N,N,Y,N,N,Y,,NA,NA,N,N_NoBldVer_and_MovedToCore,N,N,N
xcb-util-keysyms,,,N,N,Y,N,N,Y,,NA,NA,N,N_NoBldVer_and_MovedToCore,N,N,N
xcb-util-renderutil,,,N,N,Y,N,N,Y,,NA,NA,N,N_NoBldVer_and_MovedToCore,N,N,N
xcb-util-wm,Aninda,,N,N,Y,Y,N,N,,P0,NA,N,Y,Y,Y,N
xdelta,,,N,N,Y,Y,N,N,,NA,NA,N,N,N,Y,N
xdg-dbus-proxy,Aninda,,N,N,Y,Y,N,N,,P0,NA,N,Y,Y,Y,N
xdg-utils,Aninda,,N,N,Y,Y,N,N,,P0,NA,N,Y,Y,Y,N
xerces-j2,Archana,,N,N,Y,Y,N,N,,NA,NA,N,Y,Y,Y,N
xfconf,Archana,,N,N,Y,Y,N,N,,P0,NA,N,Y,Y,Y,N
xfsdump,Jyoti,,N,N,Y,Y,N,N,,P0,NA,N,Y,Y,Y,N
xhtml1-dtds,,,N,N,Y,Y,N,N,,NA,NA,N,N,N,Y,N
xmldb-api,,,N,N,Y,Y,N,N,,NA,NA,N,N_DNLD_fail_Chk_Build,N,Y,N
xmlrpc-c,Sumit,Y,N,N,Y,Y,N,N,,P1,NA,N,Y,Y,Y,N
xmlunit,,,N,N,Y,Y,N,N,,NA,NA,N,Y,Y,Y,N
xorg-x11-fonts,,,N,N,Y,Y,N,N,,NA,NA,N,N,N,Y,N
xorg-x11-utils,,,N,N,Y,Y,N,N,,NA,NA,N,N_DNLD_fail_Chk_Build,N,Y,N
xpp2,,,N,N,Y,Y,N,N,,NA,NA,N,N_DNLD_fail_Chk_Build,N,Y,N
xpp3,Archana,,N,N,Y,Y,N,N,,CP_batch2,NA,N,N_DNLD_fail_Chk_Build,N,Y,Y
xrestop,Jyoti,,N,N,Y,Y,N,N,,P0,NA,N,Y,Y,Y,N
xterm,Archana,,N,N,Y,Y,N,N,,New P0,NA,N,Y,Y,Y,N
yelp-tools,Archana,,N,N,Y,Y,N,N,,New P0,NA,N,Y,Y,Y,N
yelp-xsl,Archana,,N,N,Y,Y,N,N,,New P0,NA,N,Y,Y,Y,N
ykclient,,,N,N,Y,Y,N,N,,NA,NA,N,N,N,Y,N
ypserv,Jyoti,,N,N,Y,Y,N,N,,P0,NA,N,Y,Y,Y,N
z3,Mayank,,N,N,Y,Y,N,N,,CP_batch1,NA,N,Y,Y,Y,N
zenity,Archana,,N,N,Y,Y,N,N,,NA,NA,N,Y,Y,Y,N
zopfli,,,N,N,Y,Y,N,N,,NA,NA,N,N,N,Y,N
zziplib,Jyoti,,N,N,Y,Y,N,N,,NA,NA,N,Y,Y,Y,N
DartSass,Sumit,,Y,Y,,,,,,P1,NA,Y,Y_NewAdd,Y,Y,N
rubygem-sys-filesystem,Jyoti,Y,,,,,,,New package built and added,P1,NA,Y,Y_NewAdd,Y,Y,N
libimobiledevice-glue,Kevin,Y,,,,,,,New package built and added,P1,NA,Y,Y_NewAdd,Y,Y,N
rubygem-puppet-resource_api,Sumit,Y,,,,,,,Not there in the original list,P1,NA,Y,PR_Created_NODNLDVER,Y,Y,N
rubygem-hocon,Sumit,Y,,,,,,,Not there in the original list,P1,NA,Y,PR_Created_NODNLDVER,Y,Y,N
rubygem-deep_merge,Sumit,Y,,,,,,,Not there in the original list,P1,NA,Y,PR_Created_NODNLDVER,Y,Y,N
hiera,Sumit,Y,,,,,,,Not there in the original list,P1,NA,Y,PR_Created_NODNLDVER,Y,Y,N
libselinux,Sumit,Y,,,,,,,"Instead of extended, it is a core package, but had to be upgraded to complete the upgrade of puppet.",P1,NA,Y,Y_NewAdd,Y,Y,N
rubygem-racc,Sumit,Y,,,,,,,New package built and added,P1,NA,Y,Y_NewAdd,Y,Y,N
rubygem-scanf,Sumit,Y,,,,,,,New package built and added,P1,NA,Y,Y_NewAdd,Y,Y,N
rubygem-test-unit-ruby-core,Sumit,Y,,,,,,,New package built and added,P1,NA,Y,Y_NewAdd,Y,Y,N
perl-Test-RandomResult,Kevin,Y,,,,,,,New package built and added,P1,NA,Y,Y_NewAdd,Y,Y,N
python-flaky,Jyoti,Y,,,,,,,New package built and added,NA,NA,Y,Y_NewAdd,Y,Y,N
python-pyproject-api,Jyoti,Y,,,,,,,New package built and added,NA,NA,Y,Y_NewAdd,Y,Y,N
python-sphinxygen,Jyoti,Y,,,,,,,New package built and added,NA,NA,Y,Y_NewAdd,Y,Y,N
zix,Jyoti,Y,,,,,,,New package built and added,NA,NA,Y,Y_NewAdd,Y,Y,N
perl-File-TreeCreate,Archana,Y,,,,,,,New package built and added,NA,NA,Y,Y_NewAdd,Y,Y,N
python-hypothesmith,Sumit,Y,,,,,,,New package built and added,,,,Y_NewAdd,Y,Y,N
llhttp,Archana,Y,,,,,,,New package built and added,,,,Y_NewAdd,Y,Y,N
xz-java,Jagadeesh,Y,,,,,,,Not New,,,,Y,Y,Y,N
NOVALIDPACKAGE,NO-DEV,,,,,,,,,,,,,,,
,,,,,,,,,,,,,,,,
,,,,,,,,,,,,,,,,
,,,,,,,,,,,,,,,,
,,,,,,,,,,,,,,,,
,,,,,a,,,,,,,,,,,
