Package,Developer,Upgrade to be done (Y/N/To be removed),Is some confirmation required (Y/N),Confirmation done  (Y/N),2.0 EXT pkg present in either SPECS or EXT of 3.0-dev (Y/N),2.0 EXT pkg present in EXT of 3.0-dev(Y/N),"Confirm if removal is deliberate (Y/N) (If N in both Column F and Column G, here we put Y.  A Y here means we must check with Microsoft if this is a deliberate removal of the package)","Moved from EXT in 2.0 to Core in 3.0-dev (Y/N) (If Y in Column F and N in Column G, then this is Y)",Remarks,"Priority (P0, P1, P2)"
CharLS,Jyoti,Override_to_Y,N,N,Y,Y,N,N,,P1
GConf2,Jyoti,,N,N,Y,Y,N,N,,P1
GeoIP,Jyoti,,N,N,Y,Y,N,N,,P1
GeoIP-GeoLite-data,Jyoti,,N,N,Y,Y,N,N,,P1
Judy,Jyoti,,N,N,Y,Y,N,N,,P1
LibRaw,Jyoti,,N,N,Y,Y,N,N,,P1
ORBit2,Jyoti,,N,N,Y,Y,N,N,,P1
OpenEXR,Jyoti,,N,N,Y,Y,N,N,,P1
PEGTL,Jyoti,Override_to_Y,N,N,Y,Y,N,N,,P1
PyGreSQL,Jyoti,,N,N,Y,Y,N,N,,P1
SDL,Jyoti,,N,N,Y,Y,N,N,,P1
SDL2,Jyoti,,N,N,Y,Y,N,N,,P1
SDL_sound,Jyoti,,N,N,Y,Y,N,N,,P1
SuperLU,Jyoti,,N,N,Y,Y,N,N,,P1
Xaw3d,Jyoti,,N,N,Y,Y,N,N,,P1
a52dec,Jyoti,,N,N,Y,Y,N,N,,P1
accountsservice,Jyoti,,N,N,Y,Y,N,N,,P1
acpid,Jyoti,,N,N,Y,Y,N,N,,P1
adcli,Jyoti,,N,N,Y,Y,N,N,,CP_batch1
adobe-mappings-cmap,Jyoti,,N,N,Y,Y,N,N,,P1
adobe-mappings-pdf,Jyoti,,N,N,Y,Y,N,N,,P1
advancecomp,Jagadeesh,,N,N,Y,Y,N,N,,P1
alsa-firmware,Jagadeesh,,N,N,Y,Y,N,N,,CP_batch1
alsa-plugins,Jagadeesh,,N,N,Y,Y,N,N,,P1
amtk,Jagadeesh,,N,N,Y,Y,N,N,,P1
amtterm,Jagadeesh,,N,N,Y,Y,N,N,,P1
annobin,Jagadeesh,,N,N,Y,N,N,Y,,P1
ansible-freeipa,Jagadeesh,,N,N,Y,Y,N,N,,P1
aopalliance,Jagadeesh,Override_to_Y,N,N,Y,Y,N,N,,P1
apache-commons-beanutils,Jagadeesh,,N,N,Y,Y,N,N,,P1
apache-commons-codec,Jagadeesh,,N,N,Y,Y,N,N,,P1
apache-commons-collections,Jagadeesh,,N,N,Y,Y,N,N,,P1
apache-commons-collections4,Jagadeesh,,N,N,Y,Y,N,N,,P1
apache-commons-compress,Jagadeesh,,N,N,Y,Y,N,N,,P1
apache-commons-daemon,Jagadeesh,,N,N,Y,Y,N,N,,CP_batch1
apache-commons-dbcp,Jagadeesh,,N,N,Y,Y,N,N,,P1
apache-commons-digester,Jagadeesh,,N,N,Y,Y,N,N,,P1
apache-commons-httpclient,Jagadeesh,,N,N,Y,Y,N,N,,P1
apache-commons-io,Jagadeesh,,N,N,Y,Y,N,N,,P1
apache-commons-jexl,Jagadeesh,,N,N,Y,Y,N,N,,P1
apache-commons-lang,Jagadeesh,,N,N,Y,Y,N,N,,CP_batch1
apache-commons-net,Jagadeesh,,N,N,Y,Y,N,N,,P1
apache-commons-pool,Jagadeesh,,N,N,Y,Y,N,N,,P1
apache-commons-pool2,Jagadeesh,,N,N,Y,Y,N,N,,P1
apache-commons-validator,Jagadeesh,,N,N,Y,Y,N,N,,P1
apache-commons-vfs2,Jagadeesh,,N,N,Y,Y,N,N,,P1
apache-parent,Jagadeesh,,N,N,Y,Y,N,N,,P1
argparse-manpage,Kevin,,N,N,N,N,Y,N,has been rename to python-argparse-manpage,P1
args4j,Kevin,,N,N,Y,Y,N,N,,P1
arptables,Kevin,,N,N,Y,Y,N,N,,P1
arpwatch,Kevin,,N,N,Y,Y,N,N,,P1
asio,Kevin,,N,N,Y,Y,N,N,,P1
aspell-en,Kevin,,N,N,Y,Y,N,N,,P0
audiofile,Kevin,,N,N,Y,Y,N,N,,P1
authselect,Kevin,,N,N,Y,Y,N,N,,P1
babeltrace,Kevin,,N,N,Y,Y,N,N,,P1
babl,Kevin,,N,N,Y,Y,N,N,,P1
baekmuk-ttf-fonts,Kevin,,N,N,Y,Y,N,N,,P1
base64coder,Kevin,,N,N,Y,Y,N,N,,P1
bats,Kevin,,N,N,Y,Y,N,N,,P1
bcache-tools,Kevin,,N,N,Y,Y,N,N,,P1
bcel,Kevin,,N,N,Y,Y,N,N,,P1
bea-stax,Kevin,,N,N,Y,Y,N,N,,P1
beust-jcommander,Kevin,,N,N,Y,Y,N,N,,P1
biosdevname,Kevin,,N,N,Y,Y,N,N,,P1
blosc,Kevin,,N,N,Y,Y,N,N,,CP_batch1
bogofilter,Kevin,,N,N,N,N,Y,N,,P1
bolt,Akarsh,,N,N,Y,Y,N,N,,CP_batch1
boom-boot,Akarsh,,N,N,Y,Y,N,N,,P1
booth,Akarsh,,N,N,Y,Y,N,N,,P1
botan2,Akarsh,,N,N,Y,Y,N,N,,P1
breezy,Akarsh,,N,N,Y,Y,N,N,,P1
bsf,Akarsh,,N,N,Y,Y,N,N,,P1
buildah,Akarsh,,N,N,Y,Y,N,N,,P1
bwidget,Akarsh,Override_to_Y,N,N,Y,Y,N,N,,P1
cachefilesd,Akarsh,,N,N,Y,Y,N,N,,P1
cairomm,Akarsh,,N,N,Y,Y,N,N,,P1
capstone,Akarsh,,N,N,Y,Y,N,N,,P1
cassandra,Akarsh,,N,N,Y,Y,N,N,,P1
catatonit,Akarsh,,N,N,Y,Y,N,N,,P1
cdparanoia,Sumit,,N,N,Y,Y,N,N,,CP_batch1
cdrdao,Akarsh,,N,N,Y,Y,N,N,,P1
celt051,Akarsh,,N,N,Y,Y,N,N,,P1
certmonger,Akarsh,,N,N,Y,Y,N,N,,P1
cfitsio,Akarsh,,N,N,Y,Y,N,N,,CP_batch1
cgdcbxd,Akarsh,,N,N,Y,Y,N,N,,P1
cglib,Akarsh,,N,N,Y,Y,N,N,,P1
chan,Neeraj,,N,N,Y,Y,N,N,,P1
cim-schema,Akarsh,,N,N,Y,Y,N,N,,P0
cjkuni-uming-fonts,Neeraj,N,Y,Y,Y,Y,N,N,Since the package is inactive upstream we won't upgrade it,P1
cjose,Akarsh,,N,N,Y,Y,N,N,,P0
cldr-emoji-annotation,Akarsh,,Y,N,Y,Y,N,N,,P0
clucene,Sumit,Override_to_Y,N,N,Y,Y,N,N,clucene wasn't building.  Fixed it's build.,P1
clutter,Archana,,N,N,Y,Y,N,N,,P1
clutter-gst3,Archana,,N,N,Y,Y,N,N,,P1
clutter-gtk,Archana,,N,N,Y,Y,N,N,,P1
cmake-fedora,Jyoti,,N,N,Y,Y,N,N,,P1
cogl,Archana,,N,N,Y,Y,N,N,,P1
colorize,Archana,,N,N,Y,Y,N,N,,P1
compat-lua,Archana,,N,N,Y,Y,N,N,,P1
console-setup,Akarsh,,N,N,Y,Y,N,N,,P0
container-exception-logger,Archana,,N,N,Y,Y,N,N,,P1
containernetworking-plugins,Archana,,N,N,Y,Y,N,N,,P1
convmv,Archana,,N,N,Y,Y,N,N,,P1
corosync,Akhila,,N,N,Y,Y,N,N,,New P0
corosync-qdevice,Akhila,,N,N,Y,Y,N,N,,New P0
cppcheck,Archana,,N,N,Y,Y,N,N,,P1
cpptest,Archana,,N,N,Y,Y,N,N,,P1
cpuid,Akarsh,,N,N,Y,Y,N,N,,P0
crash-ptdump-command,Sreenivasulu,,N,N,Y,Y,N,N,,P1
criu,Sreenivasulu,,N,N,Y,Y,N,N,,P1
crypto-policies,Sreenivasulu,,N,N,Y,Y,N,N,,P1
cscope,Sreenivasulu,,N,N,Y,Y,N,N,,P1
custodia,Sreenivasulu,,N,N,Y,Y,N,N,,P1
dbus-c++,Sreenivasulu,,N,N,Y,Y,N,N,,P1
dbxtool,Sreenivasulu,,N,N,Y,Y,N,N,,CP_batch1
dcraw,Sreenivasulu,,N,N,Y,Y,N,N,,P1
deltarpm,Sreenivasulu,,N,N,Y,Y,N,N,,P1
delve,Sreenivasulu,,N,N,Y,Y,N,N,,P1
device-mapper-persistent-data,Sreenivasulu,,N,N,Y,Y,N,N,,P1
diffstat,Sreenivasulu,,N,N,Y,Y,N,N,,P1
discount,Sreenivasulu,,N,N,Y,Y,N,N,,P1
distribution-gpg-keys,Kevin,,N,N,Y,N,N,Y,,P1
dleyna-connector-dbus,Sreenivasulu,,N,N,Y,Y,N,N,,P1
dleyna-core,Sreenivasulu,,N,N,Y,Y,N,N,,P1
dmraid,Sreenivasulu,,N,N,Y,Y,N,N,,P1
docbook-simple,Sreenivasulu,,N,N,Y,Y,N,N,,P1
docbook-slides,Sreenivasulu,,N,N,Y,Y,N,N,,P1
docbook-utils,Sreenivasulu,,N,N,Y,Y,N,N,,P1
docbook5-style-xsl,Sreenivasulu,,N,N,Y,Y,N,N,,P1
dogtail,Sumit,,Y,N,Y,Y,N,N,,P1
dotconf,Sumit,,N,N,Y,Y,N,N,,P1
dovecot,Sumit,,N,N,Y,Y,N,N,,P1
dpkg,Sumit,To be removed,Y,Y,Y,Y,N,N,This package was removed after discussion.  Reason:  It is no longer in required.,P1
driverctl,Sumit,,N,N,Y,Y,N,N,,P1
dropwatch,Sumit,,N,N,Y,Y,N,N,,P1
drpm,Sumit,,N,N,Y,Y,N,N,,CP_batch1
dumpet,Sumit,,Y,N,Y,Y,N,N,,P1
dvd+rw-tools,Sumit,,N,N,Y,Y,N,N,,P1
dyninst,Sumit,,N,N,Y,Y,N,N,,P1
ecj,Sumit,Y,Y,Y,Y,Y,N,N,"proceeding with upgrade to version 4.23 as version 4.33, from the upstream doesn't have a release candidate yet",P1
edac-utils,Sumit,,N,N,Y,Y,N,N,,P1
efax,Sumit,,N,N,Y,Y,N,N,,P1
efi-rpm-macros,Sumit,Y,Y,Y,Y,Y,N,N,proceeding with upgrade to version 5 as version 6 from the upstream doesn't have a release candidate yet,CP_batch1
egl-wayland,Sumit,,N,N,Y,N,N,Y,,P1
eglexternalplatform,Sumit,,N,N,Y,N,N,Y,,P1
elinks,Sumit,,N,N,Y,Y,N,N,,P1
enca,Sumit,,N,N,Y,Y,N,N,,P1
enchant,Sumit,,Y,N,Y,Y,N,N,,P1
enscript,Sumit,,N,N,Y,Y,N,N,,P1
evemu,Sumit,,N,N,Y,Y,N,N,,P1
exempi,Jyoti,,N,N,Y,Y,N,N,,P1
exiv2,Jyoti,,N,N,Y,Y,N,N,,P1
fabtests,Jyoti,,N,N,Y,Y,N,N,,P1
facter,Jyoti,,N,N,Y,Y,N,N,,P1
fakechroot,Jyoti,,N,N,Y,Y,N,N,,P1
fapolicyd,Jyoti,,N,N,N,N,Y,N,,P1
fdk-aac-free,Jyoti,,Y,N,Y,Y,N,N,"Which upstream to use.  There are multiple upstreams.
",P1
fence-virt,Jyoti,,N,N,Y,Y,N,N,,P1
fetchmail,Jyoti,,N,N,Y,Y,N,N,,P1
fftw,Jyoti,,N,N,Y,Y,N,N,,P1
filebench,Jyoti,N,Y,Y,Y,Y,N,N,"The confirmation taken was that the alpha version ""1.5-alpha3"" available on the upstream ""https://sourceforge.net/projects/filebench/files/1.5-alpha3/filebench-1.5-alpha3.tar.gz/download"" will not be considered because it is not a GA.  

We will stick to the latest GA version available upstream, which being ""1.4.9.1"" is the same as the 3.0-dev version.  Therefore, no upgrade is required.",CP_batch1
fipscheck,Jyoti,,N,N,Y,Y,N,N,,CP_batch1
flac,Jyoti,,N,N,Y,Y,N,N,,P1
flite,Jyoti,,N,N,Y,Y,N,N,,P1
fltk,Jyoti,,N,N,Y,Y,N,N,,P1
fonts-rpm-macros,Jyoti,,N,N,Y,Y,N,N,,CP_batch1
foomatic-db,Jyoti,Override_to_Y,N,N,Y,Y,N,N,,P1
freeglut,Jyoti,,N,N,Y,N,N,Y,,P1
freeradius,Jyoti,,N,N,Y,Y,N,N,,P1
freexl,Jyoti,,N,N,Y,Y,N,N,,P1
fros,Jyoti,,N,N,Y,Y,N,N,,P1
fstrm,Jyoti,,N,N,Y,Y,N,N,,P1
fuse-overlayfs,Jyoti,,N,N,Y,Y,N,N,,P1
fuse-sshfs,Jyoti,,N,N,Y,Y,N,N,,P1
fxload,Jagadeesh,,N,N,Y,Y,N,N,,P1
gavl,Jagadeesh,,N,N,Y,Y,N,N,,P1
gconf-editor,Jagadeesh,,N,N,Y,Y,N,N,,P1
gcr,Jagadeesh,,N,N,Y,Y,N,N,,P1
gdal,Jagadeesh,,N,N,Y,Y,N,N,,P1
gdisk,Jagadeesh,,N,N,Y,Y,N,N,,P1
generic-logos,Jagadeesh,,N,N,Y,Y,N,N,,P1
genwqe-tools,Jagadeesh,,N,N,Y,Y,N,N,,P1
geoclue2,Jagadeesh,,N,N,Y,Y,N,N,,P1
geolite2,Jagadeesh,,N,N,Y,Y,N,N,,P1
geronimo-specs,Jagadeesh,,N,N,Y,Y,N,N,,P1
ghc-srpm-macros,Jagadeesh,,N,N,Y,Y,N,N,,P1
gl-manpages,Jagadeesh,,N,N,Y,Y,N,N,,P1
glassfish-annotation-api,Jagadeesh,,N,N,Y,Y,N,N,,CP_batch1
glew,Jagadeesh,,N,N,Y,Y,N,N,,CP_batch1
glm,Jagadeesh,,N,N,Y,Y,N,N,,P1
gnome-desktop-testing,Jagadeesh,,N,N,Y,Y,N,N,,P1
gnome-doc-utils,Jagadeesh,,N,N,Y,Y,N,N,,P1
gnome-icon-theme,Jagadeesh,,N,N,Y,Y,N,N,,P1
gnome-keyring,Jagadeesh,,N,N,Y,Y,N,N,,P1
gnu-getopt,Jagadeesh,,N,N,Y,Y,N,N,,P1
gnu-regexp,Jagadeesh,,N,N,Y,Y,N,N,,P1
go-rpm-macros,Jagadeesh,,N,N,Y,Y,N,N,,CP_batch1
gom,Jagadeesh,,N,N,Y,Y,N,N,,P1
google-api-python-client,Jagadeesh,,N,N,Y,Y,N,N,,CP_batch1
google-crosextra-caladea-fonts,Jagadeesh,,N,N,Y,Y,N,N,,P1
google-crosextra-carlito-fonts,Jagadeesh,,N,N,Y,Y,N,N,,P1
google-noto-cjk-fonts,Jagadeesh,,N,N,Y,Y,N,N,,P1
google-noto-emoji-fonts,Jagadeesh,,N,N,Y,Y,N,N,,P1
gphoto2,Kevin,Y,Y,Y,Y,Y,N,N,Last patched in Oct 2021,P1
gpm,Kevin,,N,N,Y,Y,N,N,,P1
gpsbabel,Kevin,,N,N,Y,Y,N,N,,P1
graphene,Kevin,Y,Y,Y,Y,Y,N,N,Last patched in Mar 2022,P1
graphite2,Kevin,,N,N,Y,Y,N,N,,P1
gsl,Kevin,,N,N,Y,Y,N,N,,P1
gspell,Kevin,,N,N,Y,Y,N,N,,P1
gssdp,Kevin,Y,Y,Y,Y,Y,N,N,Last patched in Jan 2023,P1
gssntlmssp,Kevin,,N,N,Y,Y,N,N,,P1
gstreamer1,Kevin,,N,N,Y,Y,N,N,,P1
gstreamer1-plugins-base,Kevin,,N,N,Y,Y,N,N,,P1
gtk-vnc,Kevin,Y,Y,Y,Y,Y,N,N,Last imported in Mar 2023,P1
gtkspell,Kevin,,N,N,Y,Y,N,N,,P1
guava20,Kevin,To be removed,Y,Y,Y,Y,N,N,Remove guava20.  Note that guava is available in core (SPECS) at version 33.0.0-1.,CP_batch1
gupnp,Kevin,Y,Y,Y,Y,Y,N,N,Last imported in Feb 2023,P1
gupnp-av,Kevin,,N,N,Y,Y,N,N,,P1
gupnp-dlna,Kevin,,N,N,Y,Y,N,N,,P1
gupnp-igd,Kevin,,N,N,Y,Y,N,N,,P1
hawtjni-runtime,Kevin,Y,Y,Y,Y,Y,N,N,Last work Oct 2021,P1
hdf,Kevin,,N,N,Y,Y,N,N,,CP_batch1
highlight,Kevin,,N,N,Y,Y,N,N,,P1
hping3,Kevin,,N,N,Y,Y,N,N,,P1
hsakmt,Kevin,,N,N,Y,Y,N,N,,P1
httpcomponents-core,Kevin,,N,N,Y,Y,N,N,,P1
hunspell-af,Neeraj,,N,N,Y,Y,N,N,,P1
hunspell-ar,Neeraj,,N,N,Y,Y,N,N,,P1
hunspell-as,Neeraj,,N,N,Y,Y,N,N,,P1
hunspell-ast,Neeraj,,N,N,Y,Y,N,N,,P1
hunspell-az,Akarsh,,N,N,Y,Y,N,N,,P0
hunspell-be,Neeraj,,N,N,Y,Y,N,N,,P1
hunspell-bg,Neeraj,,N,N,Y,Y,N,N,,P1
hunspell-bn,Neeraj,,N,N,Y,Y,N,N,,P1
hunspell-br,Neeraj,,N,N,Y,Y,N,N,,P1
hunspell-ca,Akarsh,,N,N,Y,Y,N,N,,P0
hunspell-cop,Neeraj,,N,N,Y,Y,N,N,,P1
hunspell-csb,Akarsh,,N,N,Y,Y,N,N,,P0
hunspell-cv,Neeraj,,N,N,Y,Y,N,N,,P1
hunspell-cy,Neeraj,,N,N,Y,Y,N,N,,P1
hunspell-da,Neeraj,,N,N,Y,Y,N,N,,P1
hunspell-de,Akarsh,,N,N,Y,Y,N,N,,P0
hunspell-dsb,Neeraj,,N,N,Y,Y,N,N,,P1
hunspell-el,Neeraj,,N,N,Y,Y,N,N,,P1
hunspell-eo,Neeraj,,N,N,Y,Y,N,N,,P1
hunspell-es,Akarsh,,N,N,Y,Y,N,N,,P0
hunspell-et,Neeraj,,N,N,Y,Y,N,N,,P1
hunspell-eu,Akarsh,,N,N,Y,Y,N,N,,P0
hunspell-fa,Neeraj,,N,N,Y,Y,N,N,,P1
hunspell-fj,Neeraj,,N,N,Y,Y,N,N,,P1
hunspell-fo,Neeraj,,N,N,Y,Y,N,N,,P1
hunspell-fr,Neeraj,,N,N,Y,Y,N,N,,P1
hunspell-fur,Neeraj,,N,N,Y,Y,N,N,,P1
hunspell-fy,Neeraj,,N,N,Y,Y,N,N,,P1
hunspell-ga,Akarsh,,N,N,Y,Y,N,N,,P0
hunspell-gd,Neeraj,,N,N,Y,Y,N,N,,P1
hunspell-gl,Neeraj,,N,N,Y,Y,N,N,,P1
hunspell-grc,Neeraj,,N,N,Y,Y,N,N,,P1
hunspell-gu,Neeraj,,N,N,Y,Y,N,N,,P1
hunspell-gv,Neeraj,,N,N,Y,Y,N,N,,P1
hunspell-haw,Neeraj,,N,N,Y,Y,N,N,,P1
hunspell-hi,Neeraj,,N,N,Y,Y,N,N,,P1
hunspell-hil,Neeraj,,N,N,Y,Y,N,N,,P1
hunspell-hr,Neeraj,,N,N,Y,Y,N,N,,P1
hunspell-hsb,Neeraj,,N,N,Y,Y,N,N,,P1
hunspell-ht,Neeraj,,N,N,Y,Y,N,N,,P1
hunspell-hu,Neeraj,,N,N,Y,Y,N,N,,P1
hunspell-hy,Neeraj,,N,N,Y,Y,N,N,,P1
hunspell-ia,Neeraj,,N,N,Y,Y,N,N,,P1
hunspell-id,Neeraj,,N,N,Y,Y,N,N,,P1
hunspell-is,Neeraj,,N,N,Y,Y,N,N,,P1
hunspell-it,Akarsh,,N,N,Y,Y,N,N,,P0
hunspell-kk,Neeraj,,N,N,Y,Y,N,N,,P1
hunspell-km,Neeraj,,N,N,Y,Y,N,N,,P1
hunspell-kn,Neeraj,,N,N,Y,Y,N,N,,P1
hunspell-ko,Neeraj,,N,N,Y,Y,N,N,,P1
hunspell-ku,Neeraj,,N,N,Y,Y,N,N,,P1
hunspell-ky,Neeraj,,N,N,Y,Y,N,N,,P1
hunspell-la,Neeraj,,N,N,Y,Y,N,N,,P1
hunspell-lb,Neeraj,,N,N,Y,Y,N,N,,P1
hunspell-ln,Neeraj,,N,N,Y,Y,N,N,,P1
hunspell-mai,Neeraj,,N,N,Y,Y,N,N,,P1
hunspell-mg,Neeraj,,N,N,Y,Y,N,N,,P1
hunspell-mi,Neeraj,,N,N,Y,Y,N,N,,P1
hunspell-mk,Neeraj,,N,N,Y,Y,N,N,,P1
hunspell-ml,Neeraj,,N,N,Y,Y,N,N,,P1
hunspell-mn,Neeraj,,N,N,Y,Y,N,N,,P1
hunspell-mos,Neeraj,,N,N,Y,Y,N,N,,P1
hunspell-mr,Akarsh,,N,N,Y,Y,N,N,,P0
hunspell-ms,Neeraj,,N,N,Y,Y,N,N,,P1
hunspell-mt,Neeraj,,N,N,Y,Y,N,N,,P1
hunspell-nds,Neeraj,,N,N,Y,Y,N,N,,P1
hunspell-ne,Neeraj,,N,N,Y,Y,N,N,,P1
hunspell-nl,Akarsh,,N,N,Y,Y,N,N,,P0
hunspell-no,Neeraj,,N,N,Y,Y,N,N,,P1
hunspell-nr,Neeraj,,N,N,Y,Y,N,N,,P1
hunspell-nso,Neeraj,,N,N,Y,Y,N,N,,P1
hunspell-ny,Neeraj,,N,N,Y,Y,N,N,,P1
hunspell-om,Neeraj,,N,N,Y,Y,N,N,,P1
hunspell-or,Neeraj,,N,N,Y,Y,N,N,,P1
hunspell-pa,Neeraj,,N,N,Y,Y,N,N,,P1
hunspell-pl,Akarsh,,N,N,Y,Y,N,N,,P0
hunspell-pt,Akarsh,,N,N,Y,Y,N,N,,P0
hunspell-quh,Neeraj,,N,N,Y,Y,N,N,,P1
hunspell-ro,Akarsh,,N,N,Y,Y,N,N,,P0
hunspell-ru,Neeraj,,N,N,Y,Y,N,N,,P1
hunspell-rw,Neeraj,,N,N,Y,Y,N,N,,P1
hunspell-se,Neeraj,,N,N,Y,Y,N,N,,P1
hunspell-shs,Neeraj,,N,N,Y,Y,N,N,,P1
hunspell-si,Neeraj,,N,N,Y,Y,N,N,,P1
hunspell-sk,Neeraj,,N,N,Y,Y,N,N,,P1
hunspell-sl,Neeraj,,N,N,Y,Y,N,N,,P1
hunspell-smj,Neeraj,,N,N,Y,Y,N,N,,P1
hunspell-so,Neeraj,,N,N,Y,Y,N,N,,P1
hunspell-sq,Neeraj,,N,N,Y,Y,N,N,,P1
hunspell-sr,Neeraj,,N,N,Y,Y,N,N,,P1
hunspell-sv,Neeraj,,N,N,Y,Y,N,N,,P1
hunspell-sw,Neeraj,,N,N,Y,Y,N,N,,P1
hunspell-ta,Neeraj,,N,N,Y,Y,N,N,,P1
hunspell-te,Neeraj,,N,N,Y,Y,N,N,,P1
hunspell-tet,Neeraj,,N,N,Y,Y,N,N,,P1
hunspell-th,Neeraj,,N,N,Y,Y,N,N,,P1
hunspell-tk,Neeraj,,N,N,Y,Y,N,N,,P1
hunspell-tl,Neeraj,,N,N,Y,Y,N,N,,P1
hunspell-tn,Neeraj,,N,N,Y,Y,N,N,,P1
hunspell-tpi,Neeraj,,N,N,Y,Y,N,N,,P1
hunspell-ts,Neeraj,,N,N,Y,Y,N,N,,P1
hunspell-uk,Neeraj,,N,N,Y,Y,N,N,,P1
hunspell-uz,Neeraj,,N,N,Y,Y,N,N,,P1
hunspell-ve,Neeraj,,N,N,Y,Y,N,N,,P1
hunspell-vi,Neeraj,,N,N,Y,Y,N,N,,P1
hunspell-wa,Neeraj,,N,N,Y,Y,N,N,,P1
hunspell-xh,Neeraj,,N,N,Y,Y,N,N,,P1
hunspell-yi,Neeraj,,N,N,Y,Y,N,N,,P1
hyphen,Sreenivasulu,,N,N,Y,Y,N,N,,P1
hyphen-as,Sreenivasulu,,N,N,Y,Y,N,N,,P1
hyphen-bg,Sreenivasulu,,N,N,Y,Y,N,N,,P1
hyphen-bn,Sreenivasulu,,N,N,Y,Y,N,N,,P1
hyphen-ca,Sreenivasulu,,N,N,Y,Y,N,N,,P1
hyphen-da,Sreenivasulu,,N,N,Y,Y,N,N,,P1
hyphen-de,Sreenivasulu,,N,N,Y,Y,N,N,,P1
hyphen-el,Sreenivasulu,,N,N,Y,Y,N,N,,P1
hyphen-es,Sreenivasulu,,N,N,Y,Y,N,N,,P1
hyphen-fa,Sreenivasulu,,N,N,Y,Y,N,N,,P1
hyphen-fo,Sreenivasulu,,N,N,Y,Y,N,N,,P1
hyphen-fr,Sreenivasulu,,N,N,Y,Y,N,N,,P1
hyphen-ga,Sreenivasulu,,N,N,Y,Y,N,N,,P1
hyphen-gl,Sreenivasulu,,N,N,Y,Y,N,N,,P1
hyphen-grc,Sreenivasulu,,N,N,Y,Y,N,N,,P1
hyphen-gu,Sreenivasulu,,N,N,Y,Y,N,N,,P1
hyphen-hi,Sreenivasulu,,N,N,Y,Y,N,N,,P1
hyphen-hsb,Sreenivasulu,,N,N,Y,Y,N,N,,P1
hyphen-hu,Sreenivasulu,,N,N,Y,Y,N,N,,P1
hyphen-ia,Sreenivasulu,,N,N,Y,Y,N,N,,P1
hyphen-id,Sreenivasulu,,N,N,Y,Y,N,N,,P1
hyphen-is,Sreenivasulu,,N,N,Y,Y,N,N,,P1
hyphen-it,Sreenivasulu,,N,N,Y,Y,N,N,,P1
hyphen-kn,Sreenivasulu,,N,N,Y,Y,N,N,,P1
hyphen-ku,Sreenivasulu,,N,N,Y,Y,N,N,,P1
hyphen-lt,Sreenivasulu,,N,N,Y,Y,N,N,,P1
hyphen-mi,Sreenivasulu,,N,N,Y,Y,N,N,,P1
hyphen-ml,Sreenivasulu,,N,N,Y,Y,N,N,,P1
hyphen-mn,Sreenivasulu,,N,N,Y,Y,N,N,,P1
hyphen-mr,Sreenivasulu,,N,N,Y,Y,N,N,,P1
hyphen-nl,Sreenivasulu,,N,N,Y,Y,N,N,,P1
hyphen-or,Sreenivasulu,,N,N,Y,Y,N,N,,P1
hyphen-pa,Sreenivasulu,,N,N,Y,Y,N,N,,P1
hyphen-pl,Sreenivasulu,,N,N,Y,Y,N,N,,P1
hyphen-pt,Sreenivasulu,,N,N,Y,Y,N,N,,P1
hyphen-ro,Sreenivasulu,,N,N,Y,Y,N,N,,P1
hyphen-ru,Sreenivasulu,,N,N,Y,Y,N,N,,P1
hyphen-sa,Sreenivasulu,,N,N,Y,Y,N,N,,P1
hyphen-sk,Sreenivasulu,,N,N,Y,Y,N,N,,P1
hyphen-sl,Sreenivasulu,,N,N,Y,Y,N,N,,P1
hyphen-sv,Sreenivasulu,,N,N,Y,Y,N,N,,P1
hyphen-ta,Sreenivasulu,,N,N,Y,Y,N,N,,P1
hyphen-te,Sreenivasulu,,N,N,Y,Y,N,N,,P1
hyphen-tk,Sreenivasulu,,N,N,Y,Y,N,N,,P1
hyphen-uk,Sreenivasulu,,N,N,Y,Y,N,N,,P1
ibus,Sumit,,Y,Y,Y,Y,N,N,It was decided that the latest upstream version 1.5.31-beta2 as seen in Fedora sources will be what we upgrade to.,P1
ibus-chewing,Sumit,,N,N,Y,Y,N,N,,P1
ibus-hangul,Sumit,,N,N,Y,Y,N,N,,P1
ibus-kkc,Sumit,,N,N,Y,Y,N,N,,P1
ibus-libzhuyin,Sumit,,N,N,Y,Y,N,N,,P1
ibus-m17n,Sumit,,N,N,Y,Y,N,N,,P1
ibus-rawcode,Sumit,,N,N,Y,Y,N,N,,P1
ibus-sayura,Sumit,,N,N,Y,Y,N,N,,P1
ibus-table,Sumit,,N,N,Y,Y,N,N,,P1
ibus-table-chinese,Sumit,,N,N,Y,Y,N,N,,P1
icc-profiles-openicc,Sumit,,N,N,Y,Y,N,N,,P1
icon-naming-utils,Sumit,,N,N,Y,Y,N,N,,P1
iftop,Sumit,,N,N,Y,Y,N,N,,P1
iio-sensor-proxy,Sumit,,N,N,Y,Y,N,N,,P1
ilmbase,Sumit,,Y,N,Y,Y,N,N,,P1
imaptest,Sumit,,N,N,Y,Y,N,N,,P1
indent,Sumit,,N,N,Y,Y,N,N,,P1
iniparser,Sumit,,N,N,Y,N,N,Y,,P1
intel-cmt-cat,Sumit,,N,N,Y,Y,N,N,,CP_batch1
ioping,Sumit,,N,N,Y,Y,N,N,,P1
ipa-pgothic-fonts,Sumit,,N,N,Y,Y,N,N,,P1
ipcalc,Sumit,,N,N,Y,Y,N,N,,P1
iprutils,Sumit,,N,N,Y,Y,N,N,,P1
iptstate,Sumit,,N,N,Y,Y,N,N,,P1
irssi,Sumit,,N,N,Y,Y,N,N,,P1
iso-codes,Akarsh,,N,N,Y,Y,N,N,,P1
isomd5sum,Akarsh,,N,N,Y,Y,N,N,,CP_batch1
iwd,Sumit,,N,N,Y,Y,N,N,,CP_batch1
jabberpy,Akarsh,,N,N,Y,Y,N,N,,P1
jakarta-taglibs-standard,Akarsh,,N,N,Y,Y,N,N,,P1
jansi,Akarsh,,N,N,Y,Y,N,N,,P1
jarjar,Akarsh,,N,N,Y,Y,N,N,,P1
javacc,Akarsh,,N,N,Y,Y,N,N,,P1
javacc-bootstrap,Akarsh,,N,N,Y,Y,N,N,,P1
jbigkit,Akarsh,,N,N,Y,Y,N,N,,P1
jboss-interceptors,Akarsh,,N,N,Y,Y,N,N,,P1
jdepend,Akarsh,,N,N,Y,Y,N,N,,P1
jdom2,Akarsh,,N,N,Y,Y,N,N,,P1
jfsutils,Akarsh,,N,N,Y,Y,N,N,,P1
jimtcl,Akarsh,,N,N,Y,Y,N,N,,P1
jlex,Sumit,,N,N,Y,Y,N,N,,CP_batch1
jline,Akarsh,,N,N,Y,Y,N,N,,P1
jose,Akarsh,,N,N,Y,Y,N,N,,P0
js-jquery,Akarsh,,N,N,Y,Y,N,N,,P1
jsch,Akarsh,,N,N,Y,Y,N,N,,P1
jsoncpp,Sumit,,N,N,Y,Y,N,N,,CP_batch1
jsoup,Akarsh,,N,N,Y,Y,N,N,,P1
jtidy,Akarsh,,N,N,Y,Y,N,N,,P1
junitperf,Akarsh,,N,N,Y,Y,N,N,,CP_batch1
jzlib,Akarsh,,N,N,Y,Y,N,N,,P1
kde-filesystem,Aninda,,N,N,Y,Y,N,N,,P0
kernel-rt,Aninda,,N,N,Y,Y,N,N,,P1
keybinder3,Aninda,,N,N,Y,Y,N,N,,P1
keycloak-httpd-client-install,Aninda,,N,N,Y,Y,N,N,,CP_batch1
kronosnet,Aninda,,N,N,Y,Y,N,N,,P1
kyotocabinet,Aninda,,N,N,Y,Y,N,N,,P1
ladspa,Aninda,,N,N,Y,Y,N,N,,P1
lame,Aninda,,N,N,Y,Y,N,N,,P1
langtable,Aninda,,N,N,Y,Y,N,N,,P1
lasso,Aninda,,N,N,Y,Y,N,N,,CP_batch1
latencytop,Aninda,,N,N,Y,Y,N,N,,P1
lcov,Aninda,,N,N,Y,Y,N,N,,P1
ledmon,Aninda,,N,N,Y,Y,N,N,,CP_batch1
lensfun,Aninda,,N,N,Y,Y,N,N,,CP_batch1
lftp,Aninda,,N,N,Y,Y,N,N,,P1
libEMF,Aninda,,N,N,Y,Y,N,N,,P1
libIDL,Aninda,,N,N,Y,Y,N,N,,P1
libXScrnSaver,Aninda,,N,N,Y,Y,N,N,,P0
libXres,Aninda,,N,N,Y,N,N,Y,,P1
libXv,Aninda,,N,N,Y,N,N,Y,,P1
libabw,Aninda,,N,N,Y,Y,N,N,,P1
libao,Aninda,,N,N,Y,Y,N,N,,P1
libappstream-glib,Aninda,,N,N,Y,Y,N,N,,P1
libart_lgpl,Aninda,,N,N,Y,Y,N,N,,P1
libasyncns,Aninda,,N,N,Y,Y,N,N,,P1
libavc1394,Jyoti,,N,N,Y,Y,N,N,,P1
libblockdev,Jyoti,,N,N,Y,Y,N,N,,P1
libbsd,Jyoti,,N,N,Y,Y,N,N,,P1
libbytesize,Jyoti,,N,N,Y,Y,N,N,,P1
libcanberra,Jyoti,,N,N,Y,Y,N,N,,P1
libcdio,Jyoti,,N,N,Y,Y,N,N,,P1
libcdio-paranoia,Jyoti,,N,N,Y,Y,N,N,,P1
libcdr,Jyoti,,N,N,Y,Y,N,N,,P1
libchewing,Jyoti,,N,N,Y,Y,N,N,,P1
libcli,Jyoti,,N,N,Y,Y,N,N,,P1
libcmis,Jyoti,,N,N,Y,Y,N,N,,P1
libcmpiutil,Jyoti,,N,N,Y,Y,N,N,,P1
libcroco,Jyoti,,N,N,Y,Y,N,N,,P1
libdap,Jyoti,,N,N,Y,Y,N,N,,P1
libdatrie,Jyoti,,N,N,Y,Y,N,N,,P1
libdazzle,Jyoti,,N,N,Y,Y,N,N,,P1
libdbi,Jyoti,,N,N,Y,Y,N,N,,P1
libdbi-drivers,Jyoti,,N,N,N,N,Y,N,,P1
libdbusmenu,Jyoti,,N,N,Y,Y,N,N,,P1
libdc1394,Jyoti,,N,N,Y,Y,N,N,,P1
libdeflate,Jyoti,,N,N,Y,Y,N,N,,P1
libdmx,Jyoti,,N,N,Y,Y,N,N,,P1
libdvdnav,Jyoti,,N,N,Y,Y,N,N,,P1
libdvdread,Jyoti,,N,N,Y,Y,N,N,,P1
libeasyfc,Jyoti,,N,N,Y,Y,N,N,,P0
libecap,Jagadeesh,,N,N,Y,Y,N,N,,P1
libecb,Jagadeesh,,N,N,Y,Y,N,N,,P1
libeot,Jagadeesh,,N,N,Y,Y,N,N,,P1
libepubgen,Jagadeesh,,N,N,Y,Y,N,N,,P1
libesmtp,Jagadeesh,,N,N,Y,Y,N,N,,P1
libetonyek,Jagadeesh,,N,N,Y,Y,N,N,,P1
libexttextcat,Jagadeesh,,N,N,Y,Y,N,N,,P1
libfreehand,Jagadeesh,,N,N,Y,Y,N,N,,P1
libftdi,Jagadeesh,,N,N,Y,Y,N,N,,CP_batch1
libgadu,Jagadeesh,,N,N,Y,Y,N,N,,P1
libgdither,Jagadeesh,,N,N,Y,Y,N,N,,P1
libgee,Jagadeesh,,N,N,Y,Y,N,N,,P1
libgee06,Jagadeesh,,N,N,Y,Y,N,N,,P1
libgeotiff,Jagadeesh,,N,N,Y,Y,N,N,,P1
libgexiv2,Jagadeesh,,N,N,Y,Y,N,N,,P1
libgit2-glib,Jagadeesh,,N,N,Y,Y,N,N,,P1
libglade2,Jagadeesh,,N,N,Y,Y,N,N,,P1
libgovirt,Jagadeesh,,N,N,Y,Y,N,N,,P1
libgphoto2,Kevin,,N,N,Y,Y,N,N,,CP_batch1
libgsf,Jagadeesh,,N,N,Y,Y,N,N,,P1
libgta,Jagadeesh,,N,N,Y,Y,N,N,,P1
libgxps,Jagadeesh,,N,N,Y,Y,N,N,,P1
libhangul,Jagadeesh,,N,N,Y,Y,N,N,,P1
libibcommon,Jagadeesh,,N,N,Y,Y,N,N,,P1
libicns,Jagadeesh,,N,N,Y,Y,N,N,,P1
libid3tag,Jagadeesh,,N,N,Y,Y,N,N,,P1
libidn2,Kevin,,N,N,Y,N,N,Y,,P1
libiec61883,Kevin,,N,N,Y,Y,N,N,,P1
libieee1284,Kevin,,N,N,Y,Y,N,N,,P1
libimobiledevice,Kevin,,N,N,Y,Y,N,N,,P1
libindicator,Kevin,,N,N,Y,Y,N,N,,P1
libiodbc,Kevin,,N,N,Y,Y,N,N,,P1
libipt,Kevin,,N,N,Y,Y,N,N,,CP_batch1
libiptcdata,Kevin,,N,N,Y,Y,N,N,,P1
libjcat,Kevin,,N,N,Y,Y,N,N,,P1
libkeepalive,Kevin,,N,N,Y,Y,N,N,,P1
libkkc,Kevin,,N,N,Y,Y,N,N,,P1
libkkc-data,Kevin,,N,N,Y,Y,N,N,,P1
libkml,Kevin,,N,N,Y,Y,N,N,,P1
liblangtag,Kevin,,N,N,Y,Y,N,N,,P1
libldb,Kevin,,N,N,Y,Y,N,N,,P1
liblerc,Kevin,,N,N,Y,Y,N,N,,P1
liblockfile,Kevin,,N,N,Y,Y,N,N,,P1
liblouis,Kevin,,N,N,Y,Y,N,N,,P1
liblqr,Kevin,,N,N,Y,Y,N,N,,P1
libmad,Kevin,,N,N,Y,Y,N,N,,P1
libmediaart,Kevin,,N,N,Y,Y,N,N,,P1
libmicrohttpd,Kevin,,N,N,Y,N,N,Y,,P1
libmikmod,Kevin,,N,N,Y,Y,N,N,,P1
libmodman,Kevin,,N,N,Y,Y,N,N,,P1
libmodplug,Kevin,,N,N,Y,Y,N,N,,P1
libmodulemd1,Akarsh,,N,N,Y,Y,N,N,,P1
libmpcdec,Akarsh,,N,N,Y,Y,N,N,,P1
libmspub,Akarsh,,N,N,Y,Y,N,N,,P1
libmtp,Akarsh,,N,N,Y,Y,N,N,,P1
libmusicbrainz5,Akarsh,,N,N,Y,Y,N,N,,P1
libmwaw,Akarsh,,N,N,Y,Y,N,N,,P1
libnet,Akarsh,,N,N,Y,Y,N,N,,P1
libntlm,Akarsh,,N,N,Y,Y,N,N,,P1
libnumbertext,Akarsh,,N,N,Y,Y,N,N,,P1
liboauth,Akarsh,,N,N,Y,Y,N,N,,P1
libodfgen,Akarsh,,N,N,Y,Y,N,N,,P1
libofa,Akarsh,,N,N,Y,Y,N,N,,P1
libogg,Akarsh,,N,N,Y,Y,N,N,,P1
liboggz,Akarsh,,N,N,Y,Y,N,N,,P1
liboil,Akarsh,,N,N,Y,Y,N,N,,P1
libomxil-bellagio,Akarsh,,N,N,Y,Y,N,N,,P1
libopenraw,Akarsh,,N,N,Y,Y,N,N,,P1
liboping,Akarsh,,N,N,Y,Y,N,N,,P1
libosinfo,Akarsh,,N,N,Y,Y,N,N,,P1
libotf,Akarsh,,N,N,Y,Y,N,N,,P1
libotr,Sumit,Override_to_Y,N,N,Y,Y,N,N,,P1
libpagemaker,Akarsh,,N,N,Y,Y,N,N,,P1
libpaper,Akarsh,,N,N,Y,Y,N,N,,P0
libpeas,Archana,,N,N,Y,Y,N,N,,P1
libpfm,Akarsh,,N,N,Y,Y,N,N,,P0
libpinyin,Sumit,,Y,Y,Y,Y,N,N,It was decided that the prelease version 2.9.92 available in Fedora sources will prevail over the last stable version 2.8.1,P1
libplist,Kevin,Y,N,N,Y,Y,N,N,"Instead of Sumit, Kevin picked it up first.",CP_batch1
libpmemobj-cpp,Sumit,,Y,N,Y,Y,N,N,,P1
libpng12,Sumit,,N,N,Y,Y,N,N,,P1
libpng15,Sumit,,N,N,Y,Y,N,N,,P1
libproxy,Sumit,,N,N,Y,Y,N,N,,P1
libqb,Sumit,,N,N,Y,Y,N,N,,P1
libqxp,Sumit,,N,N,Y,Y,N,N,,P1
librabbitmq,Sumit,,N,N,Y,Y,N,N,,P1
libraqm,Sumit,,N,N,Y,Y,N,N,,P1
libraw1394,Sumit,,N,N,Y,Y,N,N,,P1
libreport,Sumit,,N,N,Y,Y,N,N,,P1
librevenge,Sumit,,N,N,Y,Y,N,N,,P1
librx,Sumit,,N,N,Y,Y,N,N,,CP_batch1
libsamplerate,Sumit,,N,N,Y,Y,N,N,,P1
libsass,Sumit,,N,N,Y,Y,N,N,,P1
libsecret,Sumit,,N,N,Y,Y,N,N,,P1
libsigc++20,Sumit,,N,N,Y,Y,N,N,,CP_batch1
libsigsegv,Sumit,,N,N,Y,Y,N,N,,P1
libsmbios,Sumit,,N,N,Y,Y,N,N,,P1
libspiro,Sumit,Override_to_Y,N,N,Y,Y,N,N,,P1
libsrtp,Sumit,,N,N,Y,Y,N,N,,P1
libstaroffice,Sumit,,N,N,Y,Y,N,N,,P1
libstemmer,Sumit,,Y,N,Y,Y,N,N,,P1
libtdb,Sumit,,N,N,Y,Y,N,N,,P1
libteam,Sreenivasulu,,N,N,Y,Y,N,N,,P1
libtevent,Sreenivasulu,,N,N,Y,Y,N,N,,CP_batch1
libthai,Sreenivasulu,,N,N,Y,Y,N,N,,P1
libtheora,Sreenivasulu,,N,N,Y,Y,N,N,,P1
libtnc,Sreenivasulu,,N,N,Y,Y,N,N,,CP_batch1
libtomcrypt,Sreenivasulu,,N,N,Y,Y,N,N,,P1
libtommath,Sreenivasulu,,N,N,Y,Y,N,N,,P1
libtranslit,Sreenivasulu,,N,N,Y,Y,N,N,,P1
libucil,Sreenivasulu,,N,N,Y,Y,N,N,,P1
libunicap,Sreenivasulu,,N,N,Y,Y,N,N,,P1
libuninameslist,Sreenivasulu,,N,N,Y,Y,N,N,,P1
libusbmuxd,Kevin,Y,N,N,Y,Y,N,N,Kevin has picked up the upgrade of this package as on 30 Oct 2024.,P1
libuser,Sreenivasulu,,N,N,Y,N,N,Y,,P1
libutempter,Sreenivasulu,,N,N,Y,Y,N,N,,P1
libva,Sreenivasulu,,N,N,Y,N,N,Y,,P1
libvarlink,Sreenivasulu,,N,N,Y,Y,N,N,,P1
libvdpau,Sreenivasulu,,N,N,Y,Y,N,N,,P1
libverto,Sreenivasulu,,N,N,Y,Y,N,N,,P1
libvisio,Sreenivasulu,,N,N,Y,Y,N,N,,P1
libvisual,Sreenivasulu,,N,N,Y,Y,N,N,,P1
libvorbis,Sreenivasulu,,N,N,Y,Y,N,N,,P1
libvpx,Sreenivasulu,,N,N,Y,Y,N,N,,P1
libwnck3,Sreenivasulu,,N,N,Y,Y,N,N,,P1
libwpd,Sreenivasulu,,N,N,Y,Y,N,N,,P1
libwpe,Sreenivasulu,,N,N,Y,Y,N,N,,P1
libwpg,Aninda,,N,N,Y,Y,N,N,,P1
libwps,Aninda,,N,N,Y,Y,N,N,,P1
libwvstreams,Aninda,,N,N,Y,Y,N,N,,P1
libxklavier,Aninda,,N,N,Y,Y,N,N,,P1
libxmlb,Aninda,,N,N,Y,Y,N,N,,P1
libyami,Aninda,,N,N,Y,Y,N,N,,CP_batch1
libyubikey,Aninda,,N,N,Y,Y,N,N,,P1
libzmf,Aninda,,N,N,Y,Y,N,N,,P1
lilv,Aninda,,N,N,Y,Y,N,N,,P1
linuxconsoletools,Aninda,,N,N,Y,Y,N,N,,P1
lksctp-tools,Aninda,,N,N,Y,Y,N,N,,P0
lockdev,Aninda,,N,N,Y,Y,N,N,,P1
logwatch,Aninda,,N,N,Y,Y,N,N,,P1
lpsolve,Aninda,,N,N,Y,Y,N,N,,P0
lrzsz,Aninda,,N,N,Y,Y,N,N,,CP_batch1
lua-expat,Aninda,,N,N,Y,Y,N,N,,P1
lua-filesystem,Aninda,,N,N,Y,Y,N,N,,P1
lua-json,Aninda,,N,N,Y,Y,N,N,,P1
lua-lpeg,Aninda,,N,N,Y,Y,N,N,,P1
lua-lunit,Aninda,,N,N,Y,Y,N,N,,P1
lua-term,Aninda,,N,N,Y,Y,N,N,,P1
luksmeta,Aninda,,N,N,Y,Y,N,N,,P1
lv2,Aninda,,N,N,Y,Y,N,N,,P1
lzip,Aninda,,N,N,Y,Y,N,N,,P1
m17n-db,Aninda,,N,N,Y,Y,N,N,,P0
m17n-lib,Aninda,,N,N,Y,Y,N,N,,P1
mailx,Neeraj,,N,N,Y,Y,N,N,,P1
mallard-rng,Archana,,N,N,Y,Y,N,N,,P1
man-pages-cs,Neeraj,,N,N,Y,Y,N,N,,P1
man-pages-es,Neeraj,,N,N,Y,Y,N,N,,P1
man-pages-it,Neeraj,,N,N,Y,Y,N,N,,P1
man-pages-ja,Aninda,,N,N,Y,Y,N,N,,P0
man-pages-ko,Neeraj,,N,N,Y,Y,N,N,,P1
man-pages-pl,Neeraj,,N,N,Y,Y,N,N,,P1
man-pages-ru,Neeraj,,N,N,Y,Y,N,N,,P1
man-pages-zh-CN,Neeraj,,N,N,Y,Y,N,N,,P1
mariadb-connector-odbc,Aninda,,N,N,Y,Y,N,N,,P0
marisa,Jagadeesh,,N,N,Y,Y,N,N,,P1
maven-parent,Archana,,N,N,Y,Y,N,N,,P1
mcelog,Aninda,,N,N,Y,Y,N,N,,P0
mdds,Aninda,,N,N,Y,Y,N,N,,P0
meanwhile,Aninda,,N,N,Y,Y,N,N,,P0
mecab,Archana,,N,N,Y,Y,N,N,,P1
mecab-ipadic,Archana,,N,N,Y,Y,N,N,,P1
media-player-info,Archana,,N,N,Y,Y,N,N,,P1
memkind,Akhila,,N,N,Y,Y,N,N,,New P0
metis,Aninda,,N,N,Y,Y,N,N,,P0
microcode_ctl,Archana,,N,N,Y,Y,N,N,,CP_batch1
microdnf,Archana,,N,N,Y,Y,N,N,,P1
minicom,Akhila,,N,N,Y,Y,N,N,,New P0
minizip,Archana,,N,N,Y,Y,N,N,,P1
mksh,,,N,N,Y,Y,N,N,,
mobile-broadband-provider-info,Aninda,,N,N,Y,Y,N,N,,P0
mock,Akarsh,,N,N,Y,N,N,Y,,P1
mock-core-configs,Akarsh,,N,N,Y,N,N,Y,,P1
mod_auth_gssapi,Akarsh,,N,N,Y,Y,N,N,,P1
mod_auth_mellon,Akarsh,,N,N,Y,Y,N,N,,P1
mod_auth_openidc,Aninda,,N,N,Y,Y,N,N,,P0
mod_authnz_pam,Aninda,,N,N,Y,Y,N,N,,P0
mod_fcgid,,,N,N,Y,Y,N,N,,
mod_http2,Akhila,,N,N,Y,Y,N,N,,New P0
mod_intercept_form_submit,Aninda,,N,N,Y,Y,N,N,,P0
mod_lookup_identity,,,N,N,Y,Y,N,N,,
mod_md,Aninda,,N,N,Y,Y,N,N,,P0
mod_security,Aninda,,N,N,Y,Y,N,N,,P0
mod_security_crs,Aninda,,N,N,Y,Y,N,N,,P0
mod_wsgi,Akarsh,,N,N,Y,Y,N,N,,P1
mosh,Akarsh,,N,N,Y,Y,N,N,,CP_batch1
mpage,,,N,N,Y,Y,N,N,,
mrtg,Akarsh,,N,N,Y,Y,N,N,,CP_batch1
mt-st,Akarsh,,N,N,Y,Y,N,N,,CP_batch1
mtr,Akarsh,,N,N,Y,N,N,Y,,P1
mtx,,,N,N,Y,Y,N,N,,
mutt,Akarsh,,N,N,Y,Y,N,N,,CP_batch1
mythes,Aninda,,N,N,Y,Y,N,N,,P0
mythes-bg,,,N,N,Y,Y,N,N,,
mythes-ca,Aninda,,N,N,Y,Y,N,N,,P0
mythes-cs,,,N,N,Y,Y,N,N,,
mythes-da,,,N,N,Y,Y,N,N,,
mythes-de,Aninda,,N,N,Y,Y,N,N,,P0
mythes-el,,,N,N,Y,Y,N,N,,
mythes-en,Aninda,,N,N,Y,Y,N,N,,P1
mythes-eo,,,N,N,Y,Y,N,N,,
mythes-es,,,N,N,Y,Y,N,N,,
mythes-fr,,,N,N,Y,Y,N,N,,
mythes-ga,,,N,N,Y,Y,N,N,,
mythes-hu,,,N,N,Y,Y,N,N,,
mythes-mi,,,N,N,Y,Y,N,N,,
mythes-ne,,,N,N,Y,Y,N,N,,
mythes-nl,,,N,N,Y,Y,N,N,,
mythes-pl,,,N,N,Y,Y,N,N,,
mythes-pt,,,N,N,Y,Y,N,N,,
mythes-ro,,,N,N,Y,Y,N,N,,
mythes-ru,,,N,N,Y,Y,N,N,,
mythes-sk,,,N,N,Y,Y,N,N,,
mythes-sl,,,N,N,Y,Y,N,N,,
mythes-sv,,,N,N,Y,Y,N,N,,
mythes-uk,,,N,N,Y,Y,N,N,,
neon,Jagadeesh,,N,N,Y,Y,N,N,,P0
netcdf,Aninda,,N,N,Y,Y,N,N,,P1
netcf,,,N,N,Y,Y,N,N,,
netlabel_tools,,,N,N,Y,Y,N,N,,
netpbm,Aninda,,N,N,Y,Y,N,N,,P1
netsniff-ng,Aninda,,N,N,Y,Y,N,N,,P1
nilfs-utils,Jagadeesh,,N,N,Y,Y,N,N,,P0
nkf,,,N,N,Y,Y,N,N,,
nload,,,N,N,Y,Y,N,N,,
nmi,Aninda,,N,N,N,N,Y,N,,P1
nodejs-nodemon,Jagadeesh,,N,N,Y,Y,N,N,,P0
nodejs-packaging,Jagadeesh,,N,N,Y,Y,N,N,,P0
nss-mdns,Aninda,,N,N,Y,N,N,Y,,P1
nss-pam-ldapd,,,N,N,Y,Y,N,N,,
numatop,Jagadeesh,,N,N,Y,Y,N,N,,P0
nvmetcli,Jagadeesh,,N,N,Y,Y,N,N,,P0
objectweb-anttask,Aninda,,N,N,Y,Y,N,N,,P1
objenesis,Aninda,,N,N,Y,Y,N,N,,P1
ocaml-calendar,Jagadeesh,,N,N,Y,Y,N,N,,P0
ocaml-camlp5,Aninda,,N,N,Y,Y,N,N,,P1
ocaml-csv,Jagadeesh,,N,N,Y,Y,N,N,,P0
ocaml-curses,Jagadeesh,,N,N,Y,Y,N,N,,P0
ocaml-extlib,Jagadeesh,,N,N,Y,Y,N,N,,P0
ocaml-fpath,,,N,N,Y,Y,N,N,,
ocaml-libvirt,Jagadeesh,,N,N,Y,Y,N,N,,P0
ocaml-markup,Jagadeesh,,N,N,Y,Y,N,N,,P0
ocaml-parsexp,Aninda,,N,N,Y,N,N,Y,,P1
ocaml-sexplib,Aninda,,N,N,Y,N,N,Y,,P1
ocaml-tyxml,Jagadeesh,,N,N,Y,Y,N,N,,P0
ocaml-xml-light,Jagadeesh,,N,N,Y,Y,N,N,,P0
ocaml-zarith,Jagadeesh,,N,N,Y,Y,N,N,,P0
ocl-icd,Jagadeesh,,N,N,Y,Y,N,N,,P0
oddjob,Jagadeesh,,N,N,Y,Y,N,N,,P0
ogdi,Jagadeesh,,N,N,Y,Y,N,N,,P1
omping,,,N,N,Y,Y,N,N,,
opal,Jagadeesh,,N,N,Y,Y,N,N,,P1
opencc,Jagadeesh,,N,N,Y,Y,N,N,,P1
opencl-filesystem,,,N,N,Y,Y,N,N,,
opencl-headers,Jagadeesh,,N,N,Y,Y,N,N,,P0
opencryptoki,Jagadeesh,,N,N,Y,Y,N,N,,P0
opendnssec,Jagadeesh,,N,N,Y,Y,N,N,,CP_batch1
openjpeg2,,,N,N,Y,Y,N,N,,
openobex,,,N,N,Y,Y,N,N,,
openoffice-lv,Jagadeesh,,N,N,Y,Y,N,N,,P0
openrdate,,,N,N,Y,Y,N,N,,
openslp,,,N,N,Y,Y,N,N,,
openssl-ibmpkcs11,,,N,N,Y,Y,N,N,,
openwsman,Jagadeesh,,N,N,Y,Y,N,N,,CP_batch1
optipng,Jagadeesh,,N,N,Y,Y,N,N,,P0
opus,Jyoti,,N,N,Y,Y,N,N,,P0
opusfile,,,N,N,Y,Y,N,N,,
orc,Jyoti,,N,N,Y,Y,N,N,,P0
oro,Jagadeesh,,N,N,Y,Y,N,N,,CP_batch1
os-prober,Jyoti,,N,N,Y,Y,N,N,,P0
osgi-annotation,Jagadeesh,,N,N,Y,Y,N,N,,P1
osgi-compendium,Jagadeesh,,N,N,Y,Y,N,N,,P1
osgi-core,Jagadeesh,,N,N,Y,Y,N,N,,P1
osinfo-db,Jyoti,,N,N,Y,Y,N,N,,P0
osinfo-db-tools,Jyoti,,N,N,Y,Y,N,N,,P0
overpass-fonts,Jagadeesh,,N,N,Y,Y,N,N,,P1
pacemaker,Jyoti,,N,N,Y,Y,N,N,,P1
pacrunner,,,N,N,Y,Y,N,N,,
pakchois,,,N,N,Y,Y,N,N,,
papi,Jyoti,,N,N,Y,Y,N,N,,P1
paps,Jyoti,,N,N,Y,Y,N,N,,P0
parallel,Jyoti,,N,N,Y,Y,N,N,,P0
pbzip2,,,N,N,Y,Y,N,N,,
pcp,Jyoti,,N,N,Y,Y,N,N,,P1
perl-Algorithm-C3,Jyoti,,N,N,Y,N,N,Y,,P1
perl-Algorithm-Diff,Jyoti,,N,N,Y,Y,N,N,,P0
perl-Alien-Build,Jyoti,,N,N,Y,Y,N,N,,P1
perl-Alien-pkgconf,Jyoti,,N,N,Y,Y,N,N,,P1
perl-AnyEvent,,,N,N,Y,Y,N,N,,
perl-AnyEvent-AIO,,,N,N,Y,Y,N,N,,
perl-AnyEvent-BDB,Jyoti,Override_to_Y,N,N,Y,Y,N,N,,P1
perl-App-FatPacker,,,N,N,Y,Y,N,N,,
perl-AppConfig,,,N,N,Y,Y,N,N,,
perl-Archive-Extract,Jyoti,,N,N,Y,Y,N,N,,P0
perl-Authen-SASL,Sumit,,N,N,Y,Y,N,N,,New P0
perl-B-Debug,,,N,N,Y,Y,N,N,,
perl-B-Hooks-EndOfScope,Jyoti,,N,N,Y,Y,N,N,,P0
perl-B-Hooks-OP-Check,Jyoti,,N,N,Y,N,N,Y,,P1
perl-B-Keywords,Jyoti,,N,N,Y,Y,N,N,,P0
perl-B-Lint,,,N,N,Y,Y,N,N,,
perl-BDB,Sumit,,N,N,N,N,Y,N,,P1
perl-BSD-Resource,,,N,N,Y,Y,N,N,,
perl-Browser-Open,,,N,N,Y,Y,N,N,,
perl-Business-ISBN,Jyoti,,N,N,Y,Y,N,N,,P1
perl-Business-ISBN-Data,Jyoti,,N,N,Y,Y,N,N,,P0
perl-CBOR-XS,Sumit,,N,N,Y,Y,N,N,,New P0
perl-CSS-Tiny,,,N,N,Y,Y,N,N,,
perl-Class-C3,Sumit,,N,N,Y,Y,N,N,,New P0
perl-Class-C3-XS,Jyoti,,N,N,Y,Y,N,N,,P0
perl-Class-Data-Inheritable,Jyoti,,N,N,Y,Y,N,N,,P0
perl-Class-Factory-Util,,,N,N,Y,Y,N,N,,
perl-Class-ISA,Kevin,,N,N,Y,N,N,Y,,P1
perl-Class-Inspector,,,N,N,Y,Y,N,N,,
perl-Class-Load,Kevin,,N,N,Y,Y,N,N,,P1
perl-Class-Load-XS,Kevin,,N,N,Y,Y,N,N,,P1
perl-Class-Method-Modifiers,Jyoti,,N,N,Y,Y,N,N,,P0
perl-Class-Singleton,Jyoti,,N,N,Y,Y,N,N,,P0
perl-Class-Tiny,Sumit,,N,N,Y,Y,N,N,,New P0
perl-Class-XSAccessor,Kevin,,N,N,Y,N,N,Y,,P1
perl-Clone,Kevin,,N,N,Y,N,N,Y,,P1
perl-Color-ANSI-Util,Kevin,,N,N,Y,Y,N,N,,P1
perl-Color-RGB-Util,Kevin,,N,N,Y,Y,N,N,,P1
perl-ColorThemeBase-Static,Kevin,,N,N,Y,Y,N,N,,P1
perl-ColorThemeRole-ANSI,Kevin,,N,N,Y,Y,N,N,,P1
perl-ColorThemeUtil-ANSI,Kevin,,N,N,Y,Y,N,N,,P1
perl-ColorThemes-Standard,Kevin,,N,N,Y,Y,N,N,,P1
perl-Compress-LZF,Sreenivasulu,,N,N,Y,Y,N,N,,P1
perl-Compress-Raw-Lzma,Sumit,,N,N,Y,Y,N,N,,New P0
perl-Config-AutoConf,Sumit,,N,N,Y,Y,N,N,,New P0
perl-Config-INI,Sumit,,N,N,Y,Y,N,N,,New P0
perl-Config-INI-Reader-Multiline,,,N,N,Y,Y,N,N,,
perl-Config-IniFiles,Jyoti,,N,N,Y,Y,N,N,,P0
perl-Config-Simple,,,N,N,Y,Y,N,N,,
perl-Config-Tiny,Sumit,,N,N,Y,Y,N,N,,New P0
perl-Const-Fast,Sreenivasulu,,N,N,Y,Y,N,N,,P1
perl-Convert-ASN1,Jyoti,,N,N,Y,Y,N,N,,P0
perl-Convert-Bencode,,,N,N,Y,Y,N,N,,
perl-Coro,,,N,N,Y,Y,N,N,,
perl-Coro-Multicore,Sreenivasulu,,N,N,Y,Y,N,N,,P1
perl-Cpanel-JSON-XS,Sreenivasulu,,N,N,Y,Y,N,N,,P1
perl-Crypt-CBC,Sreenivasulu,,N,N,Y,Y,N,N,,P1
perl-Crypt-DES,Sreenivasulu,,N,N,Y,Y,N,N,,P1
perl-Crypt-IDEA,,,N,N,Y,Y,N,N,,
perl-Crypt-OpenSSL-Bignum,,,N,N,Y,Y,N,N,,
perl-Crypt-OpenSSL-Guess,Jyoti,,N,N,Y,Y,N,N,,P0
perl-Crypt-OpenSSL-RSA,Sumit,,N,N,Y,Y,N,N,,P1
perl-Crypt-OpenSSL-Random,Jyoti,,N,N,Y,Y,N,N,,P0
perl-Crypt-PasswdMD5,Sreenivasulu,,N,N,Y,Y,N,N,,P1
perl-DBD-MySQL,Sreenivasulu,,N,N,Y,Y,N,N,,P1
perl-Data-Munge,Sreenivasulu,,N,N,Y,Y,N,N,,P1
perl-Data-OptList,Sreenivasulu,,N,N,Y,N,N,Y,,P1
perl-Data-Peek,Jyoti,,N,N,Y,Y,N,N,,P0
perl-Data-Section,Sumit,,N,N,Y,Y,N,N,,New P0
perl-Data-UUID,Jyoti,,N,N,Y,Y,N,N,,P0
perl-Date-ISO8601,,,N,N,Y,Y,N,N,,
perl-Date-Manip,Jyoti,,N,N,Y,Y,N,N,,P0
perl-DateTime,Sumit,,N,N,Y,Y,N,N,,P1
perl-DateTime-Format-Builder,Sumit,,N,N,Y,Y,N,N,,P1
perl-DateTime-Format-DateParse,Sumit,,N,N,Y,Y,N,N,,P1
perl-DateTime-Format-HTTP,Sumit,,N,N,Y,Y,N,N,,P1
perl-DateTime-Format-IBeat,Sumit,,N,N,Y,Y,N,N,,P1
perl-DateTime-Format-ISO8601,Sumit,,N,N,Y,Y,N,N,,P1
perl-DateTime-Format-Mail,Sumit,,N,N,Y,Y,N,N,,P1
perl-DateTime-Format-Strptime,Sumit,,N,N,Y,Y,N,N,,P1
perl-DateTime-Locale,Sumit,,N,N,Y,Y,N,N,,P1
perl-DateTime-TimeZone,Sumit,,N,N,Y,Y,N,N,,P1
perl-DateTime-TimeZone-SystemV,,,N,N,Y,Y,N,N,,
perl-DateTime-TimeZone-Tzfile,,,N,N,Y,Y,N,N,,
perl-Devel-CallChecker,Kevin,,N,N,Y,Y,N,N,,P0
perl-Devel-Caller,Akarsh,,N,N,Y,N,N,Y,,P1
perl-Devel-Cycle,Akarsh,,N,N,Y,N,N,Y,,P1
perl-Devel-EnforceEncapsulation,,,N,N,Y,Y,N,N,,
perl-Devel-GlobalDestruction,Akarsh,,N,N,Y,N,N,Y,,P1
perl-Devel-GlobalDestruction-XS,Akarsh,,N,N,Y,N,N,Y,,P1
perl-Devel-Hide,Akarsh,,N,N,Y,N,N,Y,,P1
perl-Devel-Leak,,,N,N,Y,Y,N,N,,
perl-Devel-LexAlias,Akarsh,,N,N,Y,N,N,Y,,P1
perl-Devel-Size,Kevin,,N,N,Y,Y,N,N,,P0
perl-Digest-BubbleBabble,Akarsh,,N,N,Y,Y,N,N,,P1
perl-Digest-CRC,Kevin,,N,N,Y,Y,N,N,,P0
perl-Dist-CheckConflicts,,,N,N,Y,Y,N,N,,
perl-DynaLoader-Functions,Kevin,,N,N,Y,Y,N,N,,P0
perl-EV,Sumit,,N,N,Y,Y,N,N,,New P0
perl-Email-Address,Kevin,,N,N,Y,Y,N,N,,P0
perl-Email-Date-Format,Kevin,,N,N,Y,Y,N,N,,P0
perl-Encode-Detect,,,N,N,Y,Y,N,N,,
perl-Encode-EUCJPASCII,,,N,N,Y,Y,N,N,,
perl-Encode-IMAPUTF7,,,N,N,Y,Y,N,N,,
perl-Env-ShellWords,Akarsh,,N,N,Y,Y,N,N,,P1
perl-Error,,,N,N,Y,Y,N,N,,
perl-Eval-Closure,,,N,N,Y,Y,N,N,,
perl-Event,Kevin,,N,N,Y,Y,N,N,,P0
perl-Exception-Class,Kevin,,N,N,Y,Y,N,N,,P0
perl-ExtUtils-Config,Kevin,,N,N,Y,Y,N,N,,P0
perl-ExtUtils-Depends,Akarsh,,N,N,Y,N,N,Y,,P1
perl-ExtUtils-Helpers,Kevin,,N,N,Y,Y,N,N,,P0
perl-ExtUtils-InstallPaths,Kevin,,N,N,Y,Y,N,N,,P0
perl-ExtUtils-PkgConfig,,,N,N,Y,Y,N,N,,
perl-FCGI,Akarsh,,N,N,Y,Y,N,N,,P1
perl-FFI-CheckLib,Akarsh,,N,N,Y,Y,N,N,,P1
perl-File-BOM,Aninda,,N,N,Y,Y,N,N,,P1
perl-File-BaseDir,Aninda,,N,N,Y,Y,N,N,,P1
perl-File-CheckTree,,,N,N,Y,Y,N,N,,
perl-File-Copy-Recursive,Aninda,,N,N,Y,Y,N,N,,P1
perl-File-DesktopEntry,Aninda,,N,N,Y,Y,N,N,,P1
perl-File-Find-Object,Aninda,,N,N,Y,Y,N,N,,P1
perl-File-Find-Object-Rule,Aninda,,N,N,Y,Y,N,N,,P1
perl-File-Find-Rule,,,N,N,Y,Y,N,N,,
perl-File-Find-Rule-Perl,Sumit,,N,N,Y,Y,N,N,,New P0
perl-File-Inplace,,,N,N,Y,Y,N,N,,
perl-File-MimeInfo,Aninda,,N,N,Y,Y,N,N,,P1
perl-File-ReadBackwards,Kevin,,N,N,Y,Y,N,N,,P0
perl-File-Remove,Kevin,,N,N,Y,Y,N,N,,P0
perl-File-ShareDir,Sumit,,N,N,Y,Y,N,N,,New P0
perl-File-ShareDir-Install,Kevin,,N,N,Y,Y,N,N,,P0
perl-File-Slurp,Kevin,,N,N,Y,Y,N,N,,P0
perl-File-Slurp-Tiny,,,N,N,Y,Y,N,N,,
perl-File-Slurper,Sumit,,N,N,Y,Y,N,N,,New P0
perl-File-Type,,,N,N,Y,Y,N,N,,
perl-File-chdir,,,N,N,Y,Y,N,N,,
perl-Font-TTF,,,N,N,Y,Y,N,N,,
perl-FreezeThaw,,,N,N,Y,Y,N,N,,
perl-GD,Sumit,,N,N,Y,Y,N,N,,New P0
perl-GD-Barcode,Aninda,,N,N,Y,Y,N,N,,P1
perl-GSSAPI,,,N,N,Y,Y,N,N,,
perl-Getopt-ArgvFile,,,N,N,Y,Y,N,N,,
perl-Graphics-ColorNamesLite-WWW,,,N,N,Y,Y,N,N,,
perl-Guard,,,N,N,Y,Y,N,N,,
perl-HTML-Tree,,,N,N,Y,Y,N,N,,
perl-Hook-LexWrap,,,N,N,Y,Y,N,N,,
perl-IO-AIO,Kevin,,N,N,Y,Y,N,N,,P0
perl-IO-All,Aninda,,N,N,Y,Y,N,N,,P1
perl-IO-CaptureOutput,Aninda,,N,N,Y,Y,N,N,,P1
perl-IO-Compress-Lzma,Sumit,,N,N,Y,Y,N,N,,New P0
perl-IO-Multiplex,,,N,N,Y,Y,N,N,,
perl-IO-SessionData,,,N,N,Y,Y,N,N,,
perl-IO-Socket-INET6,Aninda,,N,N,Y,Y,N,N,,P1
perl-IPC-Run3,Kevin,,N,N,Y,Y,N,N,,P0
perl-IPC-System-Simple,,,N,N,Y,Y,N,N,,
perl-Image-Base,,,N,N,Y,Y,N,N,,
perl-Image-Info,Sumit,,N,N,Y,Y,N,N,,New P0
perl-Image-Xbm,,,N,N,Y,Y,N,N,,
perl-Image-Xpm,,,N,N,Y,Y,N,N,,
perl-Import-Into,Jagadeesh,,N,N,Y,N,N,Y,,P1
perl-Importer,Kevin,,N,N,Y,Y,N,N,,P0
perl-Inline-Files,,,N,N,Y,Y,N,N,,
perl-JSON-Color,Jagadeesh,,N,N,Y,Y,N,N,,P1
perl-JSON-MaybeXS,Jagadeesh,,N,N,Y,Y,N,N,,P1
perl-LDAP,Jagadeesh,,N,N,Y,Y,N,N,,P1
perl-LWP-Protocol-https,Kevin,,N,N,Y,Y,N,N,,P0
perl-Lingua-EN-Inflect,Kevin,,N,N,Y,Y,N,N,,P0
perl-List-MoreUtils-XS,Sumit,,N,N,Y,Y,N,N,,New P0
perl-Locale-Codes,Kevin,,N,N,Y,Y,N,N,,P0
perl-Locale-Maketext-Gettext,Kevin,,N,N,Y,Y,N,N,,P0
perl-Locale-Msgfmt,Sumit,,N,N,Y,Y,N,N,,CP_batch1
perl-Locale-PO,,,N,N,Y,Y,N,N,,
perl-Log-Message,,,N,N,Y,Y,N,N,,
perl-Log-Message-Simple,,,N,N,Y,Y,N,N,,
perl-MIME-Charset,Jagadeesh,,N,N,Y,Y,N,N,,CP_batch1
perl-MIME-Lite,Jagadeesh,,N,N,Y,Y,N,N,,P1
perl-MIME-Types,Jagadeesh,,N,N,Y,Y,N,N,,P1
perl-MLDBM,Jagadeesh,,N,N,Y,Y,N,N,,P1
perl-MRO-Compat,Sreenivasulu,,N,N,Y,Y,N,N,,P0
perl-Mail-AuthenticationResults,Sumit,,N,N,Y,Y,N,N,,New P0
perl-Mail-DKIM,Jagadeesh,,N,N,Y,Y,N,N,,P1
perl-Mail-IMAPTalk,Sreenivasulu,,N,N,Y,Y,N,N,,P0
perl-Mail-SPF,Jyoti,,N,N,Y,Y,N,N,,P1
perl-MailTools,,,N,N,Y,Y,N,N,,
perl-Math-Int64,Sreenivasulu,,N,N,Y,Y,N,N,,P0
perl-Mixin-Linewise,Sumit,,N,N,Y,Y,N,N,,New P0
perl-Module-Build-Tiny,Jyoti,,N,N,Y,Y,N,N,,P1
perl-Module-Implementation,,,N,N,Y,N,N,Y,,
perl-Module-Install-AuthorRequires,Jyoti,,N,N,Y,Y,N,N,,CP_batch1
perl-Module-Install-AutoLicense,Jyoti,,N,N,Y,Y,N,N,,P1
perl-Module-Install-GithubMeta,Archana,,N,N,Y,Y,N,N,,CP_batch1
perl-Module-Install-ManifestSkip,,,N,N,Y,Y,N,N,,
perl-Module-Install-ReadmeFromPod,Jyoti,,N,N,Y,Y,N,N,,P1
perl-Module-Install-ReadmeMarkdownFromPod,,,N,N,Y,Y,N,N,,
perl-Module-Install-TestBase,,,N,N,Y,Y,N,N,,
perl-Module-Load-Util,Sumit,,N,N,Y,Y,N,N,,New P0
perl-Module-Manifest,,,N,N,Y,Y,N,N,,
perl-Module-Manifest-Skip,,,N,N,Y,Y,N,N,,
perl-Module-Package,Jyoti,,N,N,Y,Y,N,N,,P1
perl-Module-Package-Au,Jyoti,,N,N,Y,Y,N,N,,P1
perl-Module-Pluggable,,,N,N,Y,Y,N,N,,
perl-Module-Runtime,Jyoti,,N,N,Y,N,N,Y,,P1
perl-Module-Signature,Jyoti,,N,N,Y,Y,N,N,,P1
perl-Mojolicious,Sreenivasulu,,N,N,Y,Y,N,N,,P0
perl-Moo,Sreenivasulu,,N,N,Y,Y,N,N,,P0
perl-Mozilla-CA,Sreenivasulu,,N,N,Y,Y,N,N,,P0
perl-Mozilla-LDAP,,,N,N,Y,Y,N,N,,
perl-NNTPClient,,,N,N,Y,Y,N,N,,
perl-Net-CIDR-Lite,,,N,N,Y,Y,N,N,,
perl-Net-DNS,Jyoti,,N,N,Y,Y,N,N,,P1
perl-Net-DNS-Resolver-Mock,Jyoti,,N,N,Y,Y,N,N,,P1
perl-Net-DNS-Resolver-Programmable,Jyoti,,N,N,Y,Y,N,N,,P1
perl-Net-Daemon,Sreenivasulu,,N,N,Y,Y,N,N,,P0
perl-Net-IMAP-Simple,,,N,N,Y,Y,N,N,,
perl-Net-IMAP-Simple-SSL,,,N,N,Y,Y,N,N,,
perl-Net-IP,,,N,N,Y,Y,N,N,,
perl-Net-LibIDN2,Jyoti,,N,N,Y,Y,N,N,,P1
perl-Net-Patricia,,,N,N,Y,Y,N,N,,
perl-Net-SMTP-SSL,,,N,N,Y,Y,N,N,,
perl-Net-SNMP,,,N,N,Y,Y,N,N,,
perl-Net-Telnet,Sreenivasulu,,N,N,Y,Y,N,N,,P0
perl-Newt,,,N,N,Y,Y,N,N,,
perl-Number-Compare,,,N,N,Y,Y,N,N,,
perl-Object-Deadly,,,N,N,Y,Y,N,N,,
perl-Object-HashBase,Sreenivasulu,,N,N,Y,Y,N,N,,P0
perl-PAR-Dist,Sreenivasulu,,N,N,Y,Y,N,N,,P0
perl-PPI,Sumit,,N,N,Y,Y,N,N,,New P0
perl-PPI-HTML,Kevin,,N,N,Y,Y,N,N,,CP_batch1
perl-PPIx-QuoteLike,Kevin,,N,N,Y,Y,N,N,,P1
perl-PPIx-Regexp,Sumit,,N,N,Y,Y,N,N,,New P0
perl-PPIx-Utilities,Kevin,,N,N,Y,Y,N,N,,P1
perl-Package-Anon,,,N,N,Y,Y,N,N,,
perl-Package-Constants,,,N,N,Y,Y,N,N,,
perl-Package-DeprecationManager,Kevin,,N,N,Y,Y,N,N,,P1
perl-Package-Generator,Kevin,,N,N,Y,N,N,Y,,P1
perl-Package-Stash,Kevin,,N,N,Y,Y,N,N,,P1
perl-Package-Stash-XS,Sumit,,N,N,Y,Y,N,N,,New P0
perl-PadWalker,Kevin,,N,N,Y,N,N,Y,,P1
perl-Paper-Specs,,,N,N,Y,Y,N,N,,
perl-Parallel-Iterator,Sreenivasulu,,N,N,Y,Y,N,N,,P0
perl-Params-Classify,,,N,N,Y,Y,N,N,,
perl-Params-Util,Kevin,,N,N,Y,N,N,Y,,P1
perl-Params-Validate,Kevin,,N,N,Y,Y,N,N,,P1
perl-Params-ValidationCompiler,Kevin,,N,N,Y,Y,N,N,,P1
perl-Parse-RecDescent,,,N,N,Y,Y,N,N,,
perl-Parse-Yapp,,,N,N,Y,Y,N,N,,
perl-Path-Tiny,Sreenivasulu,,N,N,Y,Y,N,N,,P1
perl-Perl-Critic,Sreenivasulu,,N,N,Y,Y,N,N,,P1
perl-Perl-Critic-More,Sreenivasulu,,N,N,Y,Y,N,N,,P1
perl-Perl-Destruct-Level,Sreenivasulu,,N,N,Y,N,N,Y,,P1
perl-Perl-MinimumVersion,Sreenivasulu,,N,N,Y,Y,N,N,,P1
perl-Perl4-CoreLibs,Sreenivasulu,,N,N,Y,Y,N,N,,P1
perl-PerlIO-gzip,,,N,N,Y,Y,N,N,,
perl-PerlIO-utf8_strict,Sumit,,N,N,Y,Y,N,N,,New P0
perl-PkgConfig-LibPkgConf,Sumit,,N,N,Y,Y,N,N,,P1
perl-Pod-Coverage-TrustPod,Sumit,,N,N,Y,Y,N,N,,New P0
perl-Pod-Escapes,,,N,N,Y,Y,N,N,,
perl-Pod-Eventual,Sumit,,N,N,Y,Y,N,N,,New P0
perl-Pod-LaTeX,,,N,N,Y,Y,N,N,,
perl-Pod-Markdown,Sumit,,N,N,Y,Y,N,N,,New P0
perl-Pod-POM,,,N,N,Y,Y,N,N,,
perl-Pod-Plainer,,,N,N,Y,Y,N,N,,
perl-Pod-Spell,Sumit,,N,N,Y,Y,N,N,,New P0
perl-Probe-Perl,,,N,N,Y,Y,N,N,,
perl-Razor-Agent,Sreenivasulu,,N,N,Y,Y,N,N,,P0
perl-Readonly,Sreenivasulu,,N,N,Y,Y,N,N,,P1
perl-Readonly-XS,,,N,N,Y,Y,N,N,,
perl-Ref-Util,Sreenivasulu,,N,N,Y,Y,N,N,,P1
perl-Ref-Util-XS,Sreenivasulu,,N,N,Y,Y,N,N,,P1
perl-Regexp-Pattern-Perl,Sreenivasulu,,N,N,Y,Y,N,N,,P0
perl-Return-MultiLevel,Sreenivasulu,,N,N,Y,Y,N,N,,P0
perl-Role-Tiny,Sreenivasulu,,N,N,Y,Y,N,N,,P0
perl-SGMLSpm,,,N,N,Y,Y,N,N,,
perl-SNMP_Session,Sreenivasulu,,N,N,Y,Y,N,N,,P0
perl-SUPER,Sreenivasulu,,N,N,Y,N,N,Y,,P1
perl-Scope-Guard,,,N,N,Y,Y,N,N,,
perl-Scope-Upper,Sreenivasulu,,N,N,Y,Y,N,N,,P0
perl-Socket6,,,N,N,Y,Y,N,N,,
perl-Software-License,Sumit,,N,N,Y,Y,N,N,,New P0
perl-Sort-Versions,,,N,N,Y,Y,N,N,,
perl-Specio,Sumit,,N,N,Y,Y,N,N,,P1
perl-Spiffy,,,N,N,Y,Y,N,N,,
perl-String-CRC32,Sreenivasulu,,N,N,Y,Y,N,N,,P0
perl-String-Format,,,N,N,Y,Y,N,N,,
perl-String-Similarity,,,N,N,Y,Y,N,N,,
perl-Sub-Exporter,Sumit,,N,N,Y,N,N,Y,,P1
perl-Sub-Exporter-Progressive,Sumit,,N,N,Y,N,N,Y,,P1
perl-Sub-Identify,Sumit,,N,N,Y,N,N,Y,,P1
perl-Sub-Info,,,N,N,Y,Y,N,N,,
perl-Sub-Install,Sumit,,N,N,Y,N,N,Y,,P1
perl-Sub-Quote,Sumit,,N,N,Y,N,N,Y,,P1
perl-Sub-Uplevel,,,N,N,Y,Y,N,N,,
perl-Switch,,,N,N,Y,Y,N,N,,
perl-Syntax-Highlight-Engine-Kate,Sumit,,N,N,Y,Y,N,N,,CP_batch1
perl-Sys-CPU,,,N,N,Y,Y,N,N,,
perl-Sys-MemInfo,,,N,N,Y,Y,N,N,,
perl-Taint-Runtime,,,N,N,Y,Y,N,N,,
perl-Task-Weaken,,,N,N,Y,Y,N,N,,
perl-Term-Size-Any,,,N,N,Y,Y,N,N,,
perl-Term-Size-Perl,,,N,N,Y,Y,N,N,,
perl-Term-Table,Sumit,,N,N,Y,Y,N,N,,P1
perl-Term-UI,Sumit,,N,N,Y,Y,N,N,,New P0
perl-TermReadKey,,,N,N,Y,Y,N,N,,
perl-Test-Base,,,N,N,Y,Y,N,N,,
perl-Test-CPAN-Meta,,,N,N,Y,Y,N,N,,
perl-Test-CPAN-Meta-JSON,,,N,N,Y,Y,N,N,,
perl-Test-ClassAPI,,,N,N,Y,Y,N,N,,
perl-Test-Differences,Sumit,,N,N,Y,Y,N,N,,New P0
perl-Test-DistManifest,,,N,N,Y,Y,N,N,,
perl-Test-Distribution,Sumit,,N,N,Y,Y,N,N,,P1
perl-Test-EOL,Sreenivasulu,,N,N,Y,Y,N,N,,P0
perl-Test-Exception,,,N,N,Y,Y,N,N,,
perl-Test-Exit,,,N,N,Y,Y,N,N,,
perl-Test-FailWarnings,,,N,N,Y,Y,N,N,,
perl-Test-File,Sreenivasulu,,N,N,Y,Y,N,N,,P0
perl-Test-File-ShareDir,Sumit,,N,N,Y,Y,N,N,,P1
perl-Test-Harness,Sreenivasulu,,N,N,Y,Y,N,N,,P0
perl-Test-HasVersion,,,N,N,Y,Y,N,N,,
perl-Test-InDistDir,,,N,N,Y,Y,N,N,,
perl-Test-Inter,Sreenivasulu,,N,N,Y,Y,N,N,,P0
perl-Test-LongString,,,N,N,Y,Y,N,N,,
perl-Test-Manifest,Sreenivasulu,,N,N,Y,Y,N,N,,P0
perl-Test-Memory-Cycle,,,N,N,Y,N,N,Y,,
perl-Test-MinimumVersion,,,N,N,Y,Y,N,N,,
perl-Test-MockObject,,,N,N,Y,Y,N,N,,
perl-Test-MockRandom,,,N,N,Y,Y,N,N,,
perl-Test-NoTabs,,,N,N,Y,Y,N,N,,
perl-Test-Object,,,N,N,Y,Y,N,N,,
perl-Test-Output,,,N,N,Y,N,N,Y,,
perl-Test-Portability-Files,,,N,N,Y,Y,N,N,,
perl-Test-Requires,,,N,N,Y,N,N,Y,,
perl-Test-RequiresInternet,,,N,N,Y,Y,N,N,,
perl-Test-Script,,,N,N,Y,Y,N,N,,
perl-Test-Simple,,,N,N,Y,Y,N,N,,
perl-Test-SubCalls,,,N,N,Y,Y,N,N,,
perl-Test-Synopsis,Sreenivasulu,,N,N,Y,Y,N,N,,P0
perl-Test-Taint,,,N,N,Y,N,N,Y,,
perl-Test-TrailingSpace,,,N,N,Y,Y,N,N,,
perl-Test-Vars,,,N,N,Y,Y,N,N,,
perl-Test-Warn,Sumit,,N,N,Y,Y,N,N,,New P0
perl-Test-Without-Module,,,N,N,Y,N,N,Y,,
perl-Test-utf8,Archana,,N,N,Y,Y,N,N,,CP_batch1
perl-Test2-Plugin-NoWarnings,,,N,N,Y,Y,N,N,,
perl-Test2-Suite,,,N,N,Y,Y,N,N,,
perl-Test2-Tools-Explain,,,N,N,Y,Y,N,N,,
perl-Text-CSV_XS,Sumit,,N,N,Y,Y,N,N,,New P0
perl-Text-CharWidth,,,N,N,Y,Y,N,N,,
perl-Text-Diff,,,N,N,Y,Y,N,N,,
perl-Text-Glob,,,N,N,Y,Y,N,N,,
perl-Text-Iconv,,,N,N,Y,Y,N,N,,
perl-Text-Soundex,,,N,N,Y,Y,N,N,,
perl-Text-Unidecode,,,N,N,Y,Y,N,N,,
perl-Text-WrapI18N,,,N,N,Y,Y,N,N,,
perl-Tie-IxHash,,,N,N,Y,Y,N,N,,
perl-Tree-DAG_Node,Sumit,,N,N,Y,Y,N,N,,New P0
perl-UNIVERSAL-can,,,N,N,Y,Y,N,N,,
perl-UNIVERSAL-isa,,,N,N,Y,Y,N,N,,
perl-Unicode-EastAsianWidth,,,N,N,Y,Y,N,N,,
perl-Unicode-LineBreak,,,N,N,Y,Y,N,N,,
perl-Unicode-Map8,,,N,N,Y,Y,N,N,,
perl-Unicode-String,,,N,N,Y,Y,N,N,,
perl-Unicode-UTF8,,,N,N,Y,Y,N,N,,
perl-Unix-Syslog,,,N,N,Y,Y,N,N,,
perl-Variable-Magic,Sumit,,N,N,Y,Y,N,N,,P0
perl-Version-Requirements,Sumit,,N,N,Y,Y,N,N,,P0
perl-XML-Catalog,Sumit,,N,N,Y,Y,N,N,,P0
perl-XML-DOM,,,N,N,Y,Y,N,N,,
perl-XML-Dumper,,,N,N,Y,Y,N,N,,
perl-XML-Filter-BufferText,,,N,N,Y,Y,N,N,,
perl-XML-Generator,Sumit,,N,N,Y,Y,N,N,,New P0
perl-XML-Grove,,,N,N,Y,Y,N,N,,
perl-XML-Handler-YAWriter,,,N,N,Y,Y,N,N,,
perl-XML-LibXSLT,,,N,N,Y,Y,N,N,,
perl-XML-Parser-Lite,,,N,N,Y,Y,N,N,,
perl-XML-RegExp,,,N,N,Y,Y,N,N,,
perl-XML-SAX-Writer,,,N,N,Y,Y,N,N,,
perl-XML-Simple,,,N,N,Y,Y,N,N,,
perl-XML-TokeParser,,,N,N,Y,Y,N,N,,
perl-XML-TreeBuilder,,,N,N,Y,Y,N,N,,
perl-XML-Twig,,,N,N,Y,Y,N,N,,
perl-XML-Writer,Sumit,,N,N,Y,Y,N,N,,P0
perl-XML-XPathEngine,,,N,N,Y,Y,N,N,,
perl-XString,Sumit,,N,N,Y,Y,N,N,,P0
perl-YAML-LibYAML,Sumit,,N,N,Y,Y,N,N,,P0
perl-YAML-PP,,,N,N,Y,Y,N,N,,
perl-YAML-Syck,Sumit,,N,N,Y,Y,N,N,,New P0
perl-bareword-filehandles,,,N,N,Y,N,N,Y,,
perl-boolean,,,N,N,Y,Y,N,N,,
perl-gettext,,,N,N,Y,Y,N,N,,
perl-inc-latest,,,N,N,Y,Y,N,N,,
perl-indirect,,,N,N,Y,N,N,Y,,
perl-libnet,Sumit,,N,N,Y,Y,N,N,,P0
perl-libxml-perl,,,N,N,Y,Y,N,N,,
perl-multidimensional,,,N,N,Y,N,N,Y,,
perl-namespace-autoclean,,,N,N,Y,Y,N,N,,
perl-namespace-clean,,,N,N,Y,Y,N,N,,
perl-prefork,,,N,N,Y,Y,N,N,,
perl-strictures,,,N,N,Y,N,N,Y,,
perltidy,Sumit,,N,N,Y,Y,N,N,,P0
pesign,,,N,N,Y,N,N,Y,,
phodav,,,N,N,Y,Y,N,N,,
physfs,Archana,,N,N,Y,Y,N,N,,CP_batch1
pinfo,Sumit,,N,N,Y,Y,N,N,,P0
pipewire,,,N,N,Y,Y,N,N,,
pkcs11-helper,Sumit,,N,N,Y,Y,N,N,,P0
plexus-pom,Archana,,N,N,Y,Y,N,N,,CP_batch1
plotutils,,,N,N,Y,Y,N,N,,
pmdk-convert,,,N,N,Y,Y,N,N,,
pngcrush,,,N,N,Y,Y,N,N,,
pngnq,,,N,N,Y,Y,N,N,,
po4a,,,N,N,Y,Y,N,N,,
podman,,,N,N,Y,Y,N,N,,
poetry,,,N,N,Y,N,N,Y,,
polkit-pkla-compat,,,N,N,Y,Y,N,N,,
portreserve,,,N,N,Y,Y,N,N,,
potrace,,,N,N,Y,Y,N,N,,
powertop,Sumit,,N,N,Y,Y,N,N,,P0
ppp,,,N,N,Y,Y,N,N,,
pps-tools,Sumit,,N,N,Y,Y,N,N,,P0
pptp,,,N,N,Y,Y,N,N,,
procmail,Sumit,,N,N,Y,Y,N,N,,P0
proj,,,N,N,Y,Y,N,N,,
ps_mem,Sumit,,N,N,Y,Y,N,N,,P0
psacct,,,N,N,Y,Y,N,N,,
psl-make-dafsa,,,N,N,Y,Y,N,N,,
psutils,,,N,N,Y,Y,N,N,,
ptlib,,,N,N,Y,Y,N,N,,
publicsuffix,,,N,N,Y,Y,N,N,,
publicsuffix-list,Akhila,,N,N,Y,Y,N,N,,New P0
pulseaudio,,,N,N,Y,Y,N,N,,
puppet,Sumit,,N,N,Y,Y,N,N,,P1
pyatspi,Sumit,,N,N,Y,Y,N,N,,P1
pybind11,,,N,N,Y,N,N,Y,,
pyflakes,,,N,N,Y,N,N,Y,,
pykickstart,Sumit,,N,N,Y,Y,N,N,,P0
pylint,,,N,N,Y,Y,N,N,,
pyparted,Sumit,,N,N,Y,Y,N,N,,P0
pyserial,Sumit,,N,N,Y,Y,N,N,,P0
python-CommonMark,,,N,N,Y,Y,N,N,,
python-IPy,Sumit,,N,N,Y,Y,N,N,,P0
python-PyMySQL,Akhila,,N,N,Y,Y,N,N,,CP_batch1
python-aiodns,Akhila,,N,N,Y,Y,N,N,,CP_batch1
python-aiohttp,,,N,N,Y,Y,N,N,,
python-alsa,Sumit,,N,N,Y,Y,N,N,,P0
python-argcomplete,,,N,N,Y,Y,N,N,,
python-astroid,Akhila,,N,N,Y,Y,N,N,,CP_batch1
python-augeas,Akhila,,N,N,Y,Y,N,N,,CP_batch1
python-azure-sdk,,,N,N,Y,Y,N,N,,
python-beautifulsoup4,,,N,N,Y,Y,N,N,,
python-betamax,Sumit,,N,N,Y,Y,N,N,,P0
python-blinker,Aninda,,N,N,Y,Y,N,N,,CP_batch1
python-blivet,Sumit,,N,N,Y,Y,N,N,,P0
python-cheetah,Aninda,,N,N,Y,Y,N,N,,CP_batch1
python-cmd2,Sumit,,N,N,Y,Y,N,N,,P0
python-colorama,Aninda,,N,N,Y,Y,N,N,,CP_batch1
python-configshell,Sumit,,N,N,Y,Y,N,N,,P0
python-cups,Sumit,,N,N,Y,Y,N,N,,P0
python-curio,,,N,N,Y,Y,N,N,,
python-d2to1,,,N,N,Y,Y,N,N,,
python-dbus-client-gen,Akhila,,N,N,Y,Y,N,N,,P0
python-dbus-python-client-gen,Akhila,,N,N,Y,Y,N,N,,P0
python-dbus-signature-pyparsing,Akhila,,N,N,Y,Y,N,N,,P0
python-dbusmock,,,N,N,Y,Y,N,N,,
python-ddt,,,N,N,Y,Y,N,N,,
python-debtcollector,Aninda,,N,N,Y,Y,N,N,,CP_batch1
python-dmidecode,,,N,N,Y,Y,N,N,,
python-dns,Aninda,,N,N,Y,Y,N,N,,CP_batch1
python-dtopt,,,N,N,Y,Y,N,N,,
python-dulwich,Akhila,,N,N,Y,Y,N,N,,New P0
python-enchant,,,N,N,Y,Y,N,N,,
python-entrypoints,Akarsh,,N,N,Y,Y,N,N,,CP_batch1
python-evdev,,,N,N,Y,N,N,Y,,
python-extras,,,N,N,Y,Y,N,N,,
python-faker,,,N,N,Y,Y,N,N,,
python-fasteners,Akarsh,,N,N,Y,Y,N,N,,CP_batch1
python-fixtures,Akarsh,,N,N,Y,Y,N,N,,CP_batch1
python-flake8,Akarsh,,N,N,Y,Y,N,N,,CP_batch1
python-flask,Akarsh,,N,N,Y,Y,N,N,,CP_batch1
python-fluidity-sm,,,N,N,Y,Y,N,N,,
python-funcsigs,,,N,N,Y,Y,N,N,,
python-genshi,Akarsh,,N,N,Y,Y,N,N,,CP_batch1
python-gssapi,Akarsh,,N,N,Y,Y,N,N,,CP_batch1
python-hs-dbus-signature,,,N,N,Y,Y,N,N,,
python-httplib2,,,N,N,Y,Y,N,N,,
python-humanize,Kevin,,N,N,Y,Y,N,N,,CP_batch1
python-hwdata,,,N,N,Y,Y,N,N,,
python-inotify,,,N,N,Y,Y,N,N,,
python-into-dbus-python,Akhila,,N,N,Y,Y,N,N,,P0
python-iso8601,Kevin,,N,N,Y,Y,N,N,,CP_batch1
python-isodate,Kevin,,N,N,Y,Y,N,N,,CP_batch1
python-isort,Sreenivasulu,,N,N,Y,Y,N,N,,New P0
python-itsdangerous,,,N,N,Y,Y,N,N,,
python-justbases,Akhila,,N,N,Y,Y,N,N,,P0
python-justbytes,Akhila,,N,N,Y,Y,N,N,,P0
python-jwcrypto,,,N,N,Y,Y,N,N,,
python-kdcproxy,,,N,N,Y,Y,N,N,,
python-kerberos,,,N,N,Y,Y,N,N,,
python-kmod,Akhila,,N,N,Y,Y,N,N,,P0
python-lazy-object-proxy,Sreenivasulu,,N,N,Y,Y,N,N,,New P0
python-ldap,,,N,N,Y,Y,N,N,,
python-lit,,,N,N,Y,Y,N,N,,
python-mccabe,,,N,N,Y,Y,N,N,,
python-memcached,,,N,N,Y,Y,N,N,,
python-mimeparse,Kevin,,N,N,Y,Y,N,N,,CP_batch1
python-monotonic,,,N,N,Y,Y,N,N,,
python-msal,Kevin,,N,N,Y,Y,N,N,,CP_batch1
python-msrestazure,,,N,N,Y,Y,N,N,,
python-mutagen,Sreenivasulu,,N,N,Y,Y,N,N,,CP_batch1
python-ntlm-auth,,,N,N,Y,Y,N,N,,
python-oauth2client,,,N,N,Y,Y,N,N,,
python-openpyxl,,,N,N,Y,N,N,Y,,
python-openstackdocstheme,Sreenivasulu,,N,N,Y,Y,N,N,,CP_batch1
python-oslo-i18n,Sreenivasulu,,N,N,Y,Y,N,N,,CP_batch1
python-oslo-sphinx,,,N,N,Y,Y,N,N,,
python-paramiko,,,N,N,Y,Y,N,N,,
python-podman-api,Sreenivasulu,,N,N,Y,Y,N,N,,CP_batch1
python-productmd,Sreenivasulu,,N,N,Y,Y,N,N,,CP_batch1
python-pycares,Sreenivasulu,,N,N,Y,Y,N,N,,CP_batch1
python-pydbus,,,N,N,Y,Y,N,N,,
python-pymongo,Akhila,,N,N,Y,Y,N,N,,P0
python-pyperclip,,,N,N,Y,Y,N,N,,
python-pyroute2,,,N,N,Y,N,N,Y,,
python-pyrsistent,,,N,N,Y,Y,N,N,,
python-pysocks,,,N,N,Y,Y,N,N,,
python-pytest-flake8,,,N,N,Y,Y,N,N,,
python-pytest-relaxed,Sreenivasulu,,N,N,Y,Y,N,N,,CP_batch1
python-pytest-runner,,,N,N,Y,Y,N,N,,
python-pytest-subtests,Sreenivasulu,,N,N,Y,Y,N,N,,CP_batch1
python-pytest-timeout,Sreenivasulu,,N,N,Y,Y,N,N,,CP_batch1
python-pytoml,,,N,N,Y,Y,N,N,,
python-qrcode,Sreenivasulu,,N,N,Y,Y,N,N,,CP_batch1
python-rdflib,Sreenivasulu,,N,N,Y,Y,N,N,,CP_batch1
python-recommonmark,Sreenivasulu,,N,N,Y,Y,N,N,,New P0
python-redis,,,N,N,N,N,Y,N,,
python-requests-file,Sreenivasulu,,N,N,Y,Y,N,N,,CP_batch1
python-requests-ftp,,,N,N,Y,Y,N,N,,
python-requests-kerberos,Sumit,,N,N,Y,Y,N,N,,CP_batch1
python-requests-mock,,,N,N,Y,Y,N,N,,
python-requests-toolbelt,Sreenivasulu,,N,N,Y,Y,N,N,,New P0
python-requests_ntlm,,,N,N,Y,Y,N,N,,
python-rfc3986,Sumit,,N,N,Y,Y,N,N,,CP_batch1
python-rpm-generators,,,N,N,Y,N,N,Y,,
python-rpmfluff,Akhila,,N,N,Y,Y,N,N,,P0
python-rtslib,Akhila,,N,N,Y,Y,N,N,,P0
python-s3transfer,,,N,N,Y,Y,N,N,,
python-semantic_version,Sumit,,N,N,Y,Y,N,N,,CP_batch1
python-should_dsl,Sumit,,N,N,Y,Y,N,N,,CP_batch1
python-simpleline,Akhila,,N,N,Y,Y,N,N,,P0
python-slip,,,N,N,Y,Y,N,N,,
python-sniffio,Akhila,,N,N,Y,Y,N,N,,CP_batch1
python-soupsieve,Akarsh,,N,N,Y,Y,N,N,,CP_batch1
python-sphinx-epytext,,,N,N,Y,Y,N,N,,
python-sphinxcontrib-apidoc,Akhila,,N,N,Y,Y,N,N,,P0
python-sphinxcontrib-httpdomain,,,N,N,Y,Y,N,N,,
python-suds,Archana,,N,N,Y,Y,N,N,,CP_batch1
python-systemd,,,N,N,Y,Y,N,N,,
python-tempita,,,N,N,Y,Y,N,N,,
python-templated-dictionary,,,N,N,Y,N,N,Y,,
python-testpath,Aninda,,N,N,Y,Y,N,N,,CP_batch1
python-testresources,Jagadeesh,,N,N,Y,Y,N,N,,CP_batch1
python-testscenarios,Jyoti,,N,N,Y,Y,N,N,,CP_batch1
python-testtools,Jyoti,,N,N,Y,Y,N,N,,CP_batch1
python-toml,,,N,N,Y,Y,N,N,,
python-tornado,Sumit,,N,N,Y,Y,N,N,,CP_batch1
python-tox,,,N,N,Y,Y,N,N,,
python-trio,Akarsh,,N,N,Y,Y,N,N,,CP_batch1
python-uamqp,Akhila,,N,N,Y,Y,N,N,,CP_batch1
python-unittest2,,,N,N,Y,Y,N,N,,
python-uritemplate,Akhila,,N,N,Y,Y,N,N,,P0
python-urwid,Aninda,,N,N,Y,Y,N,N,,CP_batch1
python-varlink,Akhila,,N,N,Y,Y,N,N,,P0
python-voluptuous,Archana,,N,N,Y,Y,N,N,,CP_batch1
python-waitress,Jagadeesh,,N,N,Y,Y,N,N,,CP_batch1
python-webencodings,,,N,N,Y,Y,N,N,,
python-webtest,,,N,N,Y,Y,N,N,,
python-whoosh,,,N,N,Y,Y,N,N,,
python-winrm,,,N,N,Y,Y,N,N,,
python-xmltodict,Akhila,,N,N,Y,Y,N,N,,P0
python-yubico,,,N,N,Y,Y,N,N,,
python-zmq,,,N,N,Y,Y,N,N,,
python3-mallard-ducktype,Archana,,N,N,Y,Y,N,N,,
python3-typed_ast,Jyoti,,N,N,Y,Y,N,N,,CP_batch1
pyusb,Sreenivasulu,,N,N,Y,Y,N,N,,New P0
pywbem,Akhila,,N,N,Y,Y,N,N,,P0
pyxattr,Sreenivasulu,,N,N,Y,Y,N,N,,New P0
qhull,Akhila,,N,N,Y,Y,N,N,,P0
qpdf,Akhila,,N,N,Y,Y,N,N,,CP_batch1
qperf,,,N,N,Y,Y,N,N,,
qr-code-generator,Akhila,,N,N,Y,Y,N,N,,P0
qt5-qtconnectivity,,,N,N,Y,Y,N,N,,
qt5-qtsensors,,,N,N,Y,Y,N,N,,
qt5-qtserialport,,,N,N,Y,Y,N,N,,
quagga,,,N,N,Y,Y,N,N,,
raptor2,,,N,N,Y,Y,N,N,,
rarian,Archana,,N,N,Y,Y,N,N,,New P0
rasdaemon,,,N,N,Y,N,N,Y,,
rasqal,,,N,N,Y,Y,N,N,,
rcs,,,N,N,Y,Y,N,N,,
rdist,,,N,N,Y,Y,N,N,,
re2c,Akhila,,N,N,Y,Y,N,N,,P0
realmd,Jyoti,Override_to_Y,N,N,Y,Y,N,N,,P1
rear,,,N,N,Y,Y,N,N,,
recode,Akhila,,N,N,Y,Y,N,N,,P0
redland,,,N,N,N,N,Y,N,,
regexp,,,N,N,Y,Y,N,N,,
relaxngDatatype,Aninda,,N,N,Y,Y,N,N,,CP_batch1
resource-agents,Archana,,N,N,Y,Y,N,N,,CP_batch1
rhash,Akhila,,N,N,Y,Y,N,N,,P0
rhino,,,N,N,Y,Y,N,N,,
rhnlib,,,N,N,Y,Y,N,N,,
ripgrep,,,N,N,Y,Y,N,N,,
rp-pppoe,,,N,N,Y,Y,N,N,,
rpmlint,,,N,N,Y,Y,N,N,,
rtkit,,,N,N,Y,Y,N,N,,
rubygem-bson,Jyoti,Y,N,N,Y,Y,N,N,,CP_batch1
rubygem-coderay,,,N,N,Y,Y,N,N,,
rubygem-diff-lcs,,,N,N,Y,Y,N,N,,
rubygem-eventmachine,Sreenivasulu,,N,N,Y,Y,N,N,,CP_batch1
rubygem-flexmock,Akhila,,N,N,Y,Y,N,N,,P0
rubygem-liquid,Akhila,,N,N,Y,Y,N,N,,P0
rubygem-maruku,,,N,N,Y,Y,N,N,,
rubygem-mongo,Akhila,,N,N,Y,Y,N,N,,P0
rubygem-mysql2,,,N,N,Y,Y,N,N,,
rubygem-pkg-config,Akhila,,N,N,Y,Y,N,N,,P0
rubygem-rouge,Akhila,,N,N,Y,Y,N,N,,P0
rubygem-rspec-expectations,,,N,N,Y,Y,N,N,,
rubygem-rspec-mocks,,,N,N,Y,Y,N,N,,
rubygem-rspec-support,Archana,,N,N,Y,Y,N,N,,New P0
rubygem-thread_order,Archana,,N,N,Y,Y,N,N,,
rusers,,,N,N,Y,Y,N,N,,
rust-cbindgen,,,N,N,Y,Y,N,N,,
samba,,,N,N,Y,Y,N,N,,
sassist,,,N,N,Y,Y,N,N,,
satyr,Sumit,Y,N,N,Y,Y,N,N,,P1
sbc,Archana,,N,N,Y,Y,N,N,,P0
sblim-cim-client2,,,N,N,Y,Y,N,N,,
sblim-cmpi-base,,,N,N,Y,Y,N,N,,
sblim-cmpi-devel,,,N,N,Y,Y,N,N,,
sblim-cmpi-fsvol,,,N,N,Y,Y,N,N,,
sblim-cmpi-network,,,N,N,Y,Y,N,N,,
sblim-cmpi-nfsv3,,,N,N,Y,Y,N,N,,
sblim-cmpi-nfsv4,,,N,N,Y,Y,N,N,,
sblim-cmpi-params,,,N,N,Y,Y,N,N,,
sblim-cmpi-sysfs,,,N,N,Y,Y,N,N,,
sblim-cmpi-syslog,,,N,N,Y,Y,N,N,,
sblim-indication_helper,,,N,N,Y,Y,N,N,,
sblim-sfcCommon,,,N,N,Y,Y,N,N,,
sblim-sfcb,,,N,N,Y,Y,N,N,,
sblim-sfcc,,,N,N,Y,Y,N,N,,
sblim-testsuite,,,N,N,Y,Y,N,N,,
sblim-wbemcli,,,N,N,Y,Y,N,N,,
scl-utils,Archana,,N,N,Y,Y,N,N,,P0
scotch,,,N,N,Y,Y,N,N,,
screen,,,N,N,Y,Y,N,N,,
sdparm,Archana,,N,N,Y,Y,N,N,,P0
sendmail,,,N,N,N,N,Y,N,,
serd,,,N,N,Y,Y,N,N,,
servletapi4,Sumit,,N,N,Y,Y,N,N,,CP_batch1
servletapi5,Sumit,,N,N,Y,Y,N,N,,CP_batch1
setserial,,,N,N,Y,Y,N,N,,
setuptool,,,N,N,Y,Y,N,N,,
sgpio,,,N,N,Y,Y,N,N,,
shapelib,,,N,N,Y,Y,N,N,,
sip,Archana,,N,N,Y,Y,N,N,,P0
skkdic,Archana,,N,N,Y,Y,N,N,,P0
slirp4netns,Archana,,N,N,Y,Y,N,N,,P0
smc-tools,Akarsh,,N,N,Y,Y,N,N,,CP_batch1
sombok,,,N,N,Y,Y,N,N,,
sord,,,N,N,Y,Y,N,N,,
sound-theme-freedesktop,,,N,N,Y,Y,N,N,,
soundtouch,Archana,,N,N,Y,Y,N,N,,P0
sox,,,N,N,Y,Y,N,N,,
soxr,,,N,N,Y,Y,N,N,,
sparsehash,,,N,N,Y,Y,N,N,,
spausedd,Archana,,N,N,Y,Y,N,N,,P0
speex,,,N,N,Y,Y,N,N,,
speexdsp,Archana,,N,N,Y,Y,N,N,,P0
spice-protocol,Archana,,N,N,Y,Y,N,N,,P0
spice-vdagent,,,N,N,Y,Y,N,N,,
spirv-headers,,,N,N,Y,N,N,Y,,
spirv-tools,,,N,N,Y,N,N,Y,,
splix,,,N,N,Y,Y,N,N,,
squid,Jyoti,,N,N,Y,Y,N,N,,CP_batch1
sratom,,,N,N,Y,Y,N,N,,
star,Aninda,,N,N,Y,Y,N,N,,CP_batch1
startup-notification,Archana,,N,N,Y,Y,N,N,,CP_batch1
stunnel,,,N,N,Y,Y,N,N,,
subscription-manager,Jagadeesh,,N,N,Y,Y,N,N,,CP_batch1
suitesparse,,,N,N,Y,Y,N,N,,
switcheroo-control,,,N,N,Y,Y,N,N,,
sysfsutils,,,N,N,Y,N,N,Y,,
systemd-bootchart,Jyoti,,N,N,Y,Y,N,N,,CP_batch1
t1lib,,,N,N,Y,Y,N,N,,
t1utils,,,N,N,Y,Y,N,N,,
taglib,Archana,,N,N,Y,Y,N,N,,P0
tang,,,N,N,Y,Y,N,N,,
targetcli,Archana,,N,N,Y,Y,N,N,,P0
tbb,Sreenivasulu,,N,N,Y,Y,N,N,,CP_batch1
tcl-pgtcl,,,N,N,Y,Y,N,N,,
tclx,,,N,N,Y,Y,N,N,,
teckit,Archana,,N,N,Y,Y,N,N,,P0
telnet,,,N,N,Y,Y,N,N,,
tix,,,N,N,Y,Y,N,N,,
tk,Archana,,N,N,Y,Y,N,N,,New P0
tlog,Archana,,N,N,Y,Y,N,N,,New P0
tmpwatch,,,N,N,Y,Y,N,N,,
tn5250,Archana,,N,N,Y,Y,N,N,,P0
tofrodos,,,N,N,Y,Y,N,N,,
tpm-quote-tools,,,N,N,N,N,Y,N,,
tpm-tools,,,N,N,N,N,Y,N,,
trilead-ssh2,,,N,N,Y,Y,N,N,,
tss2,Archana,,N,N,Y,Y,N,N,,P0
ttmkfdir,,,N,N,Y,Y,N,N,,
twolame,Archana,,N,N,Y,Y,N,N,,P0
uchardet,Archana,,N,N,Y,Y,N,N,,P0
ucpp,,,N,N,Y,Y,N,N,,
ucs-miscfixed-fonts,,,N,N,Y,Y,N,N,,
udftools,Archana,,N,N,Y,Y,N,N,,P0
udica,,,N,N,Y,Y,N,N,,
udisks2,,,N,N,Y,Y,N,N,,
uglify-js,,,N,N,Y,Y,N,N,,
umoci,,,N,N,Y,Y,N,N,,
unicode-emoji,Jagadeesh,,N,N,Y,Y,N,N,,P0
unicode-ucd,Jagadeesh,,N,N,Y,Y,N,N,,P0
unique3,,,N,N,Y,Y,N,N,,
units,Jagadeesh,,N,N,Y,Y,N,N,,P0
upower,,,N,N,Y,Y,N,N,,
uriparser,Sumit,,N,N,Y,Y,N,N,,CP_batch1
urlview,,,N,N,Y,Y,N,N,,
usb_modeswitch,Jagadeesh,,N,N,Y,Y,N,N,,P0
usb_modeswitch-data,,,N,N,Y,Y,N,N,,
usbguard,,,N,N,Y,Y,N,N,,
usbmuxd,,,N,N,Y,Y,N,N,,
usermode,,,N,N,Y,N,N,Y,,
ustr,,,N,N,Y,Y,N,N,,
uthash,Jagadeesh,,N,N,Y,Y,N,N,,P0
uw-imap,Akarsh,,N,N,Y,Y,N,N,,CP_batch1
v4l-utils,,,N,N,Y,Y,N,N,,
vhostmd,,,N,N,Y,Y,N,N,,
vino,,,N,N,Y,Y,N,N,,
virt-p2v,Archana,,N,N,Y,Y,N,N,,CP_batch1
virt-top,Jagadeesh,,N,N,Y,Y,N,N,,P0
virt-who,,,N,N,Y,Y,N,N,,
vmem,,,N,N,Y,Y,N,N,,
volume_key,Jyoti,Override_to_Y,N,N,Y,Y,N,N,Picked up by Jyoti as a dependency for libblockdev.,P1
vorbis-tools,,,N,N,Y,Y,N,N,,
watchdog,Akarsh,,N,N,Y,Y,N,N,,P0
wavpack,Akarsh,,N,N,Y,Y,N,N,,P0
web-assets,,,N,N,Y,Y,N,N,,
webrtc-audio-processing,Akarsh,,N,N,Y,Y,N,N,,P0
whois,Akarsh,,N,N,Y,Y,N,N,,P0
wireshark,Sumit,,N,N,Y,Y,N,N,,
woff2,,,N,N,Y,Y,N,N,,
wordnet,,,N,N,Y,Y,N,N,,
wpebackend-fdo,,,N,N,Y,Y,N,N,,
wsmancli,,,N,N,Y,Y,N,N,,
wvdial,,,N,N,Y,Y,N,N,,
x3270,,,N,N,Y,Y,N,N,,
xalan-j2,,,N,N,Y,Y,N,N,,
xapian-core,Aninda,,N,N,Y,Y,N,N,,P0
xbean,,,N,N,Y,Y,N,N,,
xcb-util,,,N,N,Y,N,N,Y,,
xcb-util-image,,,N,N,Y,N,N,Y,,
xcb-util-keysyms,,,N,N,Y,N,N,Y,,
xcb-util-renderutil,,,N,N,Y,N,N,Y,,
xcb-util-wm,Aninda,,N,N,Y,Y,N,N,,P0
xdelta,,,N,N,Y,Y,N,N,,
xdg-dbus-proxy,Aninda,,N,N,Y,Y,N,N,,P0
xdg-utils,Aninda,,N,N,Y,Y,N,N,,P0
xerces-j2,,,N,N,Y,Y,N,N,,
xfconf,Kevin,,N,N,Y,Y,N,N,,P0
xfsdump,Kevin,,N,N,Y,Y,N,N,,P0
xhtml1-dtds,,,N,N,Y,Y,N,N,,
xmldb-api,,,N,N,Y,Y,N,N,,
xmlrpc-c,Sumit,Y,N,N,Y,Y,N,N,,P1
xmlunit,,,N,N,Y,Y,N,N,,
xorg-x11-fonts,,,N,N,Y,Y,N,N,,
xorg-x11-utils,,,N,N,Y,Y,N,N,,
xpp2,,,N,N,Y,Y,N,N,,
xpp3,Aninda,,N,N,Y,Y,N,N,,CP_batch1
xrestop,Kevin,,N,N,Y,Y,N,N,,P0
xterm,Archana,,N,N,Y,Y,N,N,,New P0
yelp-tools,Archana,,N,N,Y,Y,N,N,,New P0
yelp-xsl,Archana,,N,N,Y,Y,N,N,,New P0
ykclient,,,N,N,Y,Y,N,N,,
ypserv,Kevin,,N,N,Y,Y,N,N,,P0
z3,Akhila,,N,N,Y,Y,N,N,,CP_batch1
zenity,,,N,N,Y,Y,N,N,,
zopfli,,,N,N,Y,Y,N,N,,
zziplib,,,N,N,Y,Y,N,N,,
DartSass,Sumit,,Y,Y,,,,,,P1
rubygem-sys-filesystem,Jyoti,Y,,,,,,,New package built and added,P1
libimobiledevice-glue,Kevin,Y,,,,,,,New package built and added,P1
rubygem-puppet-resource_api,Sumit,Y,,,,,,,Not there in the original list,P1
rubygem-hocon,Sumit,Y,,,,,,,Not there in the original list,P1
rubygem-deep_merge,Sumit,Y,,,,,,,Not there in the original list,P1
hiera,Sumit,Y,,,,,,,Not there in the original list,P1
libselinux,Sumit,Y,,,,,,,"Instead of extended, it is a core package, but had to be upgraded to complete the upgrade of puppet.",P1
rubygem-racc,Sumit,Y,,,,,,,New package built and added,P1
rubygem-scanf,Sumit,Y,,,,,,,New package built and added,P1
rubygem-test-unit-ruby-core,Sumit,Y,,,,,,,New package built and added,P1
perl-Test-RandomResult,Kevin,Y,,,,,,,New package built and added,P1
NOVALIDPACKAGE,NO-DEV,,,,,,,,,
