S.No.,Package Name,Need Upgrade (Y/N/Revisit/Remove),Upgrade to version (Version/Revisit/NA),"Priority (P0, P1, P3)",Evaluator,"Status (Not Started, Ongoing, PR Raised, PR in Review, Done-Upgrade, Done-FixBuild, Done-OtherChanges, NA-Uptodate)",Obsoleted and Frozen PR Link,Start Date,End Date,Last activity date,3.0-dev Daily Build status   (Y/N),Build status date,Version in 2.0,Version in 3.0,Latest Version  (Fedora Sources),Fedora Sources Link,Latest Upstream Version,Upstream Sources Link,Remark / Plan for the package,PR Link
1,chan,N,NA,,Neeraj,NA-Uptodate,,2024-10-03 0:00:00,2024-10-03 0:00:00,,Y,2024-10-03 0:00:00,0.0.4,0.0.4,0.0.4,https://kojipkgs.fedoraproject.org//packages/chan/0.0.4/13.fc41/src/chan-0.0.4-13.fc41.src.rpm,0.0.4,"https://github.com/tylertreat/chan

https://github.com/tylertreat/chan/archive/refs/tags/0.0.4.tar.gz",,
2,cim-schema,Y,2.54,,Neeraj,Not Started,,,,,Y,2024-10-03 0:00:00,2.43.0,2.43.0,2.54.1,https://kojipkgs.fedoraproject.org//packages/cim-schema/2.54.1/5.fc41/src/cim-schema-2.54.1-5.fc41.src.rpm,2.55.0,"http://www.dmtf.org/

https://www.dmtf.org/standards/cim/cim_schema_v2550",,
3,cjkuni-uming-fonts,Y,0.2.20080216.2,,Neeraj,Not Started,,,,,N,2024-10-03 0:00:00,0.2.20080216.1,0.2.20080216.1,0.2.20080216.2,"https://koji.fedoraproject.org/koji/buildinfo?buildID=2489684

https://kojipkgs.fedoraproject.org//packages/cjkuni-uming-fonts/0.2.20080216.2/6.fc41/src/cjkuni-uming-fonts-0.2.20080216.2-6.fc41.src.rpm",0.2.20080216.1,"http://deb.debian.org/debian/pool/main/f/fonts-arphic-uming

http://ftp.debian.org/debian/pool/main/f/fonts-arphic-uming/fonts-arphic-uming_0.2.20080216.2.orig.tar.bz2

http://www.freedesktop.org/wiki/Software/CJKUnifonts

https://www.freedesktop.org/wiki/Software/CJKUnifonts/Download/

https://kojipkgs.fedoraproject.org//packages/cjkuni-uming-fonts/0.2.20080216.2/6.fc41/src/cjkuni-uming-fonts-0.2.20080216.2-6.fc41.src.rpm


http://ftp.debian.org/debian/pool/main/t/ttf-arphic-uming/ttf-arphic-uming_%{version}.orig.tar.gz","Points to note:
1. The upstream version is behind the Fedora sources version.  
2. The Upstream also says that the project is Inactive(See ""Inactive projects"" section of https://www.freedesktop.org/wiki/Software/).

On 23 Oct it was decided that we will upgrade it to 0.2.20080216.2.
Despite the upstream being inactive (See ""Inactive projects section of ""https://www.freedesktop.org/wiki/Software/""), we are not removing it because removing a font package may have some effects like other packages depend upon it.",
4,cjose,Y,0.6.2.3,,Neeraj,Not Started,,,,,N,2024-10-14 0:00:00,0.6.1-6,0.6.1-6,0.6.2.2,https://kojipkgs.fedoraproject.org//packages/cjose/0.6.2.2/5.fc41/src/cjose-0.6.2.2-5.fc41.src.rpm,0.6.2.3,"https://github.com/OpenIDC/cjose

https://github.com/OpenIDC/cjose/releases

https://github.com/OpenIDC/cjose/releases/tag/v0.6.2.3",,
5,cldr-emoji-annotation,Y,Revisit,,Neeraj,Not Started,,,,,Y,2024-10-14 0:00:00,37.0_13.0_0_1-2,37.0_13.0_0_1-2,46~beta1-1,https://kojipkgs.fedoraproject.org//packages/cldr-emoji-annotation/46~beta1/1.fc42/src/cldr-emoji-annotation-46~beta1-1.fc42.src.rpm,45,"https://cldr.unicode.org/

https://github.com/unicode-org/cldr

https://github.com/unicode-org/cldr/releases

https://github.com/unicode-org/cldr/releases/tag/release-45","On Upstream (as seen on github) 45 seems to be the latest stable release.  46~beta is not the stable release.

Therefore, instead of 46~beta from Fedora sources we must use 45 from the upstream on github.",
6,clucene,,,,Neeraj,Not Started,,,,,N,2024-10-14 0:00:00,2.3.3.4-39,2.3.3.4-39,2.3.3.4-49,,,,,
7,clutter,,,,Neeraj,Not Started,,,,,Y,2024-10-14 0:00:00,1.26.4-10,1.26.4-10,,,,,,
8,clutter-gst3,,,,Neeraj,Not Started,,,,,Y,2024-10-14 0:00:00,3.0.27-15,3.0.27-15,,,,,,
9,clutter-gtk,,,,Neeraj,Not Started,,,,,Y,2024-10-14 0:00:00,1.8.4-15,1.8.4-15,,,,,,
11,cogl,,,,Neeraj,Not Started,,,,,Y,2024-10-14 0:00:00,1.22.8-7,1.22.8-7,,,,,,
12,colorize,,,,Neeraj,Not Started,,,,,Y,2024-10-14 0:00:00,0.3.4-22,0.3.4-22,,,,,,
13,compat-lua,,,,Neeraj,Not Started,,,,,Y,2024-10-14 0:00:00,5.1.5-17,5.1.5-17,,,,,,
14,console-setup,,,,Neeraj,Not Started,,,,,Y,2024-10-14 0:00:00,1.194-3,1.194-3,,,,,,
15,container-exception-logger,,,,Neeraj,Not Started,,,,,Y,2024-10-14 0:00:00,1.0.3-7,1.0.3-7,,,,,,
16,containernetworking-plugins,,,,Neeraj,Not Started,,,,,Y,2024-10-14 0:00:00,1.1.1-13,1.1.1-13,,,,,,
17,convmv,,,,Neeraj,Not Started,,,,,Y,2024-10-14 0:00:00,2.05-7,2.05-7,,,,,,
18,corosync,,,,Neeraj,Not Started,,,,,N,2024-10-14 0:00:00,3.0.4-3,3.0.4-3,,,,,,
19,corosync-qdevice,,,,Neeraj,Not Started,,,,,N,2024-10-14 0:00:00,3.0.1-3,3.0.1-3,,,,,,
20,cppcheck,,,,Neeraj,Not Started,,,,,N,2024-10-14 0:00:00,2.7-2,2.7-2,,,,,,
21,cpptest,,,,Neeraj,Not Started,,,,,Y,2024-10-14 0:00:00,1.1.2-20,1.1.2-20,,,,s,,
22,cpuid,,,,Neeraj,Not Started,,,,,Y,2024-10-14 0:00:00,20200427-2,20200427-2,,,,,,
23,hunspell-af,,,,Neeraj,Not Started,,,,,,,,,,,,,,
24,hunspell-ar                                                                   ,,,,Neeraj,Not Started,,,,,,,,,,,,,,
25,hunspell-as                                                                   ,,,,Neeraj,Not Started,,,,,,,,,,,,,,
26,hunspell-ast                                                                  ,,,,Neeraj,Not Started,,,,,,,,,,,,,,
27,hunspell-az                                                                   ,,,,Neeraj,Not Started,,,,,,,,,,,,,,
28,hunspell-be                                                                   ,,,,Neeraj,Not Started,,,,,,,,,,,,,,
29,hunspell-bg                                                                   ,,,,Neeraj,Not Started,,,,,,,,,,,,,,
30,hunspell-bn                                                                   ,,,,Neeraj,Not Started,,,,,,,,,,,,,,
31,hunspell-br                                                                   ,,,,Neeraj,Not Started,,,,,,,,,,,,,,
32,hunspell-ca                                                                   ,,,,Neeraj,Not Started,,,,,,,,,,,,,,
33,hunspell-cop                                                                  ,,,,Neeraj,Not Started,,,,,,,,,,,,,,
34,hunspell-csb                                                                  ,,,,Neeraj,Not Started,,,,,,,,,,,,,,
35,hunspell-cv                                                                   ,,,,Neeraj,Not Started,,,,,,,,,,,,,,
36,hunspell-cy                                                                   ,,,,Neeraj,Not Started,,,,,,,,,,,,,,
37,hunspell-da                                                                   ,,,,Neeraj,Not Started,,,,,,,,,,,,,,
38,hunspell-de                                                                   ,,,,Neeraj,Not Started,,,,,,,,,,,,,,
39,hunspell-dsb                                                                  ,,,,Neeraj,Not Started,,,,,,,,,,,,,,
40,hunspell-el                                                                   ,,,,Neeraj,Not Started,,,,,,,,,,,,,,
41,hunspell-eo                                                                   ,,,,Neeraj,Not Started,,,,,,,,,,,,,,
42,hunspell-es                                                                   ,,,,Neeraj,Not Started,,,,,,,,,,,,,,
43,hunspell-et                                                                   ,,,,Neeraj,Not Started,,,,,,,,,,,,,,
44,hunspell-eu                                                                   ,,,,Neeraj,Not Started,,,,,,,,,,,,,,
45,hunspell-fa                                                                   ,,,,Neeraj,Not Started,,,,,,,,,,,,,,
46,hunspell-fj                                                                   ,,,,Neeraj,Not Started,,,,,,,,,,,,,,
47,hunspell-fo                                                                   ,,,,Neeraj,Not Started,,,,,,,,,,,,,,
48,hunspell-fr                                                                   ,,,,Neeraj,Not Started,,,,,,,,,,,,,,
49,hunspell-fur                                                                  ,,,,Neeraj,Not Started,,,,,,,,,,,,,,
50,hunspell-fy                                                                   ,,,,Neeraj,Not Started,,,,,,,,,,,,,,
51,hunspell-ga                                                                   ,,,,Neeraj,Not Started,,,,,,,,,,,,,,
52,hunspell-gd                                                                   ,,,,Neeraj,Not Started,,,,,,,,,,,,,,
53,hunspell-gl                                                                   ,,,,Neeraj,Not Started,,,,,,,,,,,,,,
54,hunspell-grc                                                                  ,,,,Neeraj,Not Started,,,,,,,,,,,,,,
55,hunspell-gu                                                                   ,,,,Neeraj,Not Started,,,,,,,,,,,,,,
56,hunspell-gv                                                                   ,,,,Neeraj,Not Started,,,,,,,,,,,,,,
57,hunspell-haw                                                                  ,,,,Neeraj,Not Started,,,,,,,,,,,,,,
58,hunspell-hi                                                                   ,,,,Neeraj,Not Started,,,,,,,,,,,,,,
59,hunspell-hil                                                                  ,,,,Neeraj,Not Started,,,,,,,,,,,,,,
60,hunspell-hr                                                                   ,,,,Neeraj,Not Started,,,,,,,,,,,,,,
61,hunspell-hsb                                                                  ,,,,Neeraj,Not Started,,,,,,,,,,,,,,
62,hunspell-ht                                                                   ,,,,Neeraj,Not Started,,,,,,,,,,,,,,
63,hunspell-hu                                                                   ,,,,Neeraj,Not Started,,,,,,,,,,,,,,
64,hunspell-hy                                                                   ,,,,Neeraj,Not Started,,,,,,,,,,,,,,
65,hunspell-ia                                                                   ,,,,Neeraj,Not Started,,,,,,,,,,,,,,
66,hunspell-id                                                                   ,,,,Neeraj,Not Started,,,,,,,,,,,,,,
67,hunspell-is                                                                   ,,,,Neeraj,Not Started,,,,,,,,,,,,,,
68,hunspell-it                                                                   ,,,,Neeraj,Not Started,,,,,,,,,,,,,,
69,hunspell-kk                                                                   ,,,,Neeraj,Not Started,,,,,,,,,,,,,,
70,hunspell-km                                                                   ,,,,Neeraj,Not Started,,,,,,,,,,,,,,
71,hunspell-kn                                                                   ,,,,Neeraj,Not Started,,,,,,,,,,,,,,
72,hunspell-ko                                                                   ,,,,Neeraj,Not Started,,,,,,,,,,,,,,
73,hunspell-ku                                                                   ,,,,Neeraj,Not Started,,,,,,,,,,,,,,
74,hunspell-ky                                                                   ,,,,Neeraj,Not Started,,,,,,,,,,,,,,
75,hunspell-la                                                                   ,,,,Neeraj,Not Started,,,,,,,,,,,,,,
76,hunspell-lb                                                                   ,,,,Neeraj,Not Started,,,,,,,,,,,,,,
77,hunspell-ln                                                                   ,,,,Neeraj,Not Started,,,,,,,,,,,,,,
78,hunspell-mai                                                                  ,,,,Neeraj,Not Started,,,,,,,,,,,,,,
79,hunspell-mg                                                                   ,,,,Neeraj,Not Started,,,,,,,,,,,,,,
80,hunspell-mi                                                                   ,,,,Neeraj,Not Started,,,,,,,,,,,,,,
81,hunspell-mk                                                                   ,,,,Neeraj,Not Started,,,,,,,,,,,,,,
82,hunspell-ml                                                                   ,,,,Neeraj,Not Started,,,,,,,,,,,,,,
83,hunspell-mn                                                                   ,,,,Neeraj,Not Started,,,,,,,,,,,,,,
84,hunspell-mos                                                                  ,,,,Neeraj,Not Started,,,,,,,,,,,,,,
85,hunspell-mr                                                                   ,,,,Neeraj,Not Started,,,,,,,,,,,,,,
86,hunspell-ms                                                                   ,,,,Neeraj,Not Started,,,,,,,,,,,,,,
87,hunspell-mt                                                                   ,,,,Neeraj,Not Started,,,,,,,,,,,,,,
88,hunspell-nds                                                                  ,,,,Neeraj,Not Started,,,,,,,,,,,,,,
89,hunspell-ne                                                                   ,,,,Neeraj,Not Started,,,,,,,,,,,,,,
90,hunspell-nl                                                                   ,,,,Neeraj,Not Started,,,,,,,,,,,,,,
91,hunspell-no                                                                   ,,,,Neeraj,Not Started,,,,,,,,,,,,,,
92,hunspell-nr                                                                   ,,,,Neeraj,Not Started,,,,,,,,,,,,,,
93,hunspell-nso                                                                  ,,,,Neeraj,Not Started,,,,,,,,,,,,,,
94,hunspell-ny                                                                   ,,,,Neeraj,Not Started,,,,,,,,,,,,,,
95,hunspell-om                                                                   ,,,,Neeraj,Not Started,,,,,,,,,,,,,,
96,hunspell-or                                                                   ,,,,Neeraj,Not Started,,,,,,,,,,,,,,
97,hunspell-pa                                                                   ,,,,Neeraj,Not Started,,,,,,,,,,,,,,
98,hunspell-pl                                                                   ,,,,Neeraj,Not Started,,,,,,,,,,,,,,
99,hunspell-pt                                                                   ,,,,Neeraj,Not Started,,,,,,,,,,,,,,
100,hunspell-quh                                                                  ,,,,Neeraj,Not Started,,,,,,,,,,,,,,
101,hunspell-ro                                                                   ,,,,Neeraj,Not Started,,,,,,,,,,,,,,
102,hunspell-ru                                                                   ,,,,Neeraj,Not Started,,,,,,,,,,,,,,
103,hunspell-rw                                                                   ,,,,Neeraj,Not Started,,,,,,,,,,,,,,
104,hunspell-se                                                                   ,,,,Neeraj,Not Started,,,,,,,,,,,,,,
105,hunspell-shs                                                                  ,,,,Neeraj,Not Started,,,,,,,,,,,,,,
106,hunspell-si                                                                   ,,,,Neeraj,Not Started,,,,,,,,,,,,,,
107,hunspell-sk                                                                   ,,,,Neeraj,Not Started,,,,,,,,,,,,,,
108,hunspell-sl                                                                   ,,,,Neeraj,Not Started,,,,,,,,,,,,,,
109,hunspell-smj                                                                  ,,,,Neeraj,Not Started,,,,,,,,,,,,,,
110,hunspell-so                                                                   ,,,,Neeraj,Not Started,,,,,,,,,,,,,,
111,hunspell-sq                                                                   ,,,,Neeraj,Not Started,,,,,,,,,,,,,,
112,hunspell-sr                                                                   ,,,,Neeraj,Not Started,,,,,,,,,,,,,,
113,hunspell-sv                                                                   ,,,,Neeraj,Not Started,,,,,,,,,,,,,,
114,hunspell-sw                                                                   ,,,,Neeraj,Not Started,,,,,,,,,,,,,,
115,hunspell-ta                                                                   ,,,,Neeraj,Not Started,,,,,,,,,,,,,,
116,hunspell-te                                                                   ,,,,Neeraj,Not Started,,,,,,,,,,,,,,
117,hunspell-tet                                                                  ,,,,Neeraj,Not Started,,,,,,,,,,,,,,
118,hunspell-th                                                                   ,,,,Neeraj,Not Started,,,,,,,,,,,,,,
119,hunspell-tk                                                                   ,,,,Neeraj,Not Started,,,,,,,,,,,,,,
120,hunspell-tl                                                                   ,,,,Neeraj,Not Started,,,,,,,,,,,,,,
121,hunspell-tn                                                                   ,,,,Neeraj,Not Started,,,,,,,,,,,,,,
122,hunspell-tpi                                                                  ,,,,Neeraj,Not Started,,,,,,,,,,,,,,
123,hunspell-ts                                                                   ,,,,Neeraj,Not Started,,,,,,,,,,,,,,
124,hunspell-uk                                                                   ,,,,Neeraj,Not Started,,,,,,,,,,,,,,
125,hunspell-uz                                                                   ,,,,Neeraj,Not Started,,,,,,,,,,,,,,
126,hunspell-ve                                                                   ,,,,Neeraj,Not Started,,,,,,,,,,,,,,
127,hunspell-vi                                                                   ,,,,Neeraj,Not Started,,,,,,,,,,,,,,
128,hunspell-wa                                                                   ,,,,Neeraj,Not Started,,,,,,,,,,,,,,
129,hunspell-xh                                                                   ,,,,Neeraj,Not Started,,,,,,,,,,,,,,
130,hunspell-yi                                                                   ,,,,Neeraj,Not Started,,,,,,,,,,,,,,
131,mailx                                                                         ,,,,Neeraj,Not Started,,,,,,,,,,,,,,
132,mallard-rng                                                                   ,,,,Neeraj,Not Started,,,,,,,,,,,,,,
133,man-pages-cs                                                                  ,,,,Neeraj,Not Started,,,,,,,,,,,,,,
134,man-pages-es                                                                  ,,,,Neeraj,Not Started,,,,,,,,,,,,,,
135,man-pages-it                                                                  ,,,,Neeraj,Not Started,,,,,,,,,,,,,,
136,man-pages-ja                                                                  ,,,,Neeraj,Not Started,,,,,,,,,,,,,,
137,man-pages-ko                                                                  ,,,,Neeraj,Not Started,,,,,,,,,,,,,,
138,man-pages-pl                                                                  ,,,,Neeraj,Not Started,,,,,,,,,,,,,,
139,man-pages-ru                                                                  ,,,,Neeraj,Not Started,,,,,,,,,,,,,,
140,man-pages-zh-CN                                                               ,,,,Neeraj,Not Started,,,,,,,,,,,,,,
141,mariadb-connector-odbc                                                        ,,,,Neeraj,Not Started,,,,,,,,,,,,,,
142,marisa                                                                        ,,,,Neeraj,Not Started,,,,,,,,,,,,,,
143,maven-parent                                                                  ,,,,Neeraj,Not Started,,,,,,,,,,,,,,
144,mcelog                                                                        ,,,,Neeraj,Not Started,,,,,,,,,,,,,,
145,mdds                                                                          ,,,,Neeraj,Not Started,,,,,,,,,,,,,,
146,meanwhile                                                                     ,,,,Neeraj,Not Started,,,,,,,,,,,,,,
147,mecab                                                                         ,,,,Neeraj,Not Started,,,,,,,,,,,,,,
148,mecab-ipadic                                                                  ,,,,Neeraj,Not Started,,,,,,,,,,,,,,
149,media-player-info                                                             ,,,,Neeraj,Not Started,,,,,,,,,,,,,,
150,memkind                                                                       ,,,,Neeraj,Not Started,,,,,,,,,,,,,,
151,metis                                                                         ,,,,Neeraj,Not Started,,,,,,,,,,,,,,
152,microcode_ctl                                                                 ,,,,Neeraj,Not Started,,,,,,,,,,,,,,
153,microdnf                                                                      ,,,,Neeraj,Not Started,,,,,,,,,,,,,,
154,minicom                                                                       ,,,,Neeraj,Not Started,,,,,,,,,,,,,,
155,minizip                              ,,,,Neeraj,Not Started,,,,,,,,,,,,,,
