S.No.,Package Name,Need Upgrade (Y/N/Revisit/Remove),Upgrade to version (Version/Revisit/NA),"Priority (P0, P1, P3)",Evaluator,"Status (Not Started, Ongoing, PR Raised, PR in Review, Done-Upgrade, Done-FixBuild, Done-OtherChanges, NA-Uptodate)",Obsoleted and Frozen PR Link,Start Date,End Date,Last activity date,3.0-dev Daily Build status   (Y/N),Build status date,Version in 2.0,Version in 3.0,Latest Version  (Fedora Sources),Fedora Sources Link,Latest Upstream Version,Upstream Sources Link,Remark / Plan for the package,PR Link,
1,CharLS,Y,2.4.2,,Jyoti,Done-Upgrade,https://github.com/microsoft/azurelinux/pull/10532,22-09-2024,24-09-2024,,Y,02-10-2024,2.0.0,2.0.0,2.4.2,"https://src.fedoraproject.org/rpms/CharLS
Fedora 42 Source:
https://koji.fedoraproject.org/koji/buildinfo?buildID=2487962
",2.4.2,"https://github.com/team-charls/charls/ 

https://github.com/team-charls/charls/tags


The 2.4.2 tar.gz:

https://github.com/team-charls/charls/releases/tag/2.4.2",Upgrade done,,
2,GConf2,N,NA,,Jyoti,NA-Uptodate,,20-09-2024,20-09-2024,,Y,02-10-2024,3.2.6,3.2.6,3.2.6,"https://src.fedoraproject.org/rpms/GConf2
Fedora 42 Source:
https://koji.fedoraproject.org/koji/buildinfo?buildID=2487990",3.2.6,"https://download.gnome.org/sources/GConf/3.2/
",,,
3,GeoIP,N,NA,,Jyoti,NA-Uptodate,,19-09-2024,19-09-2024,,Y,02-10-2024,1.6.12,1.6.12,1.6.12,"https://src.fedoraproject.org/rpms/GeoIP
Fedora 42 Source:
https://koji.fedoraproject.org/koji/buildinfo?buildID=2488004",1.6.12,"https://src.fedoraproject.org/rpms/GeoIP

Fedora 42 Source:
https://koji.fedoraproject.org/koji/buildinfo?buildID=2488004",,,
4,GeoIP-GeoLite-data,N,NA,,Jyoti,NA-Uptodate,,19-09-2024,19-09-2024,,Y,02-10-2024,2018.06,2018.06,2018.06,"https://src.fedoraproject.org/rpms/GeoIP-GeoLite-data
Fedora 42 Source:
https://koji.fedoraproject.org/koji/buildinfo?buildID=2487997",,,,,
5,Judy,N,NA,,Jyoti,NA-Uptodate,,19-09-2024,19-09-2024,,Y,02-10-2024,1.0.5,1.0.5,1.0.5,"https://src.fedoraproject.org/rpms/Judy
Fedora 42 Source:
https://koji.fedoraproject.org/koji/buildinfo?buildID=2488017",1.0.5,https://sourceforge.net/projects/judy/files/judy/,,,
6,LibRaw,Y,0.21.3,,Jyoti,PR in Review,https://github.com/microsoft/azurelinux/pull/10618,27-09-2024,30-09-2024,,Y,02-10-2024,0.19.5,0.19.5,0.21.3,"https://src.fedoraproject.org/rpms/LibRaw
Fedora 42 Source:
https://koji.fedoraproject.org/koji/buildinfo?buildID=2550171",0.21.3,Download | LibRaw,,https://github.com/microsoft/azurelinux/pull/10618,
7,ORBit2,N,NA,,Jyoti,NA-Uptodate,,20-09-2024,20-09-2024,,Y,02-10-2024,2.14.19,2.14.19,2.14.19,"https://src.fedoraproject.org/rpms/ORBit2

Fedora 42 Source:

https://koji.fedoraproject.org/koji/buildinfo?buildID=2488100",2.14.19,Index of /sources/ORBit2/2.14/ (gnome.org),,,
8,OpenEXR,Y,3.2.4,,Jyoti,Not Started,,,,,Y,02-10-2024,2.3.0,2.3.0,3.2.4,"https://src.fedoraproject.org/rpms/openexr
Fedora 42 Source:
https://koji.fedoraproject.org/koji/buildinfo?buildID=2499123",,https://github.com/AcademySoftwareFoundation/openexr/releases/download/v3.2.4/openexr-v3.2.4.tar.gz,,,
9,PEGTL,Y,3.2.8,,Jyoti,PR in Review,https://github.com/microsoft/azurelinux/pull/10695,08-10-2024,08-10-2024,11-10-2024,Y,02-10-2024,2.8.3,2.8.3,2.8.3,"https://src.fedoraproject.org/rpms/PEGTL

Fedora 42 Source:
https://koji.fedoraproject.org/koji/buildinfo?buildID=2488113",3.2.8,https://github.com/taocpp/PEGTL/archive/refs/tags/3.2.8.tar.gz,,https://github.com/microsoft/azurelinux/pull/10695,
10,PyGreSQL,Y,6.0.1,,Jyoti,PR in Review,https://github.com/microsoft/azurelinux/pull/10544,24-09-2024,25-09-2024,,Y,02-10-2024,5.2.2,5.2.2,6.0.1,"https://src.fedoraproject.org/rpms/PyGreSQL

Fedora 42 Source:

https://koji.fedoraproject.org/koji/buildinfo?buildID=2488081",6.0.1,"https://github.com/PyGreSQL/PyGreSQL/releases/tag/6.0.1
",,,
11,SDL,Revisit,Revisit,,Jyoti,Not Started,,,,,y,06-10-2024,1.2.15,1.2.15,,Package is currently unmaintained,,,SDL package was replaced with sdl12-compat package (bug #1967205).,,
12,SDL2,Y,2.30.3,,Jyoti,Not Started,,,,,N,06-10-2024,2.24.0,2.24.0,2.30.3,"https://src.fedoraproject.org/rpms/SDL2

Fedora 42 Source:

https://koji.fedoraproject.org/koji/buildinfo?buildID=2488560
",2.30.8,https://github.com/libsdl-org/SDL/archive/refs/tags/release-2.30.8.tar.gz,,,
13,SDL_sound,N,NA,,Jyoti,NA-Uptodate,,19-09-2024,19-09-2024,,Y,02-10-2024,1.0.3,1.0.3,1.0.3,"https://src.fedoraproject.org/rpms/a52dec

Fedora 42 Source:

https://koji.fedoraproject.org/koji/buildinfo?buildID=2488625",1.0.3,https://icculus.org/SDL_sound/downloads/,,,
14,SuperLU,Y,7.0.0,,Jyoti,PR Approved,https://github.com/microsoft/azurelinux/pull/10744,14-10-2024,15-10-2024,,Y,08-10-2024,5.2.1,5.2.1,7.0.0,"https://src.fedoraproject.org/rpms/SuperLU
Fedora 42 Source:

https://koji.fedoraproject.org/koji/buildinfo?buildID=2541706",7.0.0,https://github.com/xiaoyeli/superlu/archive/refs/tags/v7.0.0.tar.gz,,,
15,Xaw3d,Y,1.6.6,,Jyoti,PR in Review,https://github.com/microsoft/azurelinux/pull/10762,15-10-2024,16-10-2024,,Y,08-10-2024,1.6.3,1.6.3,1.6.6,"https://src.fedoraproject.org/rpms/Xaw3d
Fedora 42 Source:

https://koji.fedoraproject.org/koji/buildinfo?buildID=2488616",1.6.6,https://xorg.freedesktop.org/archive/individual/lib/,,https://github.com/microsoft/azurelinux/pull/10762,
16,a52dec,N,,,Jyoti,NA-Uptodate,,,,,Y,02-10-2024,0.7.4,0.7.4,0.7.4,"https://src.fedoraproject.org/rpms/a52dec

Fedora 42 Source:

https://koji.fedoraproject.org/koji/buildinfo?buildID=2488625",,https://sourceforge.net/projects/liba52/,Upstream is not available on mentioned link. Revisit later.,,
17,accountsservice,Y,23.13.9,,Jyoti,PR Approved,https://github.com/microsoft/azurelinux/pull/10766,16-10-2024,17-10-2024,,N,08-10-2024,0.6.55,0.6.55,23.13.9,"https://src.fedoraproject.org/rpms/accountsservice
Fedora 42 Source:

https://koji.fedoraproject.org/koji/buildinfo?buildID=2488646
",23.13.9,https://www.freedesktop.org/software/accountsservice/accountsservice-23.13.9.tar.xz,,https://github.com/microsoft/azurelinux/pull/10766,
18,acpid,Y,2.0.34,,Jyoti,PR Approved,https://github.com/microsoft/azurelinux/pull/10696,09-10-2024,10-10-2024,11-10-2024,Y,08-10-2024,2.0.32,2.0.32,2.0.34,"https://src.fedoraproject.org/rpms/acpid

Fedora 42 Source:

https://koji.fedoraproject.org/koji/buildinfo?buildID=2525508
",2.0.34,https://sourceforge.net/projects/acpid2/files/latest/download,,https://github.com/microsoft/azurelinux/pull/10696,
19,adcli,N,NA,,Jyoti,NA-Uptodate,,19-09-2024,19-09-2024,,Y,02-10-2024,0.9.2,0.9.2,0.9.2,"https://src.fedoraproject.org/rpms/adcli

Fedora 42 Source:

https://koji.fedoraproject.org/koji/buildinfo?buildID=2488665",0.9.2,"Releases · realmd / adcli · GitLab
",,,
20,adobe-mappings-cmap,Y,20231115,,Jyoti,PR Approved,https://github.com/microsoft/azurelinux/pull/10765,17-10-2024,17-10-2024,,Y,08-10-2024,20171205,20171205,20230622,"https://src.fedoraproject.org/rpms/adobe-mappings-cmap
Fedora 42 Source:

https://koji.fedoraproject.org/koji/buildinfo?buildID=2488673
",20231115,https://github.com/adobe-type-tools/cmap-resources/archive/refs/tags/20231115.tar.gz,,https://github.com/microsoft/azurelinux/pull/10765,
21,adobe-mappings-pdf,Y,20230118,,Jyoti,PR Approved,https://github.com/microsoft/azurelinux/pull/10792,18-10-2024,21-10-2024,,Y,08-10-2024,20180407,20180407,20190401,"https://src.fedoraproject.org/rpms/adobe-mappings-pdf
Fedora 42 Source:

https://koji.fedoraproject.org/koji/buildinfo?buildID=2488674",20230118,https://github.com/adobe-type-tools/mapping-resources-pdf/archive/refs/tags/20230118.tar.gz,,https://github.com/microsoft/azurelinux/pull/10792,
22,cmake-fedora,N,NA,,Jyoti,NA-Uptodate,,19-09-2024,19-09-2024,,Y,02-10-2024,2.9.3,2.9.3,2.9.3,"https://src.fedoraproject.org/rpms/cmake-fedora

Fedora 42 Sources:

https://koji.fedoraproject.org/koji/buildinfo?buildID=2489765
",2.9.3,"https://pagure.io/cmake-fedora/releases

The 2.9.3 tar.gz:

https://pagure.io/cmake-fedora/archive/2.9.3/cmake-fedora-2.9.3.tar.gz","The Source0 in spec should be updated to the tar.gz path captured in cell I7, i.e. 
https://pagure.io/cmake-fedora/archive/2.9.3/cmake-fedora-2.9.3.tar.gz",,
23,realmd,Y,0.17.1,,Jyoti,Done-Upgrade,https://github.com/microsoft/azurelinux/pull/10560,26-09-2024,27-09-2024,,Y,02-10-2024,0.16.3,0.16.3,0.17.1,"https://src.fedoraproject.org/rpms/realmd
In Fedora 42 the sources are:
https://koji.fedoraproject.org/koji/buildinfo?buildID=2507067",0.17.1,https://gitlab.freedesktop.org/realmd/realmd/-/releases,Upgrade done,,
25,exempi,Y,2.6.5,,Jyoti,PR Approved,https://github.com/microsoft/azurelinux/pull/10796,18-10-2024,21-10-2024,,Y,08-10-2024,2.6.1,2.6.1,2.6.4,"https://src.fedoraproject.org/rpms/exempi
Fedora 42 Source:
https://koji.fedoraproject.org/koji/buildinfo?buildID=2490862",2.6.5,https://gitlab.freedesktop.org/libopenraw/exempi/-/archive/2.6.5/exempi-2.6.5.tar.bz2,,https://github.com/microsoft/azurelinux/pull/10796,
26,exiv2,Y,0.28.3,,Jyoti,PR Raised,https://github.com/microsoft/azurelinux/pull/10820,21-10-2024,22-10-2024,,Y,08-10-2024,0.28.0,0.28.0,0.28.3,"https://src.fedoraproject.org/rpms/exiv2
Fedora 42 Source:

https://koji.fedoraproject.org/koji/buildinfo?buildID=2558117",0.28.3,https://github.com/Exiv2/exiv2/archive/refs/tags/v0.28.3.tar.gz,,https://github.com/microsoft/azurelinux/pull/10820,
27,fabtests,Y,1.22,,Jyoti,PR Raised,https://github.com/microsoft/azurelinux/pull/10982,07-11-2024,08-11-2024,,Y,08-10-2024,1.12.0,1.12.0,1.18,"https://src.fedoraproject.org/rpms/fabtests
Fedora 42 Source:
https://koji.fedoraproject.org/koji/buildinfo?buildID=2490896",1.22,https://github.com/ofiwg/libfabric/releases/download/v1.22.0/fabtests-1.22.0.tar.bz2,,https://github.com/microsoft/azurelinux/pull/10982,
28,facter,Y,4.9.0,,Jyoti,PR Raised,https://github.com/microsoft/azurelinux/pull/10889,28-10-2024,30-10-2024,,Y,08-10-2024,4.2.13,4.2.13,4.9.0,"https://src.fedoraproject.org/rpms/facter
Fedora 42 Source:

https://koji.fedoraproject.org/koji/buildinfo?buildID=2556895",4.9.0.,https://downloads.puppetlabs.com/facter/facter-4.9.0.gem,,,
29,fakechroot,N,NA,,Jyoti,NA-Uptodate,,14-10-2024,14-10-2024,,Y,08-10-2024,2.20.1,2.20.1,2.20.1,"https://src.fedoraproject.org/rpms/fakechroot
Fedora 42 Source:
https://koji.fedoraproject.org/koji/buildinfo?buildID=2350142",2.20.1,https://github.com/dex4er/fakechroot/archive/refs/tags/2.20.1.tar.gz,,,
30,fapolicyd,Revisit,Revisit,,Jyoti,Not Started,,,,,,,1.3.2,,,,,,Not Found,,
31,fdk-aac-free,N,,,Jyoti,Not Started,,,,,Y,08-10-2024,2.0.0,2.0.0,2.0.0,"https://src.fedoraproject.org/rpms/fdk-aac-free
Fedora 42 Source:

https://koji.fedoraproject.org/koji/buildinfo?buildID=2490987",,https://sourceforge.net/projects/opencore-amr/files/fdk-aac/fdk-aac-2.0.3.tar.gz/download,upstream is not available on mentioned linkin spec. So picking from sourceforge.net,,
32,fence-virt,N,NA,,Jyoti,NA-Uptodate,,14-10-2024,14-10-2024,,N,08-10-2024,1.0.0,1.0.0,,Package is currently unmaintained,1.0.0,https://github.com/ClusterLabs/fence-virt/archive/refs/tags/v1.0.0.tar.gz,,,
33,fetchmail,Y,6.4.39,,Jyoti,PR Raised,https://github.com/microsoft/azurelinux/pull/10856,28-10-2024,28-10-2024,,Y,08-10-2024,6.4.22,6.4.22,6.4.39,"https://src.fedoraproject.org/rpms/fetchmail
Fedora 42 Source:

https://koji.fedoraproject.org/koji/buildinfo?buildID=2517122",6.5.0,https://sourceforge.net/projects/fetchmail/files/branch_6.5/fetchmail-6.5.0.rc2.tar.xz/download,,https://github.com/microsoft/azurelinux/pull/10856,
34,fftw,N,NA,,Jyoti,NA-Uptodate,,14-10-2024,14-10-2024,,Y,08-10-2024,3.3.10,3.3.10,3.3.10,"https://src.fedoraproject.org/rpms/fftw
Fedora 42 Source:

https://koji.fedoraproject.org/koji/buildinfo?buildID=2491048",3.3.10,https://www.fftw.org/fftw-3.3.10.tar.gz,,,
35,filebench,N,NA,,Jyoti,Not Started,,,,,Y,08-10-2024,1.4.9.1,1.4.9.1,1.4.9.1,"https://src.fedoraproject.org/rpms/filebench
Fedora 42 Source:

https://koji.fedoraproject.org/koji/buildinfo?buildID=2491067",1.5,https://sourceforge.net/projects/filebench/files/1.5-alpha3/,"As upstream is having alpha version, keeping version as it is",,
36,fipscheck,N,NA,,Jyoti,NA-Uptodate,,14-10-2024,14-10-2024,,N,08-10-2024,1.5.0,1.5.0,,Package is currently unmaintained,1.5.0,https://pagure.io/fipscheck/archive/fipscheck-1.5.0/fipscheck-fipscheck-1.5.0.tar.gz,Moved to SPEC as subpackage libkcapi-fipscheck,,
37,flac,N,NA,,Jyoti,NA-Uptodate,,14-10-2024,14-10-2024,,Y,08-10-2024,1.4.3,1.4.3,1.4.3,"https://src.fedoraproject.org/rpms/flac
Fedora 42 Source:

https://koji.fedoraproject.org/koji/buildinfo?buildID=2491093",1.4.3,https://ftp.osuosl.org/pub/xiph/releases/flac/flac-1.4.3.tar.xz,,,
38,flite,Y,2.2,,Jyoti,PR Raised,https://github.com/microsoft/azurelinux/pull/11269,29-11-2024,29-11-2024,,Y,08-10-2024,1.3,1.3,2.2,"https://src.fedoraproject.org/rpms/flite
Fedora 42 Source:

https://koji.fedoraproject.org/koji/buildinfo?buildID=2491127",2.2,https://github.com/festvox/flite/archive/refs/tags/v2.2.tar.gz,,,
39,fltk,Y,1.3.8,,Jyoti,PR Raised,https://github.com/microsoft/azurelinux/pull/11267,29-11-2024,29-11-2024,,Y,08-10-2024,1.3.5,1.3.5,1.3.8,"https://src.fedoraproject.org/rpms/fltk
Fedora 42 Source:

https://koji.fedoraproject.org/koji/buildinfo?buildID=2491143",1.3.9,https://www.fltk.org/pub/fltk/1.3.9/fltk-1.3.9-source.tar.gz,,https://github.com/microsoft/azurelinux/pull/11267,
40,fonts-rpm-macros,N,2.0.5,,Jyoti,Not Started,,,,,Y,08-10-2024,2.0.5,2.0.5,2.0.5,"https://src.fedoraproject.org/rpms/fonts-rpm-macros
Fedora 42 Source:

https://koji.fedoraproject.org/koji/buildinfo?buildID=2491179



",4.0.2,https://pagure.io/fonts-rpm-macros/archive/4.0.2/fonts-rpm-macros-4.0.2.tar.gz,,,
41,foomatic-db,Y,4.0.20241027,,Jyoti,PR Raised,https://github.com/microsoft/azurelinux/pull/10857,28-10-2024,28-10-2024,,Y,08-10-2024,not present,20201104,4.0.20230810,"https://src.fedoraproject.org/rpms/foomatic
Fedora 42 Source:

https://koji.fedoraproject.org/koji/buildinfo?buildID=2491181


",4.0.20241027,https://www.openprinting.org/download/foomatic/foomatic-db-4.0-20241027.tar.gz,,,
42,freeglut,N,NA,,Jyoti,Not Started,,,,,,,3.2.1,3.4.0,3.6.0,"https://src.fedoraproject.org/rpms/freeglut

Fedora 42 Source:

https://koji.fedoraproject.org/koji/buildinfo?buildID=2491237



",3.6.0,https://github.com/freeglut/freeglut/releases/download/v3.6.0/freeglut-3.6.0.tar.gz,Moved to SPEC,,
43,freeradius,Y,3.2.5,,Jyoti,Not Started,,,,,N,08-10-2024,3.2.3,3.2.3,3.2.5,"https://src.fedoraproject.org/rpms/freeradius

Fedora 42 Source:

https://koji.fedoraproject.org/koji/buildinfo?buildID=2491240


",3.2.6,https://github.com/FreeRADIUS/freeradius-server/releases/download/release_3_2_6/freeradius-server-3.2.6.tar.gz,,,
44,freexl,Y,2.0.0,,Jyoti,PR Raised,https://github.com/microsoft/azurelinux/pull/10855,25-10-1998,25-10-1998,,Y,08-10-2024,1.0.6,1.0.6,2.0.0,"https://src.fedoraproject.org/rpms/freexl

Fedora 42 Source:

https://koji.fedoraproject.org/koji/buildinfo?buildID=2491247

",2.0.0,https://www.gaia-gis.it/gaia-sins/freexl-2.0.0.tar.gz,,,
45,fros,N,,,Jyoti,Not Started,,,,,Y,08-10-2024,1.1,1.1,1.1,"https://src.fedoraproject.org/rpms/fros

Fedora 42 Source:

https://koji.fedoraproject.org/koji/buildinfo?buildID=2491265

",,,upstream not found,,
46,fstrm,N,NA,,Jyoti,NA-Uptodate,,15-10-2024,15-10-2024,,Y,08-10-2024,0.6.1,0.6.1,0.6.1,"https://src.fedoraproject.org/rpms/fstrm

Fedora 42 Source:

https://koji.fedoraproject.org/koji/buildinfo?buildID=2491275
",0.6.1,https://github.com/containers/fuse-overlayfs/archive/refs/tags/v1.14.tar.gz,,,
47,fuse-overlayfs,Y,1.14,,Jyoti,PR Raised,https://github.com/microsoft/azurelinux/pull/10921,04-11-2024,04-11-2024,,Y,08-10-2024,1.4.0,1.4.0,1.13,"https://src.fedoraproject.org/rpms/fuse-overlayfs

Fedora 42 Source:

https://koji.fedoraproject.org/koji/buildinfo?buildID=2491291
",1.14,https://github.com/containers/fuse-overlayfs/archive/refs/tags/v1.14.tar.gz,,https://github.com/microsoft/azurelinux/pull/10921,
48,fuse-sshfs,Y,3.7.3,,Jyoti,PR Raised,https://github.com/microsoft/azurelinux/pull/11268,29-11-2024,29-11-2024,,Y,08-10-2024,3.7.1,3.7.1,3.7.3,"https://src.fedoraproject.org/rpms/fuse-sshfs

Fedora 42 Source:

https://koji.fedoraproject.org/koji/buildinfo?buildID=2491300
",3.7.3,https://github.com/libfuse/sshfs/releases/download/sshfs-3.7.3/sshfs-3.7.3.tar.xz,,https://github.com/microsoft/azurelinux/pull/11268,
49,libavc1394,N,NA,,Jyoti,NA-Uptodate,,22-10-2024,22-10-2024,,Y,08-10-2024,0.5.4,0.5.4,0.5.4,"https://src.fedoraproject.org/rpms/libavc1394

Fedora 42 Source:

https://koji.fedoraproject.org/koji/buildinfo?buildID=2496368


",0.5.4,https://sourceforge.net/projects/libavc1394/files/libavc1394/libavc1394-0.5.4.tar.gz/download,,,
50,libblockdev,Y,3.2.0,,Jyoti,PR Raised,https://github.com/microsoft/azurelinux/pull/10962,06-11-2024,07-11-2024,,N,08-10-2024,2.28,2.28,3.2.0,"https://src.fedoraproject.org/rpms/libblockdev

Fedora 42 Source:

https://koji.fedoraproject.org/koji/buildinfo?buildID=2543693


",3.2.0,https://github.com/storaged-project/libblockdev/archive/refs/tags/3.2.0.tar.gz,,,
51,libbsd,Y,0.12.2,,Jyoti,PR Raised,https://github.com/microsoft/azurelinux/pull/10953,05-11-2024,06-11-2024,,Y,08-10-2024,0.10.0,0.10.0,0.12.2,"https://src.fedoraproject.org/rpms/libbsd

Fedora 42 Source:
https://koji.fedoraproject.org/koji/buildinfo?buildID=2496379


",0.12.2,https://libbsd.freedesktop.org/releases/libbsd-0.12.2.tar.xz,,https://github.com/microsoft/azurelinux/pull/10953,
52,libbytesize,Y,2.11,,Jyoti,PR Raised,https://github.com/microsoft/azurelinux/pull/10964,07-11-2024,07-11-2024,,Y,08-10-2024,2.5,2.5,2.11,"https://src.fedoraproject.org/rpms/libbytesize

Fedora 42 Source:
https://koji.fedoraproject.org/koji/buildinfo?buildID=2532499


",2.11,https://github.com/storaged-project/libbytesize/archive/refs/tags/2.11.tar.gz,,https://github.com/microsoft/azurelinux/pull/10964,
53,libcanberra,N,NA,,Jyoti,NA-Uptodate,,,,,Y,08-10-2024,0.3,0.3,0.3,"https://src.fedoraproject.org/rpms/libcanberra
Fedora 42 Source:
https://koji.fedoraproject.org/koji/buildinfo?buildID=2496383


",0.3,http://0pointer.de/lennart/projects/libcanberra/libcanberra-0.30.tar.xz,,,
54,libcdio,Y,2.1.0,,Jyoti,ongoing,,,,,Y,08-10-2024,2.0.0,2.0.0,2.1.0,"https://src.fedoraproject.org/rpms/libcdio
Fedora 42 Source:
https://koji.fedoraproject.org/koji/buildinfo?buildID=2496398


",2.1.0,https://ftp.gnu.org/gnu/libcdio/libcdio-2.1.0.tar.bz2,,,
55,libcdio-paranoia,Y,10.2+2.0.2,,Jyoti,PR Raised,https://github.com/microsoft/azurelinux/pull/11006,11-11-2024,11-11-2024,,Y,08-10-2024,10.2+2.0.0,10.2+2.0.0,10.2+2.0.1,https://src.fedoraproject.org/rpms/libcdio-paranoia,10.2+2.0.2,https://ftp.gnu.org/gnu/libcdio/libcdio-paranoia-10.2+2.0.2.tar.bz2,,,
56,libcdr,Y,0.1.7,,Jyoti,PR Raised,https://github.com/microsoft/azurelinux/pull/11005,11-11-2024,11-11-2024,,Y,08-10-2024,0.1.6,0.1.6,0.1.7,"https://src.fedoraproject.org/rpms/libcdr
Fedora 42 Source:
https://koji.fedoraproject.org/koji/buildinfo?buildID=2496390

",0.1.7,https://dev-www.libreoffice.org/src/libcdr/libcdr-0.1.7.tar.xz,,,
57,libchewing,Y,0.9.1,,Jyoti,ongoing,,,,,Y,08-10-2024,0.5.1,0.5.1,0.9.0,"https://src.fedoraproject.org/rpms/libchewing
Fedora 42 Source:
https://koji.fedoraproject.org/koji/buildinfo?buildID=2524952

",0.9.0,https://github.com/chewing/libchewing/archive/refs/tags/v0.9.0.tar.gz,,,
58,libcli,Y,1.10.7,,Jyoti,PR Raised,https://github.com/microsoft/azurelinux/pull/11024,12-11-2024,12-11-2024,,N,08-10-2024,1.9.7,1.9.7,1.10.7,"https://src.fedoraproject.org/rpms/libcli
Fedora 42 Source:
https://koji.fedoraproject.org/koji/buildinfo?buildID=2496405

",1.10.7,https://github.com/dparrish/libcli/archive/refs/tags/V1.10.7.tar.gz,,https://github.com/microsoft/azurelinux/pull/11024,]
59,libcmis,Y,0.6.2,,Jyoti,PR Raised,https://github.com/microsoft/azurelinux/pull/11026,12-11-2024,12-11-2024,,Y,08-10-2024,0.5.2,0.5.2,0.6.2,"https://src.fedoraproject.org/rpms/libcmis
Fedora 42 Source:
https://koji.fedoraproject.org/koji/buildinfo?buildID=2496417

",0.6.2,https://github.com/tdf/libcmis/archive/refs/tags/v0.6.2.tar.gz,,https://github.com/microsoft/azurelinux/pull/11026,
60,libcmpiutil,N,NA,,Jyoti,NA-Uptodate,,,,,Y,08-10-2024,0.5.7,0.5.7,0.5.7,"https://src.fedoraproject.org/rpms/libcmpiutil
Fedora 42 Source:
https://koji.fedoraproject.org/koji/buildinfo?buildID=2496420

",0.5.7,https://download.libvirt.org/CIM/libcmpiutil-0.5.7.tar.gz,,,
61,libcroco,N,NA,,Jyoti,NA-Uptodate,,,,,Y,08-10-2024,0.6.13,0.6.13,,Package is currently unmaintained     https://src.fedoraproject.org/rpms/libcroco,0.6.13,https://gitlab.gnome.org/Archive/libcroco/-/archive/0.6.13/libcroco-0.6.13.tar.gz,"fedora mentioned, No longer maintained upstream",,
62,libdap,Y,3.21.0,,Jyoti,PR Raised,https://github.com/microsoft/azurelinux/pull/11052,13-11-2024,13-11-2024,,Y,08-10-2024,3.20.5,3.20.5,3.21.0,"https://src.fedoraproject.org/rpms/libdap
Fedora 42 Source:
https://koji.fedoraproject.org/koji/buildinfo?buildID=2569992

",3.21.0,https://www.opendap.org/pub/source/libdap-3.21.0-27.tar.gz,,https://github.com/microsoft/azurelinux/pull/11052,
63,libdatrie,Y,0.2.13,,Jyoti,PR Raised,https://github.com/microsoft/azurelinux/pull/11048,13-11-2024,13-11-2024,,Y,08-10-2024,0.2.9,0.2.9,0.2.13,"https://src.fedoraproject.org/rpms/libdatrie
Fedora 42 Source:
https://koji.fedoraproject.org/koji/buildinfo?buildID=2496442
",0.2.13,https://linux.thai.net/pub/thailinux/software/libthai/libdatrie-0.2.13.tar.xz,,https://github.com/microsoft/azurelinux/pull/11048,
64,libdazzle,Y,3.44.0,,Jyoti,PR Raised,https://github.com/microsoft/azurelinux/pull/11047,12-11-2024,13-11-2024,,Y,08-10-2024,3.36.0,3.36.0,3.44.0,"https://src.fedoraproject.org/rpms/libdazzle
Fedora 42 Source:
https://koji.fedoraproject.org/koji/buildinfo?buildID=2496436
",3.44.0,https://download.gnome.org/sources/libdazzle/3.44/libdazzle-3.44.0.tar.xz,,https://github.com/microsoft/azurelinux/pull/11047,
65,libdbi,N,NA,,Jyoti,NA-Uptodate,,,,,Y,08-10-2024,0.9.0,0.9.0,0.9.0,"https://src.fedoraproject.org/rpms/libdbi
Fedora 42 Source:
https://koji.fedoraproject.org/koji/buildinfo?buildID=2496437",0.9.0,https://sourceforge.net/projects/libdbi/files/libdbi/libdbi-0.9.0/libdbi-0.9.0.tar.gz/download,,,
66,libdbi-drivers,Remove,,,Jyoti,Not Started,,,,,,,0.9.0,,,,,,,,
67,libdbusmenu,N,NA,,Jyoti,NA-Uptodate,,,,,Y,08-10-2024,16.04.0,16.04.0,16.04.0,"https://src.fedoraproject.org/rpms/libdbusmenu
Fedora 42 Source:
https://koji.fedoraproject.org/koji/buildinfo?buildID=2496443",16.04.0,https://launchpad.net/libdbusmenu/16.04/16.04.0/+download/libdbusmenu-16.04.0.tar.gz,,,
68,libdc1394,Y,2.2.7,,Jyoti,PR Raised,https://github.com/microsoft/azurelinux/pull/11070,13-10-2024,13-10-2024,,Y,08-10-2024,2.2.2,2.2.2,2.2.7,"https://src.fedoraproject.org/rpms/libdc1394
Fedora 42 Source:
https://koji.fedoraproject.org/koji/buildinfo?buildID=2496448",2.2.7,https://sourceforge.net/projects/libdc1394/files/libdc1394-2/2.2.7/libdc1394-2.2.7.tar.gz/download,,,
69,libdeflate,Y,1.22,,Jyoti,PR Raised,https://github.com/microsoft/azurelinux/pull/10658,03-10-2024,07-10-2024,,Y,08-10-2024,1.9,1.9,1.21,https://kojipkgs.fedoraproject.org//packages/libdeflate/1.21/2.fc41/src/libdeflate-1.21-2.fc41.src.rpm,1.21,https://github.com/ebiggers/libdeflate/archive/refs/tags/v1.21.tar.gz,,https://github.com/microsoft/azurelinux/pull/10658,
70,libdmx,Y,1.1.5,,Jyoti,PR Raised,https://github.com/microsoft/azurelinux/pull/11142,,,,Y,08-10-2024,1.1.4,1.1.4,1.1.5,"https://src.fedoraproject.org/rpms/libdmx
Fedora 42 Source:
https://koji.fedoraproject.org/koji/buildinfo?buildID=2496468",1.1.5,https://xorg.freedesktop.org/archive/individual/lib/libdmx-1.1.5.tar.xz,,https://github.com/microsoft/azurelinux/pull/11142,
71,libdvdnav,Y,6.1.1.,,Jyoti,PR Raised,https://github.com/microsoft/azurelinux/pull/11072,14-11-2024,14-11-2024,,Y,08-10-2024,6.0.1,6.0.1,6.1.1,"https://src.fedoraproject.org/rpms/libdvdnav
Fedora 42 Source:
https://koji.fedoraproject.org/koji/buildinfo?buildID=2496474",6.1.1,https://download.videolan.org/pub/videolan/libdvdnav/6.1.1/libdvdnav-6.1.1.tar.bz2,,,
72,libdvdread,y,6.1.3,,Jyoti,PR Raised,https://github.com/microsoft/azurelinux/pull/11073,14-11-2024,14-11-2024,,Y,08-10-2024,6.0.2,6.0.2,6.1.3,"https://src.fedoraproject.org/rpms/libdvdread
Fedora 42 Source:
https://koji.fedoraproject.org/koji/buildinfo?buildID=2496482",6.1.3,https://download.videolan.org/pub/videolan/libdvdread/6.1.3/libdvdread-6.1.3.tar.bz2,,https://github.com/microsoft/azurelinux/pull/11073,
73,libeasyfc,Y,0.14.1,,Jyoti,PR Raised,https://github.com/microsoft/azurelinux/pull/11143,,,,Y,08-10-2024,0.14.0,0.14.0,0.14.1,"https://src.fedoraproject.org/rpms/libeasyfc
Fedora 42 Source:
https://koji.fedoraproject.org/koji/buildinfo?buildID=2496477",0.14.1,https://bitbucket.org/tagoh/libeasyfc/downloads/libeasyfc-0.14.1.tar.bz2,,https://github.com/microsoft/azurelinux/pull/11143,
74,rubygem-sys-filesystem,,1.5.3,,Jyoti,PR Raised,https://github.com/microsoft/azurelinux/pull/10888,,,,,,,,,,,,added package to build facter,https://github.com/microsoft/azurelinux/pull/10888,
75,volume_key,,NA,,Jyoti,PR Raised,https://github.com/microsoft/azurelinux/pull/10952,06-11-2024,06-11-2024,,N,08-10-2024,,0.12.3,0.12.3,https://kojipkgs.fedoraproject.org//packages/volume_key/0.3.12/23.fc41/src/volume_key-0.3.12-23.fc41.src.rpm,0.3.12,https://releases.pagure.org/volume_key/volume_key-0.3.12.tar.xz,Fixed to build libblockdev,https://github.com/microsoft/azurelinux/pull/10952,
76,squid,Y,6.12,,Jyoti,PR Approved,https://github.com/microsoft/azurelinux/pull/11338,06-12-2024,06-12-2024,,Y,,5.7,5.7,6.12,https://kojipkgs.fedoraproject.org//packages/squid/6.12/2.fc41/src/squid-6.12-2.fc41.src.rpm,6.12,https://www.squid-cache.org/Versions/v6/squid-6.12.tar.gz,,,
77,papi,,,,Jyoti,,,,,,,,,,,,,,,,
78,pcp,,,,Jyoti,,,,,,,,,,,,,,,,
79,perl-Algorithm-C3,,,,Jyoti,,,,,,,,,,,,,,,,
80,perl-Alien-Build,,,,Jyoti,,,,,,,,,,,,,,,,
81,perl-Alien-pkgconf,,,,Jyoti,,,,,,,,,,,,,,,,
82,perl-AnyEvent-BDB,,,,Jyoti,PR-Raised,https://github.com/microsoft/azurelinux/pull/11783,06-01-2025,06-01-2025,,N,,,1.1,,,,,,,
83,perl-B-Hooks-OP-Check,,,,Jyoti,,,,,,,,,,,,,,,,
84,perl-BDB,,1.92,,Jyoti,PR-Raised,https://github.com/microsoft/azurelinux/pull/11782,06-01-2025,06-01-2025,,,,,,,,,,Added . It is required as a build dependency for perl-AnyEvent-BDB,https://github.com/microsoft/azurelinux/pull/11782,
85,perl-Business-ISBN,Y,3.009,,Jyoti,PR-Raised,https://github.com/microsoft/azurelinux/pull/11447,,,,Y,,,,,,,,,,
86,perl-Business-ISBN-Data,Y,20240930,,Jyoti,PR-Raised,https://github.com/microsoft/azurelinux/pull/11432,,,,Y,,,,,,,,,,
87,perl-Mail-SPF,,,,Jyoti,,,,,,,,,,,,,,,,
88,perl-Module-Build-Tiny,Y,0.051,,Jyoti,PR-Raised,https://github.com/microsoft/azurelinux/pull/11466,,,,y,,,0.039,0.051,,,,,,
89,perl-Module-Install-AuthorRequires,N,0.02,,Jyoti,NA-Uptodate,,,,,Y,08-10-2024,0.02,0.02,0.02,https://kojipkgs.fedoraproject.org//packages/perl-Module-Install-AuthorRequires/0.02/35.fc41/src/perl-Module-Install-AuthorRequires-0.02-35.fc41.src.rpm,,,,,
90,perl-Module-Install-AutoLicense,N,0.1,,Jyoti,NA-Uptodate,,,,,Y,08-10-2024,0.1,0.1,0.1,https://kojipkgs.fedoraproject.org//packages/perl-Module-Install-AutoLicense/0.10/23.fc41/src/perl-Module-Install-AutoLicense-0.10-23.fc41.src.rpm,,,,,
91,perl-Module-Install-ReadmeFromPod,N,0.3,,Jyoti,NA-Uptodate,,,,,,08-10-2024,0.3,0.3,0.3,https://kojipkgs.fedoraproject.org//packages/perl-Module-Install-ReadmeFromPod/0.30/26.fc41/src/perl-Module-Install-ReadmeFromPod-0.30-26.fc41.src.rpm,,,,,
92,perl-Module-Package,,,,Jyoti,,,,,,,,,,,,,,,,
93,perl-Module-Package-Au,,,,Jyoti,,,,,,,,,,,,,,,,
94,perl-Module-Runtime,,,,Jyoti,,,,,,,,,,,,,,,,
95,perl-Module-Signature,Y,0.89,,Jyoti,PR Raised,https://github.com/microsoft/azurelinux/pull/11406,11-12-2024,11-12-2024,,Y,08-10-2024,0.83,0.83,0.89,,,,,https://github.com/microsoft/azurelinux/pull/11406,
96,perl-Net-DNS,Y,1.47,,Jyoti,,,,,,N,,,,,,,,,,
97,perl-Net-DNS-Resolver-Mock,Y,,,Jyoti,,,,,,N,,,,,,,,,,
98,perl-Net-DNS-Resolver-Programmable,N,,,Jyoti,,,,,,N,,,,,,,,,,
99,perl-Net-LibIDN2,Y,1.02,,Jyoti,PR Raised,https://github.com/microsoft/azurelinux/pull/11391,10-12-2024,10-12-2024,,Y,08-10-2024,1.02,1.02,1.02,https://kojipkgs.fedoraproject.org//packages/perl-Net-LibIDN2/1.02/8.fc41/src/perl-Net-LibIDN2-1.02-8.fc41.src.rpm,,,,https://github.com/microsoft/azurelinux/pull/11391,
100,opus,Y,1.5.2,P0,Jyoti,PR Raised,https://github.com/microsoft/azurelinux/pull/11516,,,,Y,10-23-2024,1.3.1,1.3.1,1.5.2,https://kojipkgs.fedoraproject.org//packages/opus/1.5.2/1.fc41/src/opus-1.5.2-1.fc41.src.rpm,,,,,
101,orc,Y,0.4.39,P0,Jyoti,PR Raised,https://github.com/microsoft/azurelinux/pull/11485,,,,Y,10-23-2025,0.4.31,0.4.32,0.4.39,https://kojipkgs.fedoraproject.org//packages/orc/0.4.39/1.fc41/src/orc-0.4.39-1.fc41.src.rpm,,,,https://github.com/microsoft/azurelinux/pull/11485,
102,os-prober,Y,1.81,P0,Jyoti,PR Raised,https://github.com/microsoft/azurelinux/pull/11494,,,,Y,10-23-2026,1.77,1.77,1.81,https://kojipkgs.fedoraproject.org//packages/os-prober/1.81/8.fc41/src/os-prober-1.81-8.fc41.src.rpm,,,,https://github.com/microsoft/azurelinux/pull/11494,
103,osinfo-db,Y,20240701,P0,Jyoti,PR Review,https://github.com/microsoft/azurelinux/pull/11495,,,,Y,10-23-2027,20221130,20221130,20240701,https://kojipkgs.fedoraproject.org//packages/osinfo-db/20240701/2.fc41/src/osinfo-db-20240701-2.fc41.src.rpm,,,,,
104,osinfo-db-tools,Y,1.11.0,P0,Jyoti,PR Raised,https://github.com/microsoft/azurelinux/pull/11513,,,,Y,10-23-2028,1.10.0,1.10.0,1.11.0,https://kojipkgs.fedoraproject.org//packages/osinfo-db-tools/1.11.0/7.fc41/src/osinfo-db-tools-1.11.0-7.fc41.src.rpm,,,,https://github.com/microsoft/azurelinux/pull/11513,
105,paps,Y,0.8.0,P0,Jyoti,PR Raised,https://github.com/microsoft/azurelinux/pull/11518,,,,Y,10-23-2029,0.6.8,0.6.8,0.8.0,https://kojipkgs.fedoraproject.org//packages/paps/0.8.0/11.fc41/src/paps-0.8.0-11.fc41.src.rpm,,,,https://github.com/microsoft/azurelinux/pull/11518,
106,parallel,Y,20240922,P0,Jyoti,PR Raised,https://github.com/microsoft/azurelinux/pull/11519,,,,Y,10-23-2030,20190922,20190922,20240922,https://kojipkgs.fedoraproject.org//packages/parallel/20240922/2.fc41/src/parallel-20240922-2.fc41.src.rpm,,,,https://github.com/microsoft/azurelinux/pull/11519,
107,perl-Algorithm-Diff,Y,1.201,P0,Jyoti,PR Raised,https://github.com/microsoft/azurelinux/pull/11521,,,,Y,10-23-2031,1.1903,1.1903,1.2010,https://kojipkgs.fedoraproject.org//packages/perl-Algorithm-Diff/1.2010/12.fc41/src/perl-Algorithm-Diff-1.2010-12.fc41.src.rpm,,,,https://github.com/microsoft/azurelinux/pull/11521,
108,perl-Archive-Extract,Y,0.88,P0,Jyoti,PR Raised,https://github.com/microsoft/azurelinux/pull/11598,,,,Y,10-23-2032,0.86,0.86,0.88,https://kojipkgs.fedoraproject.org//packages/perl-Archive-Extract/0.88/12.fc41/src/perl-Archive-Extract-0.88-12.fc41.src.rpm,,,,,
109,perl-B-Hooks-EndOfScope,Y,0.28,P0,Jyoti,PR Raised,https://github.com/microsoft/azurelinux/pull/11595,,,,Y,10-23-2033,0.24,0.24,0.28,https://kojipkgs.fedoraproject.org//packages/perl-B-Hooks-EndOfScope/0.28/2.fc41/src/perl-B-Hooks-EndOfScope-0.28-2.fc41.src.rpm,,,,,
110,perl-B-Keywords,Y,1.27,P0,Jyoti,PR Raised,https://github.com/microsoft/azurelinux/pull/11593,,,,Y,10-23-2034,1.21,1.21,1.27,https://kojipkgs.fedoraproject.org//packages/perl-B-Keywords/1.27/2.fc41/src/perl-B-Keywords-1.27-2.fc41.src.rpm,,,,https://github.com/microsoft/azurelinux/pull/11593,
111,perl-Class-C3-XS,Y,0.15,P0,Jyoti,PR Raised,https://github.com/microsoft/azurelinux/pull/11591,,,,Y,10-23-2035,0.14,0.14,0.15,https://kojipkgs.fedoraproject.org//packages/perl-Class-C3-XS/0.15/16.fc41/src/perl-Class-C3-XS-0.15-16.fc41.src.rpm,,,,https://github.com/microsoft/azurelinux/pull/11591,
112,perl-Class-Data-Inheritable,Y,0.09,P0,Jyoti,PR Raised,https://github.com/microsoft/azurelinux/pull/11708,,,,Y,10-23-2036,0.08,0.08,0.09,https://kojipkgs.fedoraproject.org//packages/perl-Class-Data-Inheritable/0.09/9.fc41/src/perl-Class-Data-Inheritable-0.09-9.fc41.src.rpm,,,,https://github.com/microsoft/azurelinux/pull/10618,
113,perl-Class-Method-Modifiers,Y,2.15,P0,Jyoti,PR Raised,https://github.com/microsoft/azurelinux/pull/11547,,,,Y,10-23-2037,2.13,2.13,2.15,https://kojipkgs.fedoraproject.org//packages/perl-Class-Method-Modifiers/2.15/5.fc41/src/perl-Class-Method-Modifiers-2.15-5.fc41.src.rpm,,,,https://github.com/microsoft/azurelinux/pull/11547,
114,perl-Class-Singleton,Y,1.6,P0,Jyoti,PR Raised,https://github.com/microsoft/azurelinux/pull/11546,,,,Y,10-23-2038,1.5,1.5,1.6,https://kojipkgs.fedoraproject.org//packages/perl-Class-Singleton/1.6/12.fc41/src/perl-Class-Singleton-1.6-12.fc41.src.rpm,,,,https://github.com/microsoft/azurelinux/pull/10618,
115,perl-Config-IniFiles,Y,3.000003,P0,Jyoti,PR Raised,https://github.com/microsoft/azurelinux/pull/11544,,,,Y,10-23-2039,3.000002,3.000002,3.000003,https://kojipkgs.fedoraproject.org//packages/perl-Config-IniFiles/3.000003/14.fc41/src/perl-Config-IniFiles-3.000003-14.fc41.src.rpm,,,,https://github.com/microsoft/azurelinux/pull/11544,
116,perl-Convert-ASN1,Y,0.34,P0,Jyoti,PR Raised,https://github.com/microsoft/azurelinux/pull/11543,,,,Y,10-23-2040,0.27,0.27,0.34,https://kojipkgs.fedoraproject.org//packages/perl-Convert-ASN1/0.34/4.fc41/src/perl-Convert-ASN1-0.34-4.fc41.src.rpm,,,,https://github.com/microsoft/azurelinux/pull/11543,
117,perl-Crypt-OpenSSL-Guess,Y,0.15,P0,Jyoti,PR Raised,https://github.com/microsoft/azurelinux/pull/11542,,,,Y,10-23-2041,0.11,0.11,0.15,https://kojipkgs.fedoraproject.org//packages/perl-Crypt-OpenSSL-Guess/0.15/8.fc41/src/perl-Crypt-OpenSSL-Guess-0.15-8.fc41.src.rpm,,,,https://github.com/microsoft/azurelinux/pull/11542,
118,perl-Crypt-OpenSSL-Random,Y,0.17,P0,Jyoti,PR Raised,https://github.com/microsoft/azurelinux/pull/11541,,,,Y,10-23-2042,0.15,0.15,0.17,https://kojipkgs.fedoraproject.org//packages/perl-Crypt-OpenSSL-Random/0.17/2.fc41/src/perl-Crypt-OpenSSL-Random-0.17-2.fc41.src.rpm,,,,,
119,perl-Data-Peek,Y,0.52,P0,Jyoti,PR Raised,https://github.com/microsoft/azurelinux/pull/11539,,,,Y,10-23-2043,0.49,0.49,0.52,https://kojipkgs.fedoraproject.org//packages/perl-Data-Peek/0.52/8.fc41/src/perl-Data-Peek-0.52-8.fc41.src.rpm,,,,,
120,perl-Data-UUID,Y,1.227,P0,Jyoti,PR Raised,https://github.com/microsoft/azurelinux/pull/11536,,,,Y,10-23-2044,1.224,1.224,1.227,https://kojipkgs.fedoraproject.org//packages/perl-Data-UUID/1.227/3.fc41/src/perl-Data-UUID-1.227-3.fc41.src.rpm,,,,https://github.com/microsoft/azurelinux/pull/11536,
121,perl-Date-Manip,Y,6.95,P0,Jyoti,PR Raised,https://github.com/microsoft/azurelinux/pull/11522,,,,Y,10-23-2045,6.82,6.82,6.95,https://kojipkgs.fedoraproject.org//packages/perl-Date-Manip/6.95/2.fc41/src/perl-Date-Manip-6.95-2.fc41.src.rpm,,,,,
122,,,,,,,,,,,,,,,,,,,,,
123,,,,,,,,,,,,,,,,,,,,,
