<?xml version="1.0" encoding="UTF-8" ?>
<!DOCTYPE ldml SYSTEM "../../common/dtd/ldml.dtd">
<!-- Copyright © 1991-2024 Unicode, Inc.
For terms of use, see http://www.unicode.org/copyright.html
SPDX-License-Identifier: Unicode-3.0
CLDR data files are interpreted according to the LDML specification (http://unicode.org/reports/tr35/)
-->
<ldml>
	<identity>
		<version number="$Revision$"/>
		<language type="blo"/>
	</identity>
	<annotations>
		<annotation cp="‐" type="tts">ʊbɔcǝra</annotation>
		<annotation cp=",">ʊŋur</annotation>
		<annotation cp="," type="tts">ʊŋur</annotation>
		<annotation cp=";">ʊyiɖuŋur</annotation>
		<annotation cp=";" type="tts">ʊyiɖuŋur</annotation>
		<annotation cp=":">ʊkʊɖʊ</annotation>
		<annotation cp=":" type="tts">ʊkʊɖʊ</annotation>
		<annotation cp="!" type="tts">biti</annotation>
		<annotation cp="?" type="tts">ʊtabʊ</annotation>
		<annotation cp="." type="tts">ʊyiɖu</annotation>
		<annotation cp="…" type="tts">ʊsaaʊ̀</annotation>
		<annotation cp="%" type="tts">ɩshɩnʊn nɩ</annotation>
		<annotation cp="‰" type="tts">miili nɩ</annotation>
		<annotation cp="+" type="tts">ʊpelu</annotation>
		<annotation cp="÷" type="tts">ʊyʊgʊ</annotation>
		<annotation cp="×" type="tts">akpalá</annotation>
		<annotation cp="=" type="tts">ɩ lee</annotation>
		<annotation cp="−" type="tts">ʊfaaʊ</annotation>
		<annotation cp="🐕" type="tts">asna</annotation>
	</annotations>
</ldml>
