<?xml version="1.0" encoding="UTF-8" ?>
<!DOCTYPE ldml SYSTEM "../../common/dtd/ldml.dtd">
<!-- Copyright © 1991-2024 Unicode, Inc.
For terms of use, see http://www.unicode.org/copyright.html
SPDX-License-Identifier: Unicode-3.0
CLDR data files are interpreted according to the LDML specification (http://unicode.org/reports/tr35/)

the U.S. and other countries. CLDR data files are interpreted according to
the LDML specification (http://unicode.org/reports/tr35/)
-->
<ldml>
	<identity>
		<version number="$Revision$"/>
		<language type="ceb"/>
	</identity>
	<annotations>
		<annotation cp="🏳‍⚧">flag | flag sa transgender | hanap nga asul | pink | puti | transgender</annotation>
		<annotation cp="🏳‍⚧" type="tts">flag sa transgender</annotation>
	</annotations>
</ldml>
