<?xml version="1.0" encoding="UTF-8" ?>
<!DOCTYPE ldml SYSTEM "../../common/dtd/ldml.dtd">
<!-- Copyright © 1991-2024 Unicode, Inc.
For terms of use, see http://www.unicode.org/copyright.html
SPDX-License-Identifier: Unicode-3.0
CLDR data files are interpreted according to the LDML specification (http://unicode.org/reports/tr35/)
-->
<ldml>
	<identity>
		<version number="$Revision$"/>
		<language type="pap"/>
	</identity>
	<annotations>
		<annotation cp="😀" draft="unconfirmed">alegre | djente | hari | kara | kontentu | nice | smile</annotation>
		<annotation cp="😀" type="tts" draft="unconfirmed">kara di smile</annotation>
		<annotation cp="😃" draft="unconfirmed">boka | djente | grandi | great | habrí | kara | kontentu | smile | wowo | yay</annotation>
		<annotation cp="😃" type="tts" draft="unconfirmed">kara di smile ku wowo grandi</annotation>
		<annotation cp="😄" type="tts" draft="unconfirmed">kara ta smile ku wowo di smile</annotation>
		<annotation cp="😁" type="tts" draft="unconfirmed">kara ta smile ku djente afó</annotation>
		<annotation cp="😆" type="tts" draft="unconfirmed">kara di smile ku wowo chikí</annotation>
		<annotation cp="😅" type="tts" draft="unconfirmed">kara di smile ku sodó</annotation>
		<annotation cp="🤣" type="tts" draft="unconfirmed">hari te lora abou</annotation>
		<annotation cp="😂" type="tts" draft="unconfirmed">kara ku lágrima di alegia</annotation>
		<annotation cp="🙂" type="tts" draft="unconfirmed">kara ku smile</annotation>
		<annotation cp="🙃" type="tts" draft="unconfirmed">kara kabes abou</annotation>
		<annotation cp="🫠" type="tts" draft="unconfirmed">kara di smèlt</annotation>
		<annotation cp="😉" type="tts" draft="unconfirmed">kinipí wowo</annotation>
		<annotation cp="😊" type="tts" draft="unconfirmed">kara di smile ku blos</annotation>
		<annotation cp="😇" type="tts" draft="unconfirmed">kara di smile ku halo</annotation>
	</annotations>
</ldml>
