<?xml version="1.0" encoding="UTF-8" ?>
<!DOCTYPE ldml SYSTEM "../../common/dtd/ldml.dtd">
<!-- Copyright © 1991-2024 Unicode, Inc.
For terms of use, see http://www.unicode.org/copyright.html
SPDX-License-Identifier: Unicode-3.0
CLDR data files are interpreted according to the LDML specification (http://unicode.org/reports/tr35/)
-->
<ldml>
	<identity>
		<version number="$Revision$"/>
		<language type="vec"/>
	</identity>
	<annotations>
		<annotation cp="🍇">fruta | graspo | ua | vin</annotation>
		<annotation cp="🍇" type="tts">ua</annotation>
		<annotation cp="🍈">fruta | melon</annotation>
		<annotation cp="🍈" type="tts">melon</annotation>
	</annotations>
</ldml>
