<?xml version="1.0" encoding="UTF-8" ?>
<!DOCTYPE ldml SYSTEM "../../common/dtd/ldml.dtd">
<!-- Copyright © 1991-2024 Unicode, Inc.
For terms of use, see http://www.unicode.org/copyright.html
SPDX-License-Identifier: Unicode-3.0
CLDR data files are interpreted according to the LDML specification (http://unicode.org/reports/tr35/)

Derived short names and annotations, using GenerateDerivedAnnotations.java. See warnings in /annotations/ file.
-->
<ldml>
	<identity>
		<version number="$Revision$"/>
		<language type="ak"/>
	</identity>
	<annotations>
		<annotation cp="🧑‍🦰">nwi kͻkͻͻ | onipa | panin</annotation>
		<annotation cp="🧑‍🦰" type="tts">onipa: nwi kͻkͻͻ</annotation>
		<annotation cp="🧑‍🦳">nwi fitaa | onipa | panin</annotation>
		<annotation cp="🧑‍🦳" type="tts">onipa: nwi fitaa</annotation>
		<annotation cp="🧑‍🦲">onipa | panin | tipa</annotation>
		<annotation cp="🧑‍🦲" type="tts">onipa: tipa</annotation>
		<annotation cp="👨‍🦰">bro | nwi kͻkͻͻ | ɔbarima | panin</annotation>
		<annotation cp="👨‍🦰" type="tts">ɔbarima: nwi kͻkͻͻ</annotation>
		<annotation cp="👨‍🦳">bro | nwi fitaa | ɔbarima | panin</annotation>
		<annotation cp="👨‍🦳" type="tts">ɔbarima: nwi fitaa</annotation>
		<annotation cp="👨‍🦲">bro | ɔbarima | panin | tipa</annotation>
		<annotation cp="👨‍🦲" type="tts">ɔbarima: tipa</annotation>
		<annotation cp="👩‍🦰">maame | nwi kͻkͻͻ | ɔbaa | panin</annotation>
		<annotation cp="👩‍🦰" type="tts">maame: nwi kͻkͻͻ</annotation>
		<annotation cp="👩‍🦳">maame | nwi fitaa | ɔbaa | panin</annotation>
		<annotation cp="👩‍🦳" type="tts">maame: nwi fitaa</annotation>
		<annotation cp="👩‍🦲">maame | ɔbaa | panin | tipa</annotation>
		<annotation cp="👩‍🦲" type="tts">maame: tipa</annotation>
		<annotation cp="🚶‍➡">Ambuu | barima | gaaite | haike | nante | nanteɛ | onipa | pɛdɛstrane | pɛɛse | setraide | sotroo</annotation>
		<annotation cp="🚶‍➡" type="tts">Onipa renante rehwɛ nifa</annotation>
		<annotation cp="🚶🏻‍➡">Ambuu | barima | gaaite | haike | nante | nanteɛ | onipa | pɛdɛstrane | pɛɛse | setraide | sotroo</annotation>
		<annotation cp="🚶🏻‍➡" type="tts">Onipa renante rehwɛ nifa</annotation>
		<annotation cp="🚶🏼‍➡">Ambuu | barima | gaaite | haike | nante | nanteɛ | onipa | pɛdɛstrane | pɛɛse | setraide | sotroo</annotation>
		<annotation cp="🚶🏼‍➡" type="tts">Onipa renante rehwɛ nifa</annotation>
		<annotation cp="🚶🏽‍➡">Ambuu | barima | gaaite | haike | nante | nanteɛ | onipa | pɛdɛstrane | pɛɛse | setraide | sotroo</annotation>
		<annotation cp="🚶🏽‍➡" type="tts">Onipa renante rehwɛ nifa</annotation>
		<annotation cp="🚶🏾‍➡">Ambuu | barima | gaaite | haike | nante | nanteɛ | onipa | pɛdɛstrane | pɛɛse | setraide | sotroo</annotation>
		<annotation cp="🚶🏾‍➡" type="tts">Onipa renante rehwɛ nifa</annotation>
		<annotation cp="🚶🏿‍➡">Ambuu | barima | gaaite | haike | nante | nanteɛ | onipa | pɛdɛstrane | pɛɛse | setraide | sotroo</annotation>
		<annotation cp="🚶🏿‍➡" type="tts">Onipa renante rehwɛ nifa</annotation>
		<annotation cp="🚶‍♀‍➡">Ambuu | gaaite | haike | nante | nanteɛ | onipa | ɔbaa | pɛdɛstrane | pɛɛse | setraide | sotroo</annotation>
		<annotation cp="🚶‍♀‍➡" type="tts">Ɔbaa renante rehwɛ nifa</annotation>
		<annotation cp="🚶🏻‍♀‍➡">Ambuu | gaaite | haike | nante | nanteɛ | onipa | ɔbaa | pɛdɛstrane | pɛɛse | setraide | sotroo</annotation>
		<annotation cp="🚶🏻‍♀‍➡" type="tts">Ɔbaa renante rehwɛ nifa</annotation>
		<annotation cp="🚶🏼‍♀‍➡">Ambuu | gaaite | haike | nante | nanteɛ | onipa | ɔbaa | pɛdɛstrane | pɛɛse | setraide | sotroo</annotation>
		<annotation cp="🚶🏼‍♀‍➡" type="tts">Ɔbaa renante rehwɛ nifa</annotation>
		<annotation cp="🚶🏽‍♀‍➡">Ambuu | gaaite | haike | nante | nanteɛ | onipa | ɔbaa | pɛdɛstrane | pɛɛse | setraide | sotroo</annotation>
		<annotation cp="🚶🏽‍♀‍➡" type="tts">Ɔbaa renante rehwɛ nifa</annotation>
		<annotation cp="🚶🏾‍♀‍➡">Ambuu | gaaite | haike | nante | nanteɛ | onipa | ɔbaa | pɛdɛstrane | pɛɛse | setraide | sotroo</annotation>
		<annotation cp="🚶🏾‍♀‍➡" type="tts">Ɔbaa renante rehwɛ nifa</annotation>
		<annotation cp="🚶🏿‍♀‍➡">Ambuu | gaaite | haike | nante | nanteɛ | onipa | ɔbaa | pɛdɛstrane | pɛɛse | setraide | sotroo</annotation>
		<annotation cp="🚶🏿‍♀‍➡" type="tts">Ɔbaa renante rehwɛ nifa</annotation>
		<annotation cp="🚶‍♂‍➡">Ambuu | barima | gaaite | haike | nante | nanteɛ | onipa | pɛdɛstrane | pɛɛse | setraide | sotroo</annotation>
		<annotation cp="🚶‍♂‍➡" type="tts">Barima renante rehwɛ nifa</annotation>
		<annotation cp="🚶🏻‍♂‍➡">Ambuu | barima | gaaite | haike | nante | nanteɛ | onipa | pɛdɛstrane | pɛɛse | setraide | sotroo</annotation>
		<annotation cp="🚶🏻‍♂‍➡" type="tts">Barima renante rehwɛ nifa</annotation>
		<annotation cp="🚶🏼‍♂‍➡">Ambuu | barima | gaaite | haike | nante | nanteɛ | onipa | pɛdɛstrane | pɛɛse | setraide | sotroo</annotation>
		<annotation cp="🚶🏼‍♂‍➡" type="tts">Barima renante rehwɛ nifa</annotation>
		<annotation cp="🚶🏽‍♂‍➡">Ambuu | barima | gaaite | haike | nante | nanteɛ | onipa | pɛdɛstrane | pɛɛse | setraide | sotroo</annotation>
		<annotation cp="🚶🏽‍♂‍➡" type="tts">Barima renante rehwɛ nifa</annotation>
		<annotation cp="🚶🏾‍♂‍➡">Ambuu | barima | gaaite | haike | nante | nanteɛ | onipa | pɛdɛstrane | pɛɛse | setraide | sotroo</annotation>
		<annotation cp="🚶🏾‍♂‍➡" type="tts">Barima renante rehwɛ nifa</annotation>
		<annotation cp="🚶🏿‍♂‍➡">Ambuu | barima | gaaite | haike | nante | nanteɛ | onipa | pɛdɛstrane | pɛɛse | setraide | sotroo</annotation>
		<annotation cp="🚶🏿‍♂‍➡" type="tts">Barima renante rehwɛ nifa</annotation>
		<annotation cp="🧎‍➡">Bu nkotodwe | kotodwe | nkotodwe | onipa</annotation>
		<annotation cp="🧎‍➡" type="tts">Obi abu nkotodwe rehwɛ nifa</annotation>
		<annotation cp="🧎🏻‍➡">Bu nkotodwe | kotodwe | nkotodwe | onipa</annotation>
		<annotation cp="🧎🏻‍➡" type="tts">Obi abu nkotodwe rehwɛ nifa</annotation>
		<annotation cp="🧎🏼‍➡">Bu nkotodwe | kotodwe | nkotodwe | onipa</annotation>
		<annotation cp="🧎🏼‍➡" type="tts">Obi abu nkotodwe rehwɛ nifa</annotation>
		<annotation cp="🧎🏽‍➡">Bu nkotodwe | kotodwe | nkotodwe | onipa</annotation>
		<annotation cp="🧎🏽‍➡" type="tts">Obi abu nkotodwe rehwɛ nifa</annotation>
		<annotation cp="🧎🏾‍➡">Bu nkotodwe | kotodwe | nkotodwe | onipa</annotation>
		<annotation cp="🧎🏾‍➡" type="tts">Obi abu nkotodwe rehwɛ nifa</annotation>
		<annotation cp="🧎🏿‍➡">Bu nkotodwe | kotodwe | nkotodwe | onipa</annotation>
		<annotation cp="🧎🏿‍➡" type="tts">Obi abu nkotodwe rehwɛ nifa</annotation>
		<annotation cp="🧎‍♀‍➡">barima | Bu nkotodwe | kotodwe | nkotodwe</annotation>
		<annotation cp="🧎‍♀‍➡" type="tts">Ɔbaa abu nkotodwe rehwɛ nifa</annotation>
		<annotation cp="🧎🏻‍♀‍➡">barima | Bu nkotodwe | kotodwe | nkotodwe</annotation>
		<annotation cp="🧎🏻‍♀‍➡" type="tts">Ɔbaa abu nkotodwe rehwɛ nifa</annotation>
		<annotation cp="🧎🏼‍♀‍➡">barima | Bu nkotodwe | kotodwe | nkotodwe</annotation>
		<annotation cp="🧎🏼‍♀‍➡" type="tts">Ɔbaa abu nkotodwe rehwɛ nifa</annotation>
		<annotation cp="🧎🏽‍♀‍➡">barima | Bu nkotodwe | kotodwe | nkotodwe</annotation>
		<annotation cp="🧎🏽‍♀‍➡" type="tts">Ɔbaa abu nkotodwe rehwɛ nifa</annotation>
		<annotation cp="🧎🏾‍♀‍➡">barima | Bu nkotodwe | kotodwe | nkotodwe</annotation>
		<annotation cp="🧎🏾‍♀‍➡" type="tts">Ɔbaa abu nkotodwe rehwɛ nifa</annotation>
		<annotation cp="🧎🏿‍♀‍➡">barima | Bu nkotodwe | kotodwe | nkotodwe</annotation>
		<annotation cp="🧎🏿‍♀‍➡" type="tts">Ɔbaa abu nkotodwe rehwɛ nifa</annotation>
		<annotation cp="🧎‍♂‍➡">barima | Bu nkotodwe | kotodwe | nkotodwe</annotation>
		<annotation cp="🧎‍♂‍➡" type="tts">Barima abu nkotodwe rehwɛ nifa</annotation>
		<annotation cp="🧎🏻‍♂‍➡">barima | Bu nkotodwe | kotodwe | nkotodwe</annotation>
		<annotation cp="🧎🏻‍♂‍➡" type="tts">Barima abu nkotodwe rehwɛ nifa</annotation>
		<annotation cp="🧎🏼‍♂‍➡">barima | Bu nkotodwe | kotodwe | nkotodwe</annotation>
		<annotation cp="🧎🏼‍♂‍➡" type="tts">Barima abu nkotodwe rehwɛ nifa</annotation>
		<annotation cp="🧎🏽‍♂‍➡">barima | Bu nkotodwe | kotodwe | nkotodwe</annotation>
		<annotation cp="🧎🏽‍♂‍➡" type="tts">Barima abu nkotodwe rehwɛ nifa</annotation>
		<annotation cp="🧎🏾‍♂‍➡">barima | Bu nkotodwe | kotodwe | nkotodwe</annotation>
		<annotation cp="🧎🏾‍♂‍➡" type="tts">Barima abu nkotodwe rehwɛ nifa</annotation>
		<annotation cp="🧎🏿‍♂‍➡">barima | Bu nkotodwe | kotodwe | nkotodwe</annotation>
		<annotation cp="🧎🏿‍♂‍➡" type="tts">Barima abu nkotodwe rehwɛ nifa</annotation>
		<annotation cp="🧑‍🦯‍➡">abaa | Akwanya | anifra | fitaa | hwɛmu | onipa</annotation>
		<annotation cp="🧑‍🦯‍➡" type="tts">Obi kura abaa fitaa rehwɛ nifa</annotation>
		<annotation cp="🧑🏻‍🦯‍➡">abaa | Akwanya | anifra | fitaa | hwɛmu | onipa</annotation>
		<annotation cp="🧑🏻‍🦯‍➡" type="tts">Obi kura abaa fitaa rehwɛ nifa</annotation>
		<annotation cp="🧑🏼‍🦯‍➡">abaa | Akwanya | anifra | fitaa | hwɛmu | onipa</annotation>
		<annotation cp="🧑🏼‍🦯‍➡" type="tts">Obi kura abaa fitaa rehwɛ nifa</annotation>
		<annotation cp="🧑🏽‍🦯‍➡">abaa | Akwanya | anifra | fitaa | hwɛmu | onipa</annotation>
		<annotation cp="🧑🏽‍🦯‍➡" type="tts">Obi kura abaa fitaa rehwɛ nifa</annotation>
		<annotation cp="🧑🏾‍🦯‍➡">abaa | Akwanya | anifra | fitaa | hwɛmu | onipa</annotation>
		<annotation cp="🧑🏾‍🦯‍➡" type="tts">Obi kura abaa fitaa rehwɛ nifa</annotation>
		<annotation cp="🧑🏿‍🦯‍➡">abaa | Akwanya | anifra | fitaa | hwɛmu | onipa</annotation>
		<annotation cp="🧑🏿‍🦯‍➡" type="tts">Obi kura abaa fitaa rehwɛ nifa</annotation>
		<annotation cp="👨‍🦯‍➡">abaa | Akwanya | anifra | barima | fitaa | hwɛmu | onipa</annotation>
		<annotation cp="👨‍🦯‍➡" type="tts">Barima kura abaa fitaa rehwɛ nifa</annotation>
		<annotation cp="👨🏻‍🦯‍➡">abaa | Akwanya | anifra | barima | fitaa | hwɛmu | onipa</annotation>
		<annotation cp="👨🏻‍🦯‍➡" type="tts">Barima kura abaa fitaa rehwɛ nifa</annotation>
		<annotation cp="👨🏼‍🦯‍➡">abaa | Akwanya | anifra | barima | fitaa | hwɛmu | onipa</annotation>
		<annotation cp="👨🏼‍🦯‍➡" type="tts">Barima kura abaa fitaa rehwɛ nifa</annotation>
		<annotation cp="👨🏽‍🦯‍➡">abaa | Akwanya | anifra | barima | fitaa | hwɛmu | onipa</annotation>
		<annotation cp="👨🏽‍🦯‍➡" type="tts">Barima kura abaa fitaa rehwɛ nifa</annotation>
		<annotation cp="👨🏾‍🦯‍➡">abaa | Akwanya | anifra | barima | fitaa | hwɛmu | onipa</annotation>
		<annotation cp="👨🏾‍🦯‍➡" type="tts">Barima kura abaa fitaa rehwɛ nifa</annotation>
		<annotation cp="👨🏿‍🦯‍➡">abaa | Akwanya | anifra | barima | fitaa | hwɛmu | onipa</annotation>
		<annotation cp="👨🏿‍🦯‍➡" type="tts">Barima kura abaa fitaa rehwɛ nifa</annotation>
		<annotation cp="👩‍🦯‍➡">abaa | akwanya | Akwanya | anifra | fitaa | hwɛmu | onipa</annotation>
		<annotation cp="👩‍🦯‍➡" type="tts">Ɔbaa kura abaa fitaa rehwɛ nifa</annotation>
		<annotation cp="👩🏻‍🦯‍➡">abaa | akwanya | Akwanya | anifra | fitaa | hwɛmu | onipa</annotation>
		<annotation cp="👩🏻‍🦯‍➡" type="tts">Ɔbaa kura abaa fitaa rehwɛ nifa</annotation>
		<annotation cp="👩🏼‍🦯‍➡">abaa | akwanya | Akwanya | anifra | fitaa | hwɛmu | onipa</annotation>
		<annotation cp="👩🏼‍🦯‍➡" type="tts">Ɔbaa kura abaa fitaa rehwɛ nifa</annotation>
		<annotation cp="👩🏽‍🦯‍➡">abaa | akwanya | Akwanya | anifra | fitaa | hwɛmu | onipa</annotation>
		<annotation cp="👩🏽‍🦯‍➡" type="tts">Ɔbaa kura abaa fitaa rehwɛ nifa</annotation>
		<annotation cp="👩🏾‍🦯‍➡">abaa | akwanya | Akwanya | anifra | fitaa | hwɛmu | onipa</annotation>
		<annotation cp="👩🏾‍🦯‍➡" type="tts">Ɔbaa kura abaa fitaa rehwɛ nifa</annotation>
		<annotation cp="👩🏿‍🦯‍➡">abaa | akwanya | Akwanya | anifra | fitaa | hwɛmu | onipa</annotation>
		<annotation cp="👩🏿‍🦯‍➡" type="tts">Ɔbaa kura abaa fitaa rehwɛ nifa</annotation>
		<annotation cp="🧑‍🦼‍➡">Akwanya | hwiikyɛɛ | moto | onipa</annotation>
		<annotation cp="🧑‍🦼‍➡" type="tts">Obi te moto hwiikyɛɛ mu rehwɛ nifa</annotation>
		<annotation cp="🧑🏻‍🦼‍➡">Akwanya | hwiikyɛɛ | moto | onipa</annotation>
		<annotation cp="🧑🏻‍🦼‍➡" type="tts">Obi te moto hwiikyɛɛ mu rehwɛ nifa</annotation>
		<annotation cp="🧑🏼‍🦼‍➡">Akwanya | hwiikyɛɛ | moto | onipa</annotation>
		<annotation cp="🧑🏼‍🦼‍➡" type="tts">Obi te moto hwiikyɛɛ mu rehwɛ nifa</annotation>
		<annotation cp="🧑🏽‍🦼‍➡">Akwanya | hwiikyɛɛ | moto | onipa</annotation>
		<annotation cp="🧑🏽‍🦼‍➡" type="tts">Obi te moto hwiikyɛɛ mu rehwɛ nifa</annotation>
		<annotation cp="🧑🏾‍🦼‍➡">Akwanya | hwiikyɛɛ | moto | onipa</annotation>
		<annotation cp="🧑🏾‍🦼‍➡" type="tts">Obi te moto hwiikyɛɛ mu rehwɛ nifa</annotation>
		<annotation cp="🧑🏿‍🦼‍➡">Akwanya | hwiikyɛɛ | moto | onipa</annotation>
		<annotation cp="🧑🏿‍🦼‍➡" type="tts">Obi te moto hwiikyɛɛ mu rehwɛ nifa</annotation>
		<annotation cp="👨‍🦼‍➡">Akwanya | barima | hwiikyɛɛ | moto | onipa</annotation>
		<annotation cp="👨‍🦼‍➡" type="tts">Barima te moto hwiikyɛɛ mu rehwɛ nifa</annotation>
		<annotation cp="👨🏻‍🦼‍➡">Akwanya | barima | hwiikyɛɛ | moto | onipa</annotation>
		<annotation cp="👨🏻‍🦼‍➡" type="tts">Barima te moto hwiikyɛɛ mu rehwɛ nifa</annotation>
		<annotation cp="👨🏼‍🦼‍➡">Akwanya | barima | hwiikyɛɛ | moto | onipa</annotation>
		<annotation cp="👨🏼‍🦼‍➡" type="tts">Barima te moto hwiikyɛɛ mu rehwɛ nifa</annotation>
		<annotation cp="👨🏽‍🦼‍➡">Akwanya | barima | hwiikyɛɛ | moto | onipa</annotation>
		<annotation cp="👨🏽‍🦼‍➡" type="tts">Barima te moto hwiikyɛɛ mu rehwɛ nifa</annotation>
		<annotation cp="👨🏾‍🦼‍➡">Akwanya | barima | hwiikyɛɛ | moto | onipa</annotation>
		<annotation cp="👨🏾‍🦼‍➡" type="tts">Barima te moto hwiikyɛɛ mu rehwɛ nifa</annotation>
		<annotation cp="👨🏿‍🦼‍➡">Akwanya | barima | hwiikyɛɛ | moto | onipa</annotation>
		<annotation cp="👨🏿‍🦼‍➡" type="tts">Barima te moto hwiikyɛɛ mu rehwɛ nifa</annotation>
		<annotation cp="👩‍🦼‍➡">Akwanya | hwiikyɛɛ | moto | onipa | ɔbaa</annotation>
		<annotation cp="👩‍🦼‍➡" type="tts">Ɔbaa te moto hwiikyɛɛ mu rehwɛ nifa</annotation>
		<annotation cp="👩🏻‍🦼‍➡">Akwanya | hwiikyɛɛ | moto | onipa | ɔbaa</annotation>
		<annotation cp="👩🏻‍🦼‍➡" type="tts">Ɔbaa te moto hwiikyɛɛ mu rehwɛ nifa</annotation>
		<annotation cp="👩🏼‍🦼‍➡">Akwanya | hwiikyɛɛ | moto | onipa | ɔbaa</annotation>
		<annotation cp="👩🏼‍🦼‍➡" type="tts">Ɔbaa te moto hwiikyɛɛ mu rehwɛ nifa</annotation>
		<annotation cp="👩🏽‍🦼‍➡">Akwanya | hwiikyɛɛ | moto | onipa | ɔbaa</annotation>
		<annotation cp="👩🏽‍🦼‍➡" type="tts">Ɔbaa te moto hwiikyɛɛ mu rehwɛ nifa</annotation>
		<annotation cp="👩🏾‍🦼‍➡">Akwanya | hwiikyɛɛ | moto | onipa | ɔbaa</annotation>
		<annotation cp="👩🏾‍🦼‍➡" type="tts">Ɔbaa te moto hwiikyɛɛ mu rehwɛ nifa</annotation>
		<annotation cp="👩🏿‍🦼‍➡">Akwanya | hwiikyɛɛ | moto | onipa | ɔbaa</annotation>
		<annotation cp="👩🏿‍🦼‍➡" type="tts">Ɔbaa te moto hwiikyɛɛ mu rehwɛ nifa</annotation>
		<annotation cp="🧑‍🦽‍➡">Akwanya | hwiikyɛɛ | manuaa | onipa</annotation>
		<annotation cp="🧑‍🦽‍➡" type="tts">Obi te manuaa hwiikyɛɛ mu rehwɛ nifa</annotation>
		<annotation cp="🧑🏻‍🦽‍➡">Akwanya | hwiikyɛɛ | manuaa | onipa</annotation>
		<annotation cp="🧑🏻‍🦽‍➡" type="tts">Obi te manuaa hwiikyɛɛ mu rehwɛ nifa</annotation>
		<annotation cp="🧑🏼‍🦽‍➡">Akwanya | hwiikyɛɛ | manuaa | onipa</annotation>
		<annotation cp="🧑🏼‍🦽‍➡" type="tts">Obi te manuaa hwiikyɛɛ mu rehwɛ nifa</annotation>
		<annotation cp="🧑🏽‍🦽‍➡">Akwanya | hwiikyɛɛ | manuaa | onipa</annotation>
		<annotation cp="🧑🏽‍🦽‍➡" type="tts">Obi te manuaa hwiikyɛɛ mu rehwɛ nifa</annotation>
		<annotation cp="🧑🏾‍🦽‍➡">Akwanya | hwiikyɛɛ | manuaa | onipa</annotation>
		<annotation cp="🧑🏾‍🦽‍➡" type="tts">Obi te manuaa hwiikyɛɛ mu rehwɛ nifa</annotation>
		<annotation cp="🧑🏿‍🦽‍➡">Akwanya | hwiikyɛɛ | manuaa | onipa</annotation>
		<annotation cp="🧑🏿‍🦽‍➡" type="tts">Obi te manuaa hwiikyɛɛ mu rehwɛ nifa</annotation>
		<annotation cp="👨‍🦽‍➡">Akwanya | barima | hwiikyɛɛ | manuaa | onipa</annotation>
		<annotation cp="👨‍🦽‍➡" type="tts">Barima te manuaa hwiikyɛɛ mu rehwɛ nifa</annotation>
		<annotation cp="👨🏻‍🦽‍➡">Akwanya | barima | hwiikyɛɛ | manuaa | onipa</annotation>
		<annotation cp="👨🏻‍🦽‍➡" type="tts">Barima te manuaa hwiikyɛɛ mu rehwɛ nifa</annotation>
		<annotation cp="👨🏼‍🦽‍➡">Akwanya | barima | hwiikyɛɛ | manuaa | onipa</annotation>
		<annotation cp="👨🏼‍🦽‍➡" type="tts">Barima te manuaa hwiikyɛɛ mu rehwɛ nifa</annotation>
		<annotation cp="👨🏽‍🦽‍➡">Akwanya | barima | hwiikyɛɛ | manuaa | onipa</annotation>
		<annotation cp="👨🏽‍🦽‍➡" type="tts">Barima te manuaa hwiikyɛɛ mu rehwɛ nifa</annotation>
		<annotation cp="👨🏾‍🦽‍➡">Akwanya | barima | hwiikyɛɛ | manuaa | onipa</annotation>
		<annotation cp="👨🏾‍🦽‍➡" type="tts">Barima te manuaa hwiikyɛɛ mu rehwɛ nifa</annotation>
		<annotation cp="👨🏿‍🦽‍➡">Akwanya | barima | hwiikyɛɛ | manuaa | onipa</annotation>
		<annotation cp="👨🏿‍🦽‍➡" type="tts">Barima te manuaa hwiikyɛɛ mu rehwɛ nifa</annotation>
		<annotation cp="👩‍🦽‍➡">Akwanya | hwiikyɛɛ | manuaa | onipa | ɔbaa</annotation>
		<annotation cp="👩‍🦽‍➡" type="tts">Ɔbaa te manuaa hwiikyɛɛ mu rehwɛ nifa</annotation>
		<annotation cp="👩🏻‍🦽‍➡">Akwanya | hwiikyɛɛ | manuaa | onipa | ɔbaa</annotation>
		<annotation cp="👩🏻‍🦽‍➡" type="tts">Ɔbaa te manuaa hwiikyɛɛ mu rehwɛ nifa</annotation>
		<annotation cp="👩🏼‍🦽‍➡">Akwanya | hwiikyɛɛ | manuaa | onipa | ɔbaa</annotation>
		<annotation cp="👩🏼‍🦽‍➡" type="tts">Ɔbaa te manuaa hwiikyɛɛ mu rehwɛ nifa</annotation>
		<annotation cp="👩🏽‍🦽‍➡">Akwanya | hwiikyɛɛ | manuaa | onipa | ɔbaa</annotation>
		<annotation cp="👩🏽‍🦽‍➡" type="tts">Ɔbaa te manuaa hwiikyɛɛ mu rehwɛ nifa</annotation>
		<annotation cp="👩🏾‍🦽‍➡">Akwanya | hwiikyɛɛ | manuaa | onipa | ɔbaa</annotation>
		<annotation cp="👩🏾‍🦽‍➡" type="tts">Ɔbaa te manuaa hwiikyɛɛ mu rehwɛ nifa</annotation>
		<annotation cp="👩🏿‍🦽‍➡">Akwanya | hwiikyɛɛ | manuaa | onipa | ɔbaa</annotation>
		<annotation cp="👩🏿‍🦽‍➡" type="tts">Ɔbaa te manuaa hwiikyɛɛ mu rehwɛ nifa</annotation>
		<annotation cp="🏃‍➡">ka wo ho | kɔ | kɔ mmirika | maratɔn | mmirikatuo | ntɛm | Ntɛm | ntɛm so | onipa | supeede | tu mmirika</annotation>
		<annotation cp="🏃‍➡" type="tts">Obi retu mmirika rehwɛ nifa</annotation>
		<annotation cp="🏃🏻‍➡">ka wo ho | kɔ | kɔ mmirika | maratɔn | mmirikatuo | ntɛm | Ntɛm | ntɛm so | onipa | supeede | tu mmirika</annotation>
		<annotation cp="🏃🏻‍➡" type="tts">Obi retu mmirika rehwɛ nifa</annotation>
		<annotation cp="🏃🏼‍➡">ka wo ho | kɔ | kɔ mmirika | maratɔn | mmirikatuo | ntɛm | Ntɛm | ntɛm so | onipa | supeede | tu mmirika</annotation>
		<annotation cp="🏃🏼‍➡" type="tts">Obi retu mmirika rehwɛ nifa</annotation>
		<annotation cp="🏃🏽‍➡">ka wo ho | kɔ | kɔ mmirika | maratɔn | mmirikatuo | ntɛm | Ntɛm | ntɛm so | onipa | supeede | tu mmirika</annotation>
		<annotation cp="🏃🏽‍➡" type="tts">Obi retu mmirika rehwɛ nifa</annotation>
		<annotation cp="🏃🏾‍➡">ka wo ho | kɔ | kɔ mmirika | maratɔn | mmirikatuo | ntɛm | Ntɛm | ntɛm so | onipa | supeede | tu mmirika</annotation>
		<annotation cp="🏃🏾‍➡" type="tts">Obi retu mmirika rehwɛ nifa</annotation>
		<annotation cp="🏃🏿‍➡">ka wo ho | kɔ | kɔ mmirika | maratɔn | mmirikatuo | ntɛm | Ntɛm | ntɛm so | onipa | supeede | tu mmirika</annotation>
		<annotation cp="🏃🏿‍➡" type="tts">Obi retu mmirika rehwɛ nifa</annotation>
		<annotation cp="🏃‍♀‍➡">ka wo ho | kɔ | kɔ mmirika | maratɔn | mmirikatuo | ntɛm | Ntɛm | ntɛm so | onipa | ɔbaa | supeede | tu mmirika</annotation>
		<annotation cp="🏃‍♀‍➡" type="tts">Ɔbaa retu mmirika rehwɛ nifa</annotation>
		<annotation cp="🏃🏻‍♀‍➡">ka wo ho | kɔ | kɔ mmirika | maratɔn | mmirikatuo | ntɛm | Ntɛm | ntɛm so | onipa | ɔbaa | supeede | tu mmirika</annotation>
		<annotation cp="🏃🏻‍♀‍➡" type="tts">Ɔbaa retu mmirika rehwɛ nifa</annotation>
		<annotation cp="🏃🏼‍♀‍➡">ka wo ho | kɔ | kɔ mmirika | maratɔn | mmirikatuo | ntɛm | Ntɛm | ntɛm so | onipa | ɔbaa | supeede | tu mmirika</annotation>
		<annotation cp="🏃🏼‍♀‍➡" type="tts">Ɔbaa retu mmirika rehwɛ nifa</annotation>
		<annotation cp="🏃🏽‍♀‍➡">ka wo ho | kɔ | kɔ mmirika | maratɔn | mmirikatuo | ntɛm | Ntɛm | ntɛm so | onipa | ɔbaa | supeede | tu mmirika</annotation>
		<annotation cp="🏃🏽‍♀‍➡" type="tts">Ɔbaa retu mmirika rehwɛ nifa</annotation>
		<annotation cp="🏃🏾‍♀‍➡">ka wo ho | kɔ | kɔ mmirika | maratɔn | mmirikatuo | ntɛm | Ntɛm | ntɛm so | onipa | ɔbaa | supeede | tu mmirika</annotation>
		<annotation cp="🏃🏾‍♀‍➡" type="tts">Ɔbaa retu mmirika rehwɛ nifa</annotation>
		<annotation cp="🏃🏿‍♀‍➡">ka wo ho | kɔ | kɔ mmirika | maratɔn | mmirikatuo | ntɛm | Ntɛm | ntɛm so | onipa | ɔbaa | supeede | tu mmirika</annotation>
		<annotation cp="🏃🏿‍♀‍➡" type="tts">Ɔbaa retu mmirika rehwɛ nifa</annotation>
		<annotation cp="🏃‍♂‍➡">barima | ka wo ho | kɔ | kɔ mmirika | maratɔn | mmirikatuo | ntɛm | Ntɛm | ntɛm so | onipa | supeede | tu mmirika</annotation>
		<annotation cp="🏃‍♂‍➡" type="tts">Barima retu mmirika rehwɛ nifa</annotation>
		<annotation cp="🏃🏻‍♂‍➡">barima | ka wo ho | kɔ | kɔ mmirika | maratɔn | mmirikatuo | ntɛm | Ntɛm | ntɛm so | onipa | supeede | tu mmirika</annotation>
		<annotation cp="🏃🏻‍♂‍➡" type="tts">Barima retu mmirika rehwɛ nifa</annotation>
		<annotation cp="🏃🏼‍♂‍➡">barima | ka wo ho | kɔ | kɔ mmirika | maratɔn | mmirikatuo | ntɛm | Ntɛm | ntɛm so | onipa | supeede | tu mmirika</annotation>
		<annotation cp="🏃🏼‍♂‍➡" type="tts">Barima retu mmirika rehwɛ nifa</annotation>
		<annotation cp="🏃🏽‍♂‍➡">barima | ka wo ho | kɔ | kɔ mmirika | maratɔn | mmirikatuo | ntɛm | Ntɛm | ntɛm so | onipa | supeede | tu mmirika</annotation>
		<annotation cp="🏃🏽‍♂‍➡" type="tts">Barima retu mmirika rehwɛ nifa</annotation>
		<annotation cp="🏃🏾‍♂‍➡">barima | ka wo ho | kɔ | kɔ mmirika | maratɔn | mmirikatuo | ntɛm | Ntɛm | ntɛm so | onipa | supeede | tu mmirika</annotation>
		<annotation cp="🏃🏾‍♂‍➡" type="tts">Barima retu mmirika rehwɛ nifa</annotation>
		<annotation cp="🏃🏿‍♂‍➡">barima | ka wo ho | kɔ | kɔ mmirika | maratɔn | mmirikatuo | ntɛm | Ntɛm | ntɛm so | onipa | supeede | tu mmirika</annotation>
		<annotation cp="🏃🏿‍♂‍➡" type="tts">Barima retu mmirika rehwɛ nifa</annotation>
		<annotation cp="👩‍❤‍💋‍👨">Afenhyia | akoma | awarefoɔ | bae | bom | maame | me dɔ | mfeano | mpena | mpenatwe | mwah | onipa | ɔbarima | ɔdɔ | romanse | xoxo</annotation>
		<annotation cp="👩‍❤‍💋‍👨" type="tts">Mfeano: maame ne ɔbarima</annotation>
		<annotation cp="👨‍❤‍💋‍👨">Afenhyia | akoma | awarefoɔ | bae | bom | me dɔ | mfeano | mpena | mpenatwe | mwah | onipa | ɔbarima | ɔdɔ | romanse | xoxo</annotation>
		<annotation cp="👨‍❤‍💋‍👨" type="tts">Mfeano: ɔbarima ne ɔbarima</annotation>
		<annotation cp="👩‍❤‍💋‍👩">Afenhyia | akoma | awarefoɔ | bae | bom | maame | me dɔ | mfeano | mpena | mpenatwe | mwah | onipa | ɔdɔ | romanse | xoxo</annotation>
		<annotation cp="👩‍❤‍💋‍👩" type="tts">Mfeano: maame ne maame</annotation>
		<annotation cp="👩‍❤‍👨">Afenhyia | akoma | awarefoɔ | ayɔnkofa | bae | bom | maame | me dɔ | mfeano | mpenatwe | onipa | ɔbarima | ɔdɔ | romanse | wo</annotation>
		<annotation cp="👩‍❤‍👨" type="tts">Awarefoɔ ne akoma: maame ne ɔbarima</annotation>
		<annotation cp="👨‍❤‍👨">Afenhyia | akoma | awarefoɔ | ayɔnkofa | bae | bom | me dɔ | mfeano | mpenatwe | onipa | ɔbarima | ɔdɔ | romanse | wo</annotation>
		<annotation cp="👨‍❤‍👨" type="tts">Awarefoɔ ne akoma: ɔbarima ne ɔbarima</annotation>
		<annotation cp="👩‍❤‍👩">Afenhyia | akoma | awarefoɔ | ayɔnkofa | bae | bom | maame | me dɔ | mfeano | mpenatwe | onipa | ɔdɔ | romanse | wo</annotation>
		<annotation cp="👩‍❤‍👩" type="tts">Awarefoɔ ne akoma: maame ne maame</annotation>
		<annotation cp="👨‍👩‍👦">abusua | Akwadaa | barima | maame | ɔbarima</annotation>
		<annotation cp="👨‍👩‍👦" type="tts">Abusua: ɔbarima, maame, ne barima</annotation>
		<annotation cp="👨‍👩‍👧">abusua | Akwadaa | maame | ɔbaa | ɔbarima</annotation>
		<annotation cp="👨‍👩‍👧" type="tts">Abusua: ɔbarima, maame, ne ɔbaa</annotation>
		<annotation cp="👨‍👩‍👧‍👦">abusua | Akwadaa | barima | maame | ɔbaa | ɔbarima</annotation>
		<annotation cp="👨‍👩‍👧‍👦" type="tts">Abusua: ɔbarima, maame, ɔbaa, ne barima</annotation>
		<annotation cp="👨‍👩‍👦‍👦">abusua | Akwadaa | barima | maame | ɔbarima</annotation>
		<annotation cp="👨‍👩‍👦‍👦" type="tts">Abusua: ɔbarima, maame, barima, ne barima</annotation>
		<annotation cp="👨‍👩‍👧‍👧">abusua | Akwadaa | maame | ɔbaa | ɔbarima</annotation>
		<annotation cp="👨‍👩‍👧‍👧" type="tts">Abusua: ɔbarima, maame, ɔbaa, ne ɔbaa</annotation>
		<annotation cp="👨‍👨‍👦">abusua | Akwadaa | barima | ɔbarima</annotation>
		<annotation cp="👨‍👨‍👦" type="tts">Abusua: ɔbarima, ɔbarima, ne barima</annotation>
		<annotation cp="👨‍👨‍👧">abusua | Akwadaa | ɔbaa | ɔbarima</annotation>
		<annotation cp="👨‍👨‍👧" type="tts">Abusua: ɔbarima, ɔbarima, ne ɔbaa</annotation>
		<annotation cp="👨‍👨‍👧‍👦">abusua | Akwadaa | barima | ɔbaa | ɔbarima</annotation>
		<annotation cp="👨‍👨‍👧‍👦" type="tts">Abusua: ɔbarima, ɔbarima, ɔbaa, ne barima</annotation>
		<annotation cp="👨‍👨‍👦‍👦">abusua | Akwadaa | barima | ɔbarima</annotation>
		<annotation cp="👨‍👨‍👦‍👦" type="tts">Abusua: ɔbarima, ɔbarima, barima, ne barima</annotation>
		<annotation cp="👨‍👨‍👧‍👧">abusua | Akwadaa | ɔbaa | ɔbarima</annotation>
		<annotation cp="👨‍👨‍👧‍👧" type="tts">Abusua: ɔbarima, ɔbarima, ɔbaa, ne ɔbaa</annotation>
		<annotation cp="👩‍👩‍👦">abusua | Akwadaa | barima | maame</annotation>
		<annotation cp="👩‍👩‍👦" type="tts">Abusua: maame, maame, ne barima</annotation>
		<annotation cp="👩‍👩‍👧">abusua | Akwadaa | maame | ɔbaa</annotation>
		<annotation cp="👩‍👩‍👧" type="tts">Abusua: maame, maame, ne ɔbaa</annotation>
		<annotation cp="👩‍👩‍👧‍👦">abusua | Akwadaa | barima | maame | ɔbaa</annotation>
		<annotation cp="👩‍👩‍👧‍👦" type="tts">Abusua: maame, maame, ɔbaa, ne barima</annotation>
		<annotation cp="👩‍👩‍👦‍👦">abusua | Akwadaa | barima | maame</annotation>
		<annotation cp="👩‍👩‍👦‍👦" type="tts">Abusua: maame, maame, barima, ne barima</annotation>
		<annotation cp="👩‍👩‍👧‍👧">abusua | Akwadaa | maame | ɔbaa</annotation>
		<annotation cp="👩‍👩‍👧‍👧" type="tts">Abusua: maame, maame, ɔbaa, ne ɔbaa</annotation>
		<annotation cp="👨‍👦">abusua | Akwadaa | barima | ɔbarima</annotation>
		<annotation cp="👨‍👦" type="tts">Abusua: ɔbarima ne barima</annotation>
		<annotation cp="👨‍👦‍👦">abusua | Akwadaa | barima | ɔbarima</annotation>
		<annotation cp="👨‍👦‍👦" type="tts">Abusua: ɔbarima, barima, ne barima</annotation>
		<annotation cp="👨‍👧">abusua | Akwadaa | ɔbaa | ɔbarima</annotation>
		<annotation cp="👨‍👧" type="tts">Abusua: ɔbarima ne ɔbaa</annotation>
		<annotation cp="👨‍👧‍👦">abusua | Akwadaa | barima | ɔbaa | ɔbarima</annotation>
		<annotation cp="👨‍👧‍👦" type="tts">Abusua: ɔbarima, ɔbaa, ne barima</annotation>
		<annotation cp="👨‍👧‍👧">abusua | Akwadaa | ɔbaa | ɔbarima</annotation>
		<annotation cp="👨‍👧‍👧" type="tts">Abusua: ɔbarima, ɔbaa, ne ɔbaa</annotation>
		<annotation cp="👩‍👦">abusua | Akwadaa | barima | maame</annotation>
		<annotation cp="👩‍👦" type="tts">Abusua: maame ne barima</annotation>
		<annotation cp="👩‍👦‍👦">abusua | Akwadaa | barima | maame</annotation>
		<annotation cp="👩‍👦‍👦" type="tts">Abusua: maame, barima, ne barima</annotation>
		<annotation cp="👩‍👧">abusua | Akwadaa | maame | ɔbaa</annotation>
		<annotation cp="👩‍👧" type="tts">Abusua: maame ne ɔbaa</annotation>
		<annotation cp="👩‍👧‍👦">abusua | Akwadaa | barima | maame | ɔbaa</annotation>
		<annotation cp="👩‍👧‍👦" type="tts">Abusua: maame, ɔbaa, ne barima</annotation>
		<annotation cp="👩‍👧‍👧">abusua | Akwadaa | maame | ɔbaa</annotation>
		<annotation cp="👩‍👧‍👧" type="tts">Abusua: maame, ɔbaa, ne ɔbaa</annotation>
		<annotation cp="#⃣">kiikape</annotation>
		<annotation cp="#⃣" type="tts">kiikape: #</annotation>
		<annotation cp="*⃣">kiikape</annotation>
		<annotation cp="*⃣" type="tts">kiikape: *</annotation>
		<annotation cp="🔟">kiikape</annotation>
		<annotation cp="🔟" type="tts">kiikape: 10</annotation>
		<annotation cp="¤" type="tts">sika a yɛnnim</annotation>
		<annotation cp="֏" type="tts">Amɛnia dram</annotation>
		<annotation cp="؋" type="tts">Afghanfoɔ Afghani</annotation>
		<annotation cp="৳" type="tts">Bangladehye taka</annotation>
		<annotation cp="฿" type="tts">Tai bat</annotation>
		<annotation cp="៛" type="tts">Kambodia riel</annotation>
		<annotation cp="₡" type="tts">Kɔsta Rika kɔlɔn</annotation>
		<annotation cp="₦" type="tts">Naegyeria Naira</annotation>
		<annotation cp="₪" type="tts">Israel hyekel foforɔ</annotation>
		<annotation cp="₫" type="tts">Viɛtnamfoɔ dɔn</annotation>
		<annotation cp="₭" type="tts">Laohyia kip</annotation>
		<annotation cp="₮" type="tts">Mongoliafoɔ tugrike</annotation>
		<annotation cp="₲" type="tts">Paragayana guarani</annotation>
		<annotation cp="₴" type="tts">Yukren hryvnia</annotation>
		<annotation cp="₵" type="tts">Ghana Sidi</annotation>
		<annotation cp="₸" type="tts">Kagyastan tenge</annotation>
		<annotation cp="₺" type="tts">Tɛki lira</annotation>
		<annotation cp="₼" type="tts">Azɛbagyan manat</annotation>
		<annotation cp="₾" type="tts">Gyɔɔgyia lari</annotation>
		<annotation cp="0⃣">kiikape</annotation>
		<annotation cp="0⃣" type="tts">kiikape: 0</annotation>
		<annotation cp="1⃣">kiikape</annotation>
		<annotation cp="1⃣" type="tts">kiikape: 1</annotation>
		<annotation cp="2⃣">kiikape</annotation>
		<annotation cp="2⃣" type="tts">kiikape: 2</annotation>
		<annotation cp="3⃣">kiikape</annotation>
		<annotation cp="3⃣" type="tts">kiikape: 3</annotation>
		<annotation cp="4⃣">kiikape</annotation>
		<annotation cp="4⃣" type="tts">kiikape: 4</annotation>
		<annotation cp="5⃣">kiikape</annotation>
		<annotation cp="5⃣" type="tts">kiikape: 5</annotation>
		<annotation cp="6⃣">kiikape</annotation>
		<annotation cp="6⃣" type="tts">kiikape: 6</annotation>
		<annotation cp="7⃣">kiikape</annotation>
		<annotation cp="7⃣" type="tts">kiikape: 7</annotation>
		<annotation cp="8⃣">kiikape</annotation>
		<annotation cp="8⃣" type="tts">kiikape: 8</annotation>
		<annotation cp="9⃣">kiikape</annotation>
		<annotation cp="9⃣" type="tts">kiikape: 9</annotation>
	</annotations>
</ldml>
